Matchup,Game #,Winning Seat (0-3),Winning AI Type,Winning Score,Total Turns,Avg. Decision Time (ms),Max Single-Move Decision Time (ms),Absorption/Evolution Count,Timed Out
Rule-Based vs 1SGS,1,2,rule,10,39,0.047,0.400,8,No
Rule-Based vs 1SGS,2,,,0,800,0.008,0.100,8,Yes
Rule-Based vs 1SGS,3,,,0,800,0.006,0.100,8,Yes
Rule-Based vs 1SGS,4,,,0,800,0.006,0.100,7,Yes
Rule-Based vs 1SGS,5,3,rule,15,28,0.021,0.100,5,No
Rule-Based vs 1SGS,6,,,0,800,0.009,0.100,7,Yes
Rule-Based vs 1SGS,7,0,oneSGS,10,37,0.020,0.200,8,No
Rule-Based vs 1SGS,8,2,oneSGS,10,23,0.014,0.100,8,No
Rule-Based vs 1SGS,9,,,0,800,0.008,0.100,8,Yes
Rule-Based vs 1SGS,10,2,rule,10,31,0.012,0.100,9,No
Rule-Based vs 1SGS,11,,,0,800,0.007,0.100,8,Yes
Rule-Based vs 1SGS,12,3,rule,10,32,0.018,0.100,8,No
Rule-Based vs 1SGS,13,,,0,800,0.006,0.100,7,Yes
Rule-Based vs 1SGS,14,1,oneSGS,10,14,0.012,0.100,7,No
Rule-Based vs 1SGS,15,3,rule,10,48,0.009,0.200,9,No
Rule-Based vs 1SGS,16,1,oneSGS,15,26,0.007,0.100,8,No
Rule-Based vs 1SGS,17,2,oneSGS,10,31,0.011,0.100,6,No
Rule-Based vs 1SGS,18,1,rule,15,14,0.000,0.000,8,No
Rule-Based vs 1SGS,19,,,0,800,0.003,0.100,8,Yes
Rule-Based vs 1SGS,20,2,rule,10,15,0.006,0.100,7,No
Rule-Based vs 1SGS,21,,,0,800,0.010,0.200,7,Yes
Rule-Based vs 1SGS,22,1,oneSGS,10,18,0.011,0.100,6,No
Rule-Based vs 1SGS,23,1,oneSGS,15,22,0.008,0.100,8,No
Rule-Based vs 1SGS,24,3,rule,15,32,0.020,0.100,8,No
Rule-Based vs 1SGS,25,1,oneSGS,10,46,0.004,0.100,8,No
Rule-Based vs 1SGS,26,1,oneSGS,10,14,0.047,0.400,6,No
Rule-Based vs 1SGS,27,,,0,800,0.012,0.200,7,Yes
Rule-Based vs 1SGS,28,1,rule,10,14,0.019,0.200,7,No
Rule-Based vs 1SGS,29,,,0,800,0.008,0.100,8,Yes
Rule-Based vs 1SGS,30,0,rule,10,33,0.003,0.100,8,No
Rule-Based vs 1SGS,31,1,rule,10,14,0.013,0.100,4,No
Rule-Based vs 1SGS,32,0,oneSGS,10,17,0.010,0.100,6,No
Rule-Based vs 1SGS,33,,,0,800,0.008,0.100,8,Yes
Rule-Based vs 1SGS,34,3,oneSGS,10,48,0.002,0.100,9,No
Rule-Based vs 1SGS,35,0,oneSGS,15,13,0.008,0.100,5,No
Rule-Based vs 1SGS,36,,,0,800,0.003,0.100,8,Yes
Rule-Based vs 1SGS,37,0,rule,10,37,0.005,0.100,8,No
Rule-Based vs 1SGS,38,0,oneSGS,10,41,0.004,0.100,8,No
Rule-Based vs 1SGS,39,0,oneSGS,10,21,0.012,0.100,8,No
Rule-Based vs 1SGS,40,,,0,800,0.006,0.100,7,Yes
Rule-Based vs 1SGS,41,,,0,800,0.008,0.100,8,Yes
Rule-Based vs 1SGS,42,,,0,800,0.006,0.100,8,Yes
Rule-Based vs 1SGS,43,1,rule,10,38,0.011,0.100,9,No
Rule-Based vs 1SGS,44,3,rule,10,48,0.006,0.100,9,No
Rule-Based vs 1SGS,45,3,rule,10,28,0.009,0.100,8,No
Rule-Based vs 1SGS,46,3,oneSGS,15,16,0.011,0.100,6,No
Rule-Based vs 1SGS,47,2,oneSGS,15,39,0.005,0.100,9,No
Rule-Based vs 1SGS,48,2,oneSGS,10,35,0.008,0.100,8,No
Rule-Based vs 1SGS,49,1,rule,15,30,0.003,0.100,9,No
Rule-Based vs 1SGS,50,,,0,800,0.005,0.100,8,Yes
Rule-Based vs 1SGS,51,3,oneSGS,10,12,0.029,0.100,7,No
Rule-Based vs 1SGS,52,0,rule,10,41,0.004,0.100,9,No
Rule-Based vs 1SGS,53,3,rule,10,12,0.000,0.000,4,No
Rule-Based vs 1SGS,54,1,rule,10,46,0.008,0.100,8,No
Rule-Based vs 1SGS,55,2,oneSGS,10,35,0.005,0.100,8,No
Rule-Based vs 1SGS,56,2,oneSGS,10,35,0.010,0.100,7,No
Rule-Based vs 1SGS,57,3,rule,10,16,0.011,0.100,6,No
Rule-Based vs 1SGS,58,,,0,800,0.006,0.100,8,Yes
Rule-Based vs 1SGS,59,,,0,800,0.007,0.100,7,Yes
Rule-Based vs 1SGS,60,2,oneSGS,10,39,0.005,0.100,9,No
Rule-Based vs 1SGS,61,,,0,800,0.006,0.100,8,Yes
Rule-Based vs 1SGS,62,,,0,800,0.005,0.100,8,Yes
Rule-Based vs 1SGS,63,2,rule,10,31,0.009,0.100,9,No
Rule-Based vs 1SGS,64,3,oneSGS,10,32,0.003,0.100,8,No
Rule-Based vs 1SGS,65,,,0,800,0.003,0.100,8,Yes
Rule-Based vs 1SGS,66,3,rule,10,48,0.004,0.100,9,No
Rule-Based vs 1SGS,67,,,0,800,0.005,0.100,8,Yes
Rule-Based vs 1SGS,68,,,0,800,0.006,0.100,8,Yes
Rule-Based vs 1SGS,69,0,rule,15,21,0.004,0.100,5,No
Rule-Based vs 1SGS,70,,,0,800,0.002,0.100,8,Yes
Rule-Based vs 1SGS,71,,,0,800,0.005,0.100,8,Yes
Rule-Based vs 1SGS,72,,,0,800,0.006,0.100,8,Yes
Rule-Based vs 1SGS,73,1,oneSGS,10,18,0.009,0.100,7,No
Rule-Based vs 1SGS,74,,,0,800,0.001,0.100,8,Yes
Rule-Based vs 1SGS,75,1,oneSGS,15,30,0.006,0.100,7,No
Rule-Based vs 1SGS,76,,,0,800,0.008,0.100,8,Yes
Rule-Based vs 1SGS,77,3,oneSGS,10,12,0.000,0.000,4,No
Rule-Based vs 1SGS,78,0,rule,10,37,0.002,0.100,9,No
Rule-Based vs 1SGS,79,2,oneSGS,15,43,0.005,0.100,8,No
Rule-Based vs 1SGS,80,3,rule,10,40,0.004,0.100,9,No
Rule-Based vs 1SGS,81,0,rule,15,45,0.004,0.100,7,No
Rule-Based vs 1SGS,82,,,0,800,0.006,0.100,6,Yes
Rule-Based vs 1SGS,83,1,oneSGS,15,26,0.015,0.100,6,No
Rule-Based vs 1SGS,84,2,rule,10,19,0.005,0.100,6,No
Rule-Based vs 1SGS,85,,,0,800,0.003,0.100,8,Yes
Rule-Based vs 1SGS,86,2,rule,15,11,0.025,0.100,4,No
Rule-Based vs 1SGS,87,,,0,800,0.009,0.200,6,Yes
Rule-Based vs 1SGS,88,,,0,800,0.007,0.100,7,Yes
Rule-Based vs 1SGS,89,3,oneSGS,10,44,0.008,0.100,8,No
Rule-Based vs 1SGS,90,,,0,800,0.003,0.100,8,Yes
Rule-Based vs 1SGS,91,0,oneSGS,10,21,0.012,0.100,8,No
Rule-Based vs 1SGS,92,,,0,800,0.000,0.000,8,Yes
Rule-Based vs 1SGS,93,2,oneSGS,10,43,0.008,0.100,8,No
Rule-Based vs 1SGS,94,,,0,800,0.008,0.100,7,Yes
Rule-Based vs 1SGS,95,0,rule,15,9,0.020,0.100,4,No
Rule-Based vs 1SGS,96,3,oneSGS,15,32,0.003,0.100,9,No
Rule-Based vs 1SGS,97,3,rule,10,44,0.002,0.100,8,No
Rule-Based vs 1SGS,98,,,0,800,0.004,0.100,6,Yes
Rule-Based vs 1SGS,99,1,rule,15,38,0.011,0.100,9,No
Rule-Based vs 1SGS,100,0,oneSGS,10,33,0.005,0.100,9,No
Rule-Based vs 1SGS,101,1,oneSGS,10,42,0.009,0.100,8,No
Rule-Based vs 1SGS,102,,,0,800,0.004,0.100,7,Yes
Rule-Based vs 1SGS,103,2,rule,10,27,0.007,0.100,8,No
Rule-Based vs 1SGS,104,2,oneSGS,10,15,0.010,0.100,7,No
Rule-Based vs 1SGS,105,3,rule,10,20,0.005,0.100,6,No
Rule-Based vs 1SGS,106,,,0,800,0.008,0.100,8,Yes
Rule-Based vs 1SGS,107,2,rule,15,39,0.011,0.100,8,No
Rule-Based vs 1SGS,108,0,oneSGS,10,17,0.010,0.100,7,No
Rule-Based vs 1SGS,109,2,oneSGS,10,31,0.006,0.100,7,No
Rule-Based vs 1SGS,110,0,oneSGS,10,41,0.009,0.100,7,No
Rule-Based vs 1SGS,111,3,rule,10,40,0.011,0.100,9,No
Rule-Based vs 1SGS,112,0,rule,15,21,0.009,0.100,6,No
Rule-Based vs 1SGS,113,0,oneSGS,15,33,0.011,0.100,8,No
Rule-Based vs 1SGS,114,,,0,800,0.005,0.100,8,Yes
Rule-Based vs 1SGS,115,0,oneSGS,10,37,0.008,0.100,9,No
Rule-Based vs 1SGS,116,1,oneSGS,10,26,0.003,0.100,5,No
Rule-Based vs 1SGS,117,,,0,800,0.008,0.100,8,Yes
Rule-Based vs 1SGS,118,1,oneSGS,15,26,0.007,0.100,7,No
Rule-Based vs 1SGS,119,,,0,800,0.008,0.100,8,Yes
Rule-Based vs 1SGS,120,3,rule,10,28,0.006,0.100,9,No
Rule-Based vs 1SGS,121,3,rule,10,48,0.005,0.100,9,No
Rule-Based vs 1SGS,122,,,0,800,0.006,0.100,7,Yes
Rule-Based vs 1SGS,123,0,rule,10,17,0.000,0.000,8,No
Rule-Based vs 1SGS,124,,,0,800,0.003,0.100,8,Yes
Rule-Based vs 1SGS,125,2,rule,10,39,0.005,0.100,8,No
Rule-Based vs 1SGS,126,0,rule,10,41,0.009,0.100,8,No
Rule-Based vs 1SGS,127,,,0,800,0.005,0.100,8,Yes
Rule-Based vs 1SGS,128,0,rule,10,29,0.007,0.100,5,No
Rule-Based vs 1SGS,129,,,0,800,0.006,0.100,8,Yes
Rule-Based vs 1SGS,130,2,rule,10,27,0.003,0.100,8,No
Rule-Based vs 1SGS,131,1,oneSGS,15,46,0.006,0.100,9,No
Rule-Based vs 1SGS,132,,,0,800,0.006,0.100,8,Yes
Rule-Based vs 1SGS,133,,,0,800,0.002,0.100,7,Yes
Rule-Based vs 1SGS,134,2,rule,10,15,0.000,0.000,6,No
Rule-Based vs 1SGS,135,,,0,800,0.006,0.100,8,Yes
Rule-Based vs 1SGS,136,1,oneSGS,15,42,0.016,0.100,8,No
Rule-Based vs 1SGS,137,,,0,800,0.009,0.200,6,Yes
Rule-Based vs 1SGS,138,0,rule,10,17,0.009,0.100,6,No
Rule-Based vs 1SGS,139,3,oneSGS,10,28,0.006,0.100,8,No
Rule-Based vs 1SGS,140,,,0,800,0.006,0.100,7,Yes
Rule-Based vs 1SGS,141,,,0,800,0.005,0.100,8,Yes
Rule-Based vs 1SGS,142,0,oneSGS,10,45,0.004,0.100,9,No
Rule-Based vs 1SGS,143,,,0,800,0.007,0.100,6,Yes
Rule-Based vs 1SGS,144,0,rule,15,21,0.004,0.100,8,No
Rule-Based vs 1SGS,145,,,0,800,0.006,0.100,8,Yes
Rule-Based vs 1SGS,146,0,rule,15,9,0.009,0.100,7,No
Rule-Based vs 1SGS,147,,,0,800,0.006,0.100,8,Yes
Rule-Based vs 1SGS,148,,,0,800,0.006,0.100,7,Yes
Rule-Based vs 1SGS,149,3,oneSGS,10,36,0.005,0.100,8,No
Rule-Based vs 1SGS,150,0,rule,15,45,0.007,0.100,9,No
Rule-Based vs 1SGS,151,3,rule,10,24,0.003,0.100,9,No
Rule-Based vs 1SGS,152,,,0,800,0.002,0.100,8,Yes
Rule-Based vs 1SGS,153,0,rule,10,37,0.005,0.100,9,No
Rule-Based vs 1SGS,154,0,rule,10,21,0.004,0.100,7,No
Rule-Based vs 1SGS,155,3,rule,10,12,0.007,0.100,5,No
Rule-Based vs 1SGS,156,3,rule,10,12,0.021,0.100,6,No
Rule-Based vs 1SGS,157,2,oneSGS,10,39,0.007,0.100,7,No
Rule-Based vs 1SGS,158,3,rule,10,20,0.009,0.100,5,No
Rule-Based vs 1SGS,159,,,0,800,0.004,0.100,8,Yes
Rule-Based vs 1SGS,160,,,0,800,0.005,0.100,8,Yes
Rule-Based vs 1SGS,161,,,0,800,0.011,0.100,6,Yes
Rule-Based vs 1SGS,162,3,rule,10,48,0.006,0.100,9,No
Rule-Based vs 1SGS,163,0,rule,10,33,0.006,0.100,9,No
Rule-Based vs 1SGS,164,1,rule,10,22,0.008,0.100,9,No
Rule-Based vs 1SGS,165,,,0,800,0.003,0.100,8,Yes
Rule-Based vs 1SGS,166,,,0,800,0.006,0.200,8,Yes
Rule-Based vs 1SGS,167,2,rule,10,23,0.008,0.100,9,No
Rule-Based vs 1SGS,168,,,0,800,0.006,0.200,8,Yes
Rule-Based vs 1SGS,169,,,0,800,0.006,0.100,8,Yes
Rule-Based vs 1SGS,170,,,0,800,0.010,0.100,7,Yes
Rule-Based vs 1SGS,171,0,rule,15,21,0.004,0.100,8,No
Rule-Based vs 1SGS,172,,,0,800,0.008,0.100,8,Yes
Rule-Based vs 1SGS,173,,,0,800,0.004,0.100,7,Yes
Rule-Based vs 1SGS,174,,,0,800,0.003,0.100,8,Yes
Rule-Based vs 1SGS,175,,,0,800,0.003,0.100,7,Yes
Rule-Based vs 1SGS,176,3,rule,10,20,0.010,0.100,6,No
Rule-Based vs 1SGS,177,2,oneSGS,10,15,0.019,0.100,6,No
Rule-Based vs 1SGS,178,2,oneSGS,10,47,0.006,0.100,8,No
Rule-Based vs 1SGS,179,0,oneSGS,15,41,0.004,0.100,8,No
Rule-Based vs 1SGS,180,1,oneSGS,15,30,0.006,0.100,9,No
Rule-Based vs 1SGS,181,1,rule,10,30,0.009,0.100,8,No
Rule-Based vs 1SGS,182,1,oneSGS,15,10,0.000,0.000,6,No
Rule-Based vs 1SGS,183,1,oneSGS,15,30,0.006,0.100,8,No
Rule-Based vs 1SGS,184,,,0,800,0.003,0.100,8,Yes
Rule-Based vs 1SGS,185,1,rule,15,26,0.014,0.100,8,No
Rule-Based vs 1SGS,186,1,rule,15,30,0.003,0.100,8,No
Rule-Based vs 1SGS,187,,,0,800,0.010,0.100,6,Yes
Rule-Based vs 1SGS,188,0,oneSGS,10,45,0.008,0.100,9,No
Rule-Based vs 1SGS,189,0,oneSGS,15,29,0.006,0.100,8,No
Rule-Based vs 1SGS,190,3,oneSGS,10,48,0.008,0.100,8,No
Rule-Based vs 1SGS,191,2,oneSGS,10,43,0.006,0.100,8,No
Rule-Based vs 1SGS,192,0,oneSGS,10,41,0.007,0.100,8,No
Rule-Based vs 1SGS,193,2,oneSGS,10,35,0.012,0.100,8,No
Rule-Based vs 1SGS,194,0,oneSGS,10,33,0.005,0.200,9,No
Rule-Based vs 1SGS,195,3,rule,10,48,0.004,0.100,9,No
Rule-Based vs 1SGS,196,3,oneSGS,10,28,0.007,0.100,9,No
Rule-Based vs 1SGS,197,0,rule,15,37,0.003,0.100,8,No
Rule-Based vs 1SGS,198,,,0,800,0.003,0.100,8,Yes
Rule-Based vs 1SGS,199,,,0,800,0.006,0.100,6,Yes
Rule-Based vs 1SGS,200,2,rule,15,47,0.004,0.100,8,No
Rule-Based vs 1SGS,201,1,rule,15,26,0.007,0.100,9,No
Rule-Based vs 1SGS,202,0,oneSGS,15,29,0.006,0.100,6,No
Rule-Based vs 1SGS,203,,,0,800,0.005,0.100,8,Yes
Rule-Based vs 1SGS,204,2,oneSGS,15,47,0.004,0.100,8,No
Rule-Based vs 1SGS,205,,,0,800,0.006,0.100,8,Yes
Rule-Based vs 1SGS,206,0,rule,10,33,0.013,0.100,7,No
Rule-Based vs 1SGS,207,0,rule,10,33,0.003,0.100,9,No
Rule-Based vs 1SGS,208,,,0,800,0.006,0.100,7,Yes
Rule-Based vs 1SGS,209,3,oneSGS,10,48,0.006,0.100,8,No
Rule-Based vs 1SGS,210,0,oneSGS,10,29,0.009,0.100,9,No
Rule-Based vs 1SGS,211,3,oneSGS,10,44,0.004,0.100,9,No
Rule-Based vs 1SGS,212,1,rule,15,46,0.008,0.100,9,No
Rule-Based vs 1SGS,213,,,0,800,0.003,0.100,8,Yes
Rule-Based vs 1SGS,214,1,rule,10,22,0.011,0.100,8,No
Rule-Based vs 1SGS,215,1,rule,10,22,0.008,0.100,8,No
Rule-Based vs 1SGS,216,,,0,800,0.003,0.100,8,Yes
Rule-Based vs 1SGS,217,,,0,800,0.006,0.100,8,Yes
Rule-Based vs 1SGS,218,3,rule,10,28,0.007,0.100,7,No
Rule-Based vs 1SGS,219,3,rule,10,48,0.004,0.100,9,No
Rule-Based vs 1SGS,220,,,0,800,0.004,0.100,7,Yes
Rule-Based vs 1SGS,221,0,rule,15,13,0.013,0.100,6,No
Rule-Based vs 1SGS,222,1,oneSGS,10,30,0.003,0.100,8,No
Rule-Based vs 1SGS,223,3,rule,10,16,0.006,0.100,6,No
Rule-Based vs 1SGS,224,0,oneSGS,10,45,0.004,0.100,9,No
Rule-Based vs 1SGS,225,,,0,800,0.003,0.100,7,Yes
Rule-Based vs 1SGS,226,2,oneSGS,10,31,0.003,0.100,8,No
Rule-Based vs 1SGS,227,,,0,800,0.006,0.100,8,Yes
Rule-Based vs 1SGS,228,2,oneSGS,10,47,0.004,0.100,7,No
Rule-Based vs 1SGS,229,,,0,800,0.006,0.100,8,Yes
Rule-Based vs 1SGS,230,0,oneSGS,10,17,0.011,0.100,7,No
Rule-Based vs 1SGS,231,,,0,800,0.006,0.100,8,Yes
Rule-Based vs 1SGS,232,2,rule,10,7,0.022,0.100,6,No
Rule-Based vs 1SGS,233,2,rule,10,47,0.002,0.100,9,No
Rule-Based vs 1SGS,234,3,oneSGS,10,32,0.006,0.100,8,No
Rule-Based vs 1SGS,235,2,oneSGS,10,11,0.015,0.100,7,No
Rule-Based vs 1SGS,236,3,oneSGS,15,44,0.007,0.100,8,No
Rule-Based vs 1SGS,237,,,0,800,0.006,0.100,8,Yes
Rule-Based vs 1SGS,238,0,rule,15,25,0.008,0.100,7,No
Rule-Based vs 1SGS,239,2,oneSGS,15,39,0.005,0.100,9,No
Rule-Based vs 1SGS,240,1,oneSGS,10,22,0.012,0.100,9,No
Rule-Based vs 1SGS,241,1,rule,10,38,0.012,0.200,8,No
Rule-Based vs 1SGS,242,1,rule,10,26,0.000,0.000,8,No
Rule-Based vs 1SGS,243,2,oneSGS,15,23,0.004,0.100,7,No
Rule-Based vs 1SGS,244,,,0,800,0.005,0.100,8,Yes
Rule-Based vs 1SGS,245,2,oneSGS,10,31,0.010,0.100,9,No
Rule-Based vs 1SGS,246,0,rule,15,37,0.007,0.100,7,No
Rule-Based vs 1SGS,247,3,rule,15,36,0.008,0.100,7,No
Rule-Based vs 1SGS,248,2,oneSGS,15,35,0.003,0.100,9,No
Rule-Based vs 1SGS,249,1,oneSGS,10,46,0.006,0.100,8,No
Rule-Based vs 1SGS,250,,,0,800,0.005,0.100,8,Yes
Rule-Based vs 1SGS,251,,,0,800,0.005,0.100,8,Yes
Rule-Based vs 1SGS,252,0,rule,10,45,0.008,0.100,8,No
Rule-Based vs 1SGS,253,,,0,800,0.002,0.100,8,Yes
Rule-Based vs 1SGS,254,0,rule,15,25,0.008,0.100,6,No
Rule-Based vs 1SGS,255,0,oneSGS,10,29,0.006,0.100,7,No
Rule-Based vs 1SGS,256,1,rule,10,42,0.009,0.100,8,No
Rule-Based vs 1SGS,257,,,0,800,0.003,0.100,8,Yes
Rule-Based vs 1SGS,258,,,0,800,0.008,0.100,6,Yes
Rule-Based vs 1SGS,259,1,oneSGS,10,46,0.004,0.100,9,No
Rule-Based vs 1SGS,260,1,oneSGS,10,38,0.004,0.100,8,No
Rule-Based vs 1SGS,261,,,0,800,0.006,0.100,8,Yes
Rule-Based vs 1SGS,262,,,0,800,0.002,0.100,8,Yes
Rule-Based vs 1SGS,263,1,oneSGS,10,30,0.010,0.100,6,No
Rule-Based vs 1SGS,264,,,0,800,0.005,0.100,8,Yes
Rule-Based vs 1SGS,265,0,rule,10,45,0.006,0.100,8,No
Rule-Based vs 1SGS,266,,,0,800,0.017,0.100,8,Yes
Rule-Based vs 1SGS,267,2,rule,10,31,0.015,0.100,6,No
Rule-Based vs 1SGS,268,2,oneSGS,10,35,0.003,0.100,8,No
Rule-Based vs 1SGS,269,,,0,800,0.011,0.200,6,Yes
Rule-Based vs 1SGS,270,3,oneSGS,10,28,0.010,0.100,7,No
Rule-Based vs 1SGS,271,,,0,800,0.004,0.100,7,Yes
Rule-Based vs 1SGS,272,0,rule,10,37,0.005,0.100,8,No
Rule-Based vs 1SGS,273,,,0,800,0.006,0.100,8,Yes
Rule-Based vs 1SGS,274,2,rule,10,27,0.013,0.100,8,No
Rule-Based vs 1SGS,275,,,0,800,0.006,0.100,8,Yes
Rule-Based vs 1SGS,276,,,0,800,0.006,0.100,8,Yes
Rule-Based vs 1SGS,277,2,rule,15,27,0.003,0.100,8,No
Rule-Based vs 1SGS,278,0,rule,10,33,0.003,0.100,9,No
Rule-Based vs 1SGS,279,0,rule,10,29,0.013,0.200,7,No
Rule-Based vs 1SGS,280,1,oneSGS,15,38,0.003,0.100,9,No
Rule-Based vs 1SGS,281,2,rule,10,47,0.007,0.100,9,No
Rule-Based vs 1SGS,282,1,oneSGS,10,42,0.008,0.100,9,No
Rule-Based vs 1SGS,283,,,0,800,0.003,0.100,8,Yes
Rule-Based vs 1SGS,284,,,0,800,0.005,0.100,7,Yes
Rule-Based vs 1SGS,285,,,0,800,0.008,0.100,7,Yes
Rule-Based vs 1SGS,286,,,0,800,0.004,0.100,8,Yes
Rule-Based vs 1SGS,287,,,0,800,0.003,0.100,7,Yes
Rule-Based vs 1SGS,288,0,oneSGS,10,21,0.009,0.100,7,No
Rule-Based vs 1SGS,289,,,0,800,0.005,0.100,7,Yes
Rule-Based vs 1SGS,290,,,0,800,0.005,0.200,8,Yes
Rule-Based vs 1SGS,291,1,rule,10,30,0.006,0.100,9,No
Rule-Based vs 1SGS,292,2,rule,10,31,0.011,0.100,7,No
Rule-Based vs 1SGS,293,3,rule,10,28,0.007,0.100,7,No
Rule-Based vs 1SGS,294,2,oneSGS,15,15,0.012,0.100,6,No
Rule-Based vs 1SGS,295,1,rule,10,26,0.006,0.100,8,No
Rule-Based vs 1SGS,296,2,oneSGS,10,31,0.016,0.100,7,No
Rule-Based vs 1SGS,297,1,rule,10,34,0.008,0.100,7,No
Rule-Based vs 1SGS,298,3,oneSGS,10,16,0.010,0.100,7,No
Rule-Based vs 1SGS,299,0,rule,10,25,0.004,0.100,7,No
Rule-Based vs 1SGS,300,1,oneSGS,10,18,0.016,0.100,5,No
Rule-Based vs 1SGS,301,1,oneSGS,10,26,0.009,0.100,9,No
Rule-Based vs 1SGS,302,,,0,800,0.006,0.100,7,Yes
Rule-Based vs 1SGS,303,0,oneSGS,10,37,0.005,0.100,8,No
Rule-Based vs 1SGS,304,2,rule,10,35,0.010,0.100,8,No
Rule-Based vs 1SGS,305,2,rule,10,15,0.012,0.100,6,No
Rule-Based vs 1SGS,306,0,oneSGS,15,29,0.003,0.100,8,No
Rule-Based vs 1SGS,307,2,oneSGS,15,15,0.006,0.100,7,No
Rule-Based vs 1SGS,308,2,oneSGS,10,19,0.004,0.100,8,No
Rule-Based vs 1SGS,309,1,rule,10,42,0.004,0.100,8,No
Rule-Based vs 1SGS,310,,,0,800,0.005,0.100,8,Yes
Rule-Based vs 1SGS,311,3,oneSGS,10,48,0.006,0.100,9,No
Rule-Based vs 1SGS,312,,,0,800,0.008,0.100,5,Yes
Rule-Based vs 1SGS,313,,,0,800,0.005,0.100,8,Yes
Rule-Based vs 1SGS,314,,,0,800,0.003,0.100,7,Yes
Rule-Based vs 1SGS,315,3,oneSGS,15,24,0.008,0.100,8,No
Rule-Based vs 1SGS,316,,,0,800,0.002,0.100,8,Yes
Rule-Based vs 1SGS,317,,,0,800,0.005,0.100,8,Yes
Rule-Based vs 1SGS,318,3,rule,10,32,0.009,0.100,7,No
Rule-Based vs 1SGS,319,3,oneSGS,10,44,0.004,0.100,8,No
Rule-Based vs 1SGS,320,2,oneSGS,10,39,0.009,0.100,9,No
Rule-Based vs 1SGS,321,0,rule,15,29,0.015,0.100,8,No
Rule-Based vs 1SGS,322,1,oneSGS,10,42,0.007,0.100,9,No
Rule-Based vs 1SGS,323,,,0,800,0.006,0.100,8,Yes
Rule-Based vs 1SGS,324,,,0,800,0.007,0.100,8,Yes
Rule-Based vs 1SGS,325,,,0,800,0.004,0.100,8,Yes
Rule-Based vs 1SGS,326,0,oneSGS,15,9,0.018,0.100,7,No
Rule-Based vs 1SGS,327,,,0,800,0.004,0.100,7,Yes
Rule-Based vs 1SGS,328,3,rule,10,44,0.009,0.100,7,No
Rule-Based vs 1SGS,329,2,rule,15,27,0.003,0.100,9,No
Rule-Based vs 1SGS,330,2,rule,10,23,0.004,0.100,8,No
Rule-Based vs 1SGS,331,,,0,800,0.011,0.200,8,Yes
Rule-Based vs 1SGS,332,3,rule,10,28,0.012,0.100,8,No
Rule-Based vs 1SGS,333,,,0,800,0.010,0.200,6,Yes
Rule-Based vs 1SGS,334,,,0,800,0.006,0.100,8,Yes
Rule-Based vs 1SGS,335,1,rule,15,26,0.007,0.100,7,No
Rule-Based vs 1SGS,336,0,rule,10,17,0.016,0.100,6,No
Rule-Based vs 1SGS,337,,,0,800,0.005,0.100,8,Yes
Rule-Based vs 1SGS,338,1,oneSGS,15,34,0.005,0.100,7,No
Rule-Based vs 1SGS,339,,,0,800,0.009,0.100,6,Yes
Rule-Based vs 1SGS,340,2,oneSGS,15,19,0.009,0.100,7,No
Rule-Based vs 1SGS,341,,,0,800,0.012,0.100,7,Yes
Rule-Based vs 1SGS,342,3,oneSGS,10,32,0.008,0.100,7,No
Rule-Based vs 1SGS,343,,,0,800,0.016,0.100,7,Yes
Rule-Based vs 1SGS,344,3,oneSGS,10,20,0.013,0.100,6,No
Rule-Based vs 1SGS,345,1,oneSGS,10,14,0.028,0.100,6,No
Rule-Based vs 1SGS,346,2,rule,10,43,0.008,0.100,9,No
Rule-Based vs 1SGS,347,,,0,800,0.006,0.100,7,Yes
Rule-Based vs 1SGS,348,2,oneSGS,10,47,0.002,0.100,9,No
Rule-Based vs 1SGS,349,2,oneSGS,10,47,0.004,0.100,8,No
Rule-Based vs 1SGS,350,,,0,800,0.006,0.100,7,Yes
Rule-Based vs 1SGS,351,1,oneSGS,15,34,0.014,0.100,9,No
Rule-Based vs 1SGS,352,1,rule,10,18,0.014,0.100,8,No
Rule-Based vs 1SGS,353,,,0,800,0.005,0.100,8,Yes
Rule-Based vs 1SGS,354,,,0,800,0.009,0.100,8,Yes
Rule-Based vs 1SGS,355,0,rule,15,21,0.017,0.100,8,No
Rule-Based vs 1SGS,356,1,oneSGS,15,46,0.008,0.100,9,No
Rule-Based vs 1SGS,357,,,0,800,0.009,0.200,8,Yes
Rule-Based vs 1SGS,358,,,0,800,0.006,0.100,8,Yes
Rule-Based vs 1SGS,359,3,rule,10,36,0.011,0.100,8,No
Rule-Based vs 1SGS,360,2,rule,10,31,0.011,0.100,9,No
Rule-Based vs 1SGS,361,0,rule,10,29,0.009,0.100,6,No
Rule-Based vs 1SGS,362,,,0,800,0.003,0.100,8,Yes
Rule-Based vs 1SGS,363,,,0,800,0.004,0.100,8,Yes
Rule-Based vs 1SGS,364,,,0,800,0.004,0.100,8,Yes
Rule-Based vs 1SGS,365,3,rule,15,32,0.008,0.100,9,No
Rule-Based vs 1SGS,366,,,0,800,0.009,0.100,8,Yes
Rule-Based vs 1SGS,367,,,0,800,0.005,0.100,8,Yes
Rule-Based vs 1SGS,368,,,0,800,0.004,0.100,8,Yes
Rule-Based vs 1SGS,369,2,oneSGS,15,31,0.006,0.100,7,No
Rule-Based vs 1SGS,370,,,0,800,0.002,0.100,8,Yes
Rule-Based vs 1SGS,371,,,0,800,0.006,0.100,7,Yes
Rule-Based vs 1SGS,372,2,rule,15,27,0.007,0.100,7,No
Rule-Based vs 1SGS,373,2,rule,15,39,0.005,0.100,9,No
Rule-Based vs 1SGS,374,2,oneSGS,15,27,0.003,0.100,8,No
Rule-Based vs 1SGS,375,,,0,800,0.003,0.100,8,Yes
Rule-Based vs 1SGS,376,1,oneSGS,10,34,0.011,0.100,8,No
Rule-Based vs 1SGS,377,,,0,800,0.005,0.100,8,Yes
Rule-Based vs 1SGS,378,,,0,800,0.003,0.100,8,Yes
Rule-Based vs 1SGS,379,,,0,800,0.005,0.100,8,Yes
Rule-Based vs 1SGS,380,1,rule,10,26,0.003,0.100,8,No
Rule-Based vs 1SGS,381,2,oneSGS,10,23,0.012,0.100,7,No
Rule-Based vs 1SGS,382,3,rule,10,36,0.007,0.100,8,No
Rule-Based vs 1SGS,383,2,oneSGS,10,31,0.008,0.100,9,No
Rule-Based vs 1SGS,384,1,rule,15,30,0.009,0.100,8,No
Rule-Based vs 1SGS,385,3,rule,10,36,0.009,0.100,9,No
Rule-Based vs 1SGS,386,3,oneSGS,10,40,0.007,0.100,8,No
Rule-Based vs 1SGS,387,0,oneSGS,10,33,0.003,0.100,9,No
Rule-Based vs 1SGS,388,3,rule,10,36,0.005,0.100,9,No
Rule-Based vs 1SGS,389,0,rule,15,33,0.011,0.200,8,No
Rule-Based vs 1SGS,390,,,0,800,0.002,0.100,8,Yes
Rule-Based vs 1SGS,391,1,rule,10,46,0.004,0.100,8,No
Rule-Based vs 1SGS,392,,,0,800,0.003,0.100,8,Yes
Rule-Based vs 1SGS,393,3,oneSGS,15,32,0.000,0.000,7,No
Rule-Based vs 1SGS,394,,,0,800,0.005,0.100,7,Yes
Rule-Based vs 1SGS,395,1,rule,10,22,0.008,0.100,9,No
Rule-Based vs 1SGS,396,0,rule,15,5,0.017,0.100,4,No
Rule-Based vs 1SGS,397,2,rule,15,15,0.000,0.000,6,No
Rule-Based vs 1SGS,398,1,oneSGS,10,18,0.005,0.100,7,No
Rule-Based vs 1SGS,399,3,oneSGS,10,20,0.004,0.100,8,No
Rule-Based vs 1SGS,400,2,oneSGS,10,31,0.009,0.100,8,No
Rule-Based vs 1SGS,401,1,rule,10,34,0.017,0.200,8,No
Rule-Based vs 1SGS,402,,,0,800,0.008,0.100,8,Yes
Rule-Based vs 1SGS,403,1,oneSGS,10,26,0.017,0.100,5,No
Rule-Based vs 1SGS,404,,,0,800,0.010,0.100,8,Yes
Rule-Based vs 1SGS,405,2,oneSGS,10,43,0.006,0.100,9,No
Rule-Based vs 1SGS,406,,,0,800,0.003,0.100,8,Yes
Rule-Based vs 1SGS,407,1,rule,10,38,0.007,0.100,8,No
Rule-Based vs 1SGS,408,0,rule,10,41,0.006,0.100,8,No
Rule-Based vs 1SGS,409,0,oneSGS,10,17,0.006,0.100,5,No
Rule-Based vs 1SGS,410,0,rule,10,9,0.008,0.100,5,No
Rule-Based vs 1SGS,411,1,rule,10,14,0.016,0.100,9,No
Rule-Based vs 1SGS,412,2,oneSGS,10,47,0.012,0.300,9,No
Rule-Based vs 1SGS,413,,,0,800,0.006,0.100,8,Yes
Rule-Based vs 1SGS,414,0,rule,10,33,0.008,0.100,8,No
Rule-Based vs 1SGS,415,3,oneSGS,10,28,0.003,0.100,8,No
Rule-Based vs 1SGS,416,0,rule,10,37,0.003,0.100,9,No
Rule-Based vs 1SGS,417,2,oneSGS,10,19,0.004,0.100,8,No
Rule-Based vs 1SGS,418,1,rule,15,22,0.012,0.100,6,No
Rule-Based vs 1SGS,419,2,oneSGS,15,15,0.007,0.100,6,No
Rule-Based vs 1SGS,420,1,rule,10,42,0.004,0.100,9,No
Rule-Based vs 1SGS,421,,,0,800,0.004,0.100,7,Yes
Rule-Based vs 1SGS,422,,,0,800,0.006,0.100,8,Yes
Rule-Based vs 1SGS,423,,,0,800,0.003,0.100,8,Yes
Rule-Based vs 1SGS,424,,,0,800,0.005,0.100,8,Yes
Rule-Based vs 1SGS,425,,,0,800,0.005,0.100,8,Yes
Rule-Based vs 1SGS,426,3,rule,10,16,0.017,0.100,6,No
Rule-Based vs 1SGS,427,,,0,800,0.006,0.100,8,Yes
Rule-Based vs 1SGS,428,,,0,800,0.003,0.100,8,Yes
Rule-Based vs 1SGS,429,,,0,800,0.006,0.100,8,Yes
Rule-Based vs 1SGS,430,0,rule,10,29,0.006,0.100,9,No
Rule-Based vs 1SGS,431,,,0,800,0.006,0.100,7,Yes
Rule-Based vs 1SGS,432,1,oneSGS,10,18,0.014,0.100,7,No
Rule-Based vs 1SGS,433,,,0,800,0.010,0.200,7,Yes
Rule-Based vs 1SGS,434,,,0,800,0.003,0.100,8,Yes
Rule-Based vs 1SGS,435,,,0,800,0.007,0.100,6,Yes
Rule-Based vs 1SGS,436,,,0,800,0.008,0.100,8,Yes
Rule-Based vs 1SGS,437,1,oneSGS,10,34,0.003,0.100,9,No
Rule-Based vs 1SGS,438,1,oneSGS,10,38,0.010,0.100,8,No
Rule-Based vs 1SGS,439,2,oneSGS,10,31,0.006,0.100,6,No
Rule-Based vs 1SGS,440,1,rule,10,42,0.009,0.100,8,No
Rule-Based vs 1SGS,441,3,oneSGS,15,16,0.006,0.100,6,No
Rule-Based vs 1SGS,442,3,rule,10,36,0.005,0.100,8,No
Rule-Based vs 1SGS,443,0,rule,10,25,0.015,0.100,7,No
Rule-Based vs 1SGS,444,1,rule,10,18,0.009,0.100,9,No
Rule-Based vs 1SGS,445,,,0,800,0.002,0.100,8,Yes
Rule-Based vs 1SGS,446,1,oneSGS,10,26,0.000,0.000,9,No
Rule-Based vs 1SGS,447,1,rule,10,42,0.006,0.100,8,No
Rule-Based vs 1SGS,448,2,oneSGS,10,35,0.005,0.100,7,No
Rule-Based vs 1SGS,449,0,oneSGS,10,41,0.002,0.100,7,No
Rule-Based vs 1SGS,450,0,oneSGS,10,37,0.010,0.100,9,No
Rule-Based vs 1SGS,451,2,rule,10,35,0.007,0.100,7,No
Rule-Based vs 1SGS,452,1,rule,10,42,0.009,0.100,9,No
Rule-Based vs 1SGS,453,,,0,800,0.007,0.100,8,Yes
Rule-Based vs 1SGS,454,0,rule,10,45,0.002,0.100,9,No
Rule-Based vs 1SGS,455,3,oneSGS,10,44,0.006,0.100,9,No
Rule-Based vs 1SGS,456,,,0,800,0.008,0.100,8,Yes
Rule-Based vs 1SGS,457,,,0,800,0.007,0.100,8,Yes
Rule-Based vs 1SGS,458,,,0,800,0.002,0.100,8,Yes
Rule-Based vs 1SGS,459,,,0,800,0.005,0.100,8,Yes
Rule-Based vs 1SGS,460,0,oneSGS,10,41,0.004,0.100,8,No
Rule-Based vs 1SGS,461,,,0,800,0.003,0.100,8,Yes
Rule-Based vs 1SGS,462,0,rule,10,45,0.002,0.100,9,No
Rule-Based vs 1SGS,463,,,0,800,0.002,0.100,8,Yes
Rule-Based vs 1SGS,464,2,oneSGS,10,27,0.010,0.100,8,No
Rule-Based vs 1SGS,465,1,oneSGS,15,26,0.007,0.100,9,No
Rule-Based vs 1SGS,466,,,0,800,0.005,0.100,8,Yes
Rule-Based vs 1SGS,467,0,oneSGS,10,21,0.013,0.100,7,No
Rule-Based vs 1SGS,468,0,rule,10,17,0.009,0.100,9,No
Rule-Based vs 1SGS,469,,,0,800,0.004,0.100,6,Yes
Rule-Based vs 1SGS,470,,,0,800,0.005,0.100,8,Yes
Rule-Based vs 1SGS,471,2,rule,10,27,0.006,0.100,6,No
Rule-Based vs 1SGS,472,,,0,800,0.003,0.100,7,Yes
Rule-Based vs 1SGS,473,1,oneSGS,10,30,0.006,0.100,9,No
Rule-Based vs 1SGS,474,,,0,800,0.001,0.100,7,Yes
Rule-Based vs 1SGS,475,2,rule,10,27,0.003,0.100,8,No
Rule-Based vs 1SGS,476,,,0,800,0.006,0.100,8,Yes
Rule-Based vs 1SGS,477,,,0,800,0.006,0.100,8,Yes
Rule-Based vs 1SGS,478,,,0,800,0.008,0.100,8,Yes
Rule-Based vs 1SGS,479,2,rule,15,43,0.011,0.100,8,No
Rule-Based vs 1SGS,480,1,rule,15,38,0.010,0.100,8,No
Rule-Based vs 1SGS,481,,,0,800,0.006,0.100,8,Yes
Rule-Based vs 1SGS,482,1,rule,10,14,0.019,0.100,7,No
Rule-Based vs 1SGS,483,,,0,800,0.006,0.100,6,Yes
Rule-Based vs 1SGS,484,,,0,800,0.006,0.100,8,Yes
Rule-Based vs 1SGS,485,,,0,800,0.003,0.100,8,Yes
Rule-Based vs 1SGS,486,1,oneSGS,10,14,0.006,0.100,7,No
Rule-Based vs 1SGS,487,,,0,800,0.006,0.100,7,Yes
Rule-Based vs 1SGS,488,,,0,800,0.009,0.100,7,Yes
Rule-Based vs 1SGS,489,1,rule,10,6,0.014,0.100,6,No
Rule-Based vs 1SGS,490,2,rule,10,31,0.009,0.100,8,No
Rule-Based vs 1SGS,491,0,rule,10,13,0.013,0.100,7,No
Rule-Based vs 1SGS,492,0,rule,10,45,0.006,0.100,9,No
Rule-Based vs 1SGS,493,,,0,800,0.004,0.100,8,Yes
Rule-Based vs 1SGS,494,0,rule,15,21,0.009,0.100,7,No
Rule-Based vs 1SGS,495,3,oneSGS,10,36,0.005,0.100,8,No
Rule-Based vs 1SGS,496,3,oneSGS,10,32,0.009,0.100,6,No
Rule-Based vs 1SGS,497,,,0,800,0.003,0.100,8,Yes
Rule-Based vs 1SGS,498,3,rule,15,32,0.011,0.100,8,No
Rule-Based vs 1SGS,499,1,oneSGS,10,46,0.008,0.100,8,No
Rule-Based vs 1SGS,500,3,rule,10,28,0.009,0.100,6,No
Rule-Based vs 1SGS,501,0,rule,10,45,0.010,0.100,9,No
Rule-Based vs 1SGS,502,,,0,800,0.003,0.100,8,Yes
Rule-Based vs 1SGS,503,2,oneSGS,10,23,0.008,0.100,6,No
Rule-Based vs 1SGS,504,,,0,800,0.000,0.000,8,Yes
Rule-Based vs 1SGS,505,1,oneSGS,15,34,0.011,0.100,8,No
Rule-Based vs 1SGS,506,3,rule,15,44,0.006,0.100,9,No
Rule-Based vs 1SGS,507,,,0,800,0.006,0.100,8,Yes
Rule-Based vs 1SGS,508,2,rule,15,23,0.012,0.100,8,No
Rule-Based vs 1SGS,509,,,0,800,0.009,0.100,8,Yes
Rule-Based vs 1SGS,510,1,rule,15,42,0.009,0.100,8,No
Rule-Based vs 1SGS,511,3,rule,15,48,0.012,0.100,8,No
Rule-Based vs 1SGS,512,,,0,800,0.006,0.100,8,Yes
Rule-Based vs 1SGS,513,1,oneSGS,15,30,0.009,0.100,7,No
Rule-Based vs 1SGS,514,0,rule,15,17,0.012,0.100,6,No
Rule-Based vs 1SGS,515,1,rule,10,22,0.011,0.100,7,No
Rule-Based vs 1SGS,516,0,rule,10,41,0.009,0.100,9,No
Rule-Based vs 1SGS,517,3,rule,15,40,0.007,0.100,9,No
Rule-Based vs 1SGS,518,,,0,800,0.001,0.100,8,Yes
Rule-Based vs 1SGS,519,,,0,800,0.009,0.100,7,Yes
Rule-Based vs 1SGS,520,3,oneSGS,15,44,0.006,0.100,9,No
Rule-Based vs 1SGS,521,,,0,800,0.003,0.200,8,Yes
Rule-Based vs 1SGS,522,,,0,800,0.006,0.100,8,Yes
Rule-Based vs 1SGS,523,3,rule,10,48,0.006,0.100,8,No
Rule-Based vs 1SGS,524,,,0,800,0.011,0.200,7,Yes
Rule-Based vs 1SGS,525,2,oneSGS,10,23,0.004,0.100,7,No
Rule-Based vs 1SGS,526,0,rule,15,9,0.010,0.100,7,No
Rule-Based vs 1SGS,527,,,0,800,0.002,0.100,8,Yes
Rule-Based vs 1SGS,528,3,oneSGS,10,44,0.006,0.100,9,No
Rule-Based vs 1SGS,529,3,oneSGS,15,40,0.000,0.000,9,No
Rule-Based vs 1SGS,530,2,rule,10,19,0.010,0.100,6,No
Rule-Based vs 1SGS,531,,,0,800,0.005,0.100,8,Yes
Rule-Based vs 1SGS,532,1,oneSGS,10,34,0.008,0.100,9,No
Rule-Based vs 1SGS,533,0,rule,10,41,0.002,0.100,7,No
Rule-Based vs 1SGS,534,0,oneSGS,10,45,0.008,0.100,9,No
Rule-Based vs 1SGS,535,2,oneSGS,15,35,0.002,0.100,9,No
Rule-Based vs 1SGS,536,1,rule,10,46,0.006,0.100,8,No
Rule-Based vs 1SGS,537,1,rule,10,34,0.005,0.100,8,No
Rule-Based vs 1SGS,538,,,0,800,0.006,0.100,8,Yes
Rule-Based vs 1SGS,539,1,rule,10,46,0.008,0.100,9,No
Rule-Based vs 1SGS,540,3,rule,15,36,0.008,0.100,7,No
Rule-Based vs 1SGS,541,2,oneSGS,15,31,0.006,0.100,7,No
Rule-Based vs 1SGS,542,,,0,800,0.008,0.100,7,Yes
Rule-Based vs 1SGS,543,1,rule,10,42,0.007,0.100,7,No
Rule-Based vs 1SGS,544,0,rule,10,41,0.011,0.100,9,No
Rule-Based vs 1SGS,545,,,0,800,0.005,0.100,8,Yes
Rule-Based vs 1SGS,546,,,0,800,0.006,0.100,7,Yes
Rule-Based vs 1SGS,547,,,0,800,0.006,0.100,8,Yes
Rule-Based vs 1SGS,548,0,rule,10,29,0.006,0.100,8,No
Rule-Based vs 1SGS,549,0,oneSGS,10,13,0.019,0.100,8,No
Rule-Based vs 1SGS,550,0,oneSGS,10,29,0.012,0.100,8,No
Rule-Based vs 1SGS,551,,,0,800,0.003,0.100,8,Yes
Rule-Based vs 1SGS,552,,,0,800,0.006,0.100,8,Yes
Rule-Based vs 1SGS,553,,,0,800,0.003,0.100,8,Yes
Rule-Based vs 1SGS,554,2,oneSGS,10,35,0.008,0.100,9,No
Rule-Based vs 1SGS,555,0,oneSGS,15,37,0.008,0.100,8,No
Rule-Based vs 1SGS,556,2,rule,10,31,0.011,0.100,8,No
Rule-Based vs 1SGS,557,,,0,800,0.002,0.100,7,Yes
Rule-Based vs 1SGS,558,1,oneSGS,10,2,0.000,0.000,3,No
Rule-Based vs 1SGS,559,2,oneSGS,10,39,0.005,0.100,7,No
Rule-Based vs 1SGS,560,3,rule,10,48,0.006,0.100,8,No
Rule-Based vs 1SGS,561,2,rule,10,39,0.002,0.100,9,No
Rule-Based vs 1SGS,562,,,0,800,0.003,0.100,8,Yes
Rule-Based vs 1SGS,563,,,0,800,0.005,0.100,8,Yes
Rule-Based vs 1SGS,564,,,0,800,0.003,0.100,7,Yes
Rule-Based vs 1SGS,565,,,0,800,0.002,0.100,7,Yes
Rule-Based vs 1SGS,566,,,0,800,0.008,0.100,8,Yes
Rule-Based vs 1SGS,567,0,rule,10,33,0.008,0.100,8,No
Rule-Based vs 1SGS,568,1,rule,15,26,0.003,0.100,9,No
Rule-Based vs 1SGS,569,2,rule,10,43,0.008,0.100,9,No
Rule-Based vs 1SGS,570,0,rule,10,21,0.008,0.100,8,No
Rule-Based vs 1SGS,571,,,0,800,0.005,0.100,8,Yes
Rule-Based vs 1SGS,572,,,0,800,0.006,0.100,8,Yes
Rule-Based vs 1SGS,573,2,oneSGS,10,11,0.008,0.100,5,No
Rule-Based vs 1SGS,574,,,0,800,0.003,0.100,8,Yes
Rule-Based vs 1SGS,575,,,0,800,0.006,0.100,8,Yes
Rule-Based vs 1SGS,576,,,0,800,0.006,0.100,8,Yes
Rule-Based vs 1SGS,577,2,rule,10,35,0.007,0.100,9,No
Rule-Based vs 1SGS,578,,,0,800,0.005,0.100,8,Yes
Rule-Based vs 1SGS,579,2,rule,15,23,0.008,0.100,7,No
Rule-Based vs 1SGS,580,1,rule,10,30,0.003,0.100,8,No
Rule-Based vs 1SGS,581,2,rule,10,39,0.007,0.100,7,No
Rule-Based vs 1SGS,582,,,0,800,0.007,0.100,8,Yes
Rule-Based vs 1SGS,583,0,oneSGS,10,25,0.004,0.100,5,No
Rule-Based vs 1SGS,584,3,rule,15,24,0.004,0.100,9,No
Rule-Based vs 1SGS,585,2,rule,10,7,0.010,0.100,6,No
Rule-Based vs 1SGS,586,0,rule,15,25,0.007,0.100,8,No
Rule-Based vs 1SGS,587,,,0,800,0.006,0.100,8,Yes
Rule-Based vs 1SGS,588,,,0,800,0.006,0.100,8,Yes
Rule-Based vs 1SGS,589,2,rule,10,31,0.006,0.100,7,No
Rule-Based vs 1SGS,590,,,0,800,0.006,0.100,7,Yes
Rule-Based vs 1SGS,591,,,0,800,0.001,0.100,8,Yes
Rule-Based vs 1SGS,592,,,0,800,0.006,0.100,8,Yes
Rule-Based vs 1SGS,593,1,rule,10,18,0.023,0.200,7,No
Rule-Based vs 1SGS,594,,,0,800,0.001,0.100,7,Yes
Rule-Based vs 1SGS,595,,,0,800,0.009,0.100,8,Yes
Rule-Based vs 1SGS,596,,,0,800,0.003,0.100,8,Yes
Rule-Based vs 1SGS,597,,,0,800,0.005,0.100,8,Yes
Rule-Based vs 1SGS,598,2,rule,10,31,0.003,0.100,8,No
Rule-Based vs 1SGS,599,,,0,800,0.003,0.100,8,Yes
Rule-Based vs 1SGS,600,2,oneSGS,10,31,0.006,0.100,8,No
Rule-Based vs 1SGS,601,0,oneSGS,10,37,0.007,0.100,9,No
Rule-Based vs 1SGS,602,0,oneSGS,15,17,0.000,0.000,8,No
Rule-Based vs 1SGS,603,2,rule,10,15,0.000,0.000,6,No
Rule-Based vs 1SGS,604,3,oneSGS,10,36,0.010,0.100,8,No
Rule-Based vs 1SGS,605,,,0,800,0.004,0.100,8,Yes
Rule-Based vs 1SGS,606,3,oneSGS,10,44,0.006,0.100,8,No
Rule-Based vs 1SGS,607,0,oneSGS,10,45,0.012,0.100,9,No
Rule-Based vs 1SGS,608,2,rule,10,7,0.012,0.100,5,No
Rule-Based vs 1SGS,609,0,rule,10,25,0.007,0.100,7,No
Rule-Based vs 1SGS,610,,,0,800,0.008,0.100,8,Yes
Rule-Based vs 1SGS,611,,,0,800,0.004,0.100,7,Yes
Rule-Based vs 1SGS,612,2,oneSGS,10,27,0.006,0.100,7,No
Rule-Based vs 1SGS,613,,,0,800,0.003,0.100,7,Yes
Rule-Based vs 1SGS,614,0,oneSGS,15,21,0.005,0.100,7,No
Rule-Based vs 1SGS,615,,,0,800,0.006,0.100,8,Yes
Rule-Based vs 1SGS,616,,,0,800,0.006,0.100,7,Yes
Rule-Based vs 1SGS,617,0,oneSGS,15,29,0.010,0.100,6,No
Rule-Based vs 1SGS,618,1,rule,10,22,0.012,0.100,8,No
Rule-Based vs 1SGS,619,1,rule,10,46,0.008,0.100,9,No
Rule-Based vs 1SGS,620,,,0,800,0.003,0.100,8,Yes
Rule-Based vs 1SGS,621,1,oneSGS,10,14,0.013,0.100,6,No
Rule-Based vs 1SGS,622,3,oneSGS,15,24,0.004,0.100,7,No
Rule-Based vs 1SGS,623,1,rule,10,34,0.006,0.100,7,No
Rule-Based vs 1SGS,624,0,oneSGS,15,21,0.009,0.200,7,No
Rule-Based vs 1SGS,625,,,0,800,0.008,0.100,8,Yes
Rule-Based vs 1SGS,626,,,0,800,0.003,0.100,8,Yes
Rule-Based vs 1SGS,627,0,rule,10,25,0.013,0.100,8,No
Rule-Based vs 1SGS,628,3,oneSGS,10,40,0.007,0.100,8,No
Rule-Based vs 1SGS,629,,,0,800,0.004,0.100,8,Yes
Rule-Based vs 1SGS,630,1,rule,10,42,0.006,0.100,9,No
Rule-Based vs 1SGS,631,1,rule,15,38,0.007,0.100,8,No
Rule-Based vs 1SGS,632,,,0,800,0.004,0.100,8,Yes
Rule-Based vs 1SGS,633,0,rule,10,41,0.007,0.100,9,No
Rule-Based vs 1SGS,634,,,0,800,0.002,0.100,8,Yes
Rule-Based vs 1SGS,635,2,oneSGS,10,27,0.003,0.100,9,No
Rule-Based vs 1SGS,636,1,oneSGS,15,34,0.011,0.100,8,No
Rule-Based vs 1SGS,637,,,0,800,0.002,0.100,8,Yes
Rule-Based vs 1SGS,638,,,0,800,0.004,0.100,8,Yes
Rule-Based vs 1SGS,639,,,0,800,0.006,0.100,8,Yes
Rule-Based vs 1SGS,640,3,rule,10,40,0.007,0.100,9,No
Rule-Based vs 1SGS,641,3,oneSGS,10,28,0.011,0.100,9,No
Rule-Based vs 1SGS,642,,,0,800,0.003,0.100,8,Yes
Rule-Based vs 1SGS,643,,,0,800,0.003,0.200,8,Yes
Rule-Based vs 1SGS,644,2,oneSGS,10,31,0.009,0.100,7,No
Rule-Based vs 1SGS,645,,,0,800,0.003,0.100,8,Yes
Rule-Based vs 1SGS,646,3,oneSGS,15,32,0.006,0.100,9,No
Rule-Based vs 1SGS,647,1,rule,10,22,0.008,0.100,9,No
Rule-Based vs 1SGS,648,,,0,800,0.003,0.100,8,Yes
Rule-Based vs 1SGS,649,1,rule,10,18,0.005,0.100,7,No
Rule-Based vs 1SGS,650,,,0,800,0.008,0.100,7,Yes
Rule-Based vs 1SGS,651,2,rule,10,35,0.005,0.100,9,No
Rule-Based vs 1SGS,652,3,oneSGS,10,36,0.008,0.100,8,No
Rule-Based vs 1SGS,653,2,rule,10,31,0.016,0.200,9,No
Rule-Based vs 1SGS,654,,,0,800,0.001,0.100,8,Yes
Rule-Based vs 1SGS,655,0,oneSGS,10,25,0.008,0.100,4,No
Rule-Based vs 1SGS,656,1,rule,10,42,0.002,0.100,8,No
Rule-Based vs 1SGS,657,0,oneSGS,10,21,0.013,0.100,7,No
Rule-Based vs 1SGS,658,,,0,800,0.006,0.100,8,Yes
Rule-Based vs 1SGS,659,2,rule,10,15,0.005,0.100,7,No
Rule-Based vs 1SGS,660,2,rule,10,19,0.009,0.200,7,No
Rule-Based vs 1SGS,661,1,oneSGS,10,30,0.011,0.100,8,No
Rule-Based vs 1SGS,662,,,0,800,0.006,0.100,8,Yes
Rule-Based vs 1SGS,663,,,0,800,0.009,0.100,7,Yes
Rule-Based vs 1SGS,664,,,0,800,0.006,0.100,7,Yes
Rule-Based vs 1SGS,665,,,0,800,0.002,0.100,8,Yes
Rule-Based vs 1SGS,666,2,rule,10,23,0.007,0.100,9,No
Rule-Based vs 1SGS,667,1,oneSGS,10,26,0.013,0.100,9,No
Rule-Based vs 1SGS,668,1,rule,10,38,0.024,0.100,7,No
Rule-Based vs 1SGS,669,2,oneSGS,10,39,0.010,0.100,9,No
Rule-Based vs 1SGS,670,,,0,800,0.010,0.200,8,Yes
Rule-Based vs 1SGS,671,0,oneSGS,15,1,0.100,0.100,3,No
Rule-Based vs 1SGS,672,3,rule,15,28,0.011,0.100,8,No
Rule-Based vs 1SGS,673,3,rule,10,16,0.018,0.100,6,No
Rule-Based vs 1SGS,674,0,rule,15,25,0.007,0.100,8,No
Rule-Based vs 1SGS,675,,,0,800,0.006,0.100,8,Yes
Rule-Based vs 1SGS,676,1,oneSGS,10,18,0.010,0.100,5,No
Rule-Based vs 1SGS,677,2,rule,15,31,0.012,0.100,9,No
Rule-Based vs 1SGS,678,0,rule,10,29,0.006,0.100,9,No
Rule-Based vs 1SGS,679,,,0,800,0.005,0.100,7,Yes
Rule-Based vs 1SGS,680,,,0,800,0.008,0.100,8,Yes
Rule-Based vs 1SGS,681,3,oneSGS,15,16,0.006,0.100,8,No
Rule-Based vs 1SGS,682,1,rule,15,22,0.008,0.100,7,No
Rule-Based vs 1SGS,683,,,0,800,0.003,0.100,8,Yes
Rule-Based vs 1SGS,684,3,oneSGS,10,40,0.002,0.100,8,No
Rule-Based vs 1SGS,685,0,oneSGS,15,25,0.011,0.100,5,No
Rule-Based vs 1SGS,686,2,rule,10,47,0.004,0.100,9,No
Rule-Based vs 1SGS,687,3,rule,10,20,0.004,0.100,8,No
Rule-Based vs 1SGS,688,1,oneSGS,10,26,0.010,0.100,8,No
Rule-Based vs 1SGS,689,3,rule,10,36,0.005,0.100,8,No
Rule-Based vs 1SGS,690,,,0,800,0.002,0.100,8,Yes
Rule-Based vs 1SGS,691,1,rule,15,22,0.009,0.100,6,No
Rule-Based vs 1SGS,692,,,0,800,0.009,0.100,7,Yes
Rule-Based vs 1SGS,693,,,0,800,0.003,0.100,7,Yes
Rule-Based vs 1SGS,694,,,0,800,0.006,0.100,8,Yes
Rule-Based vs 1SGS,695,,,0,800,0.004,0.100,8,Yes
Rule-Based vs 1SGS,696,3,oneSGS,10,20,0.010,0.100,6,No
Rule-Based vs 1SGS,697,,,0,800,0.002,0.100,8,Yes
Rule-Based vs 1SGS,698,,,0,800,0.003,0.100,8,Yes
Rule-Based vs 1SGS,699,,,0,800,0.002,0.100,8,Yes
Rule-Based vs 1SGS,700,,,0,800,0.003,0.100,8,Yes
Rule-Based vs 1SGS,701,1,oneSGS,10,10,0.017,0.100,5,No
Rule-Based vs 1SGS,702,1,oneSGS,10,34,0.008,0.100,7,No
Rule-Based vs 1SGS,703,0,rule,10,37,0.008,0.100,6,No
Rule-Based vs 1SGS,704,,,0,800,0.005,0.100,8,Yes
Rule-Based vs 1SGS,705,0,oneSGS,15,29,0.009,0.100,8,No
Rule-Based vs 1SGS,706,,,0,800,0.006,0.100,8,Yes
Rule-Based vs 1SGS,707,,,0,800,0.001,0.100,7,Yes
Rule-Based vs 1SGS,708,,,0,800,0.006,0.100,7,Yes
Rule-Based vs 1SGS,709,,,0,800,0.004,0.100,8,Yes
Rule-Based vs 1SGS,710,2,rule,10,39,0.005,0.100,8,No
Rule-Based vs 1SGS,711,0,rule,10,13,0.007,0.100,5,No
Rule-Based vs 1SGS,712,0,rule,10,13,0.007,0.100,7,No
Rule-Based vs 1SGS,713,0,rule,10,37,0.005,0.100,8,No
Rule-Based vs 1SGS,714,2,rule,15,23,0.008,0.100,8,No
Rule-Based vs 1SGS,715,,,0,800,0.005,0.100,8,Yes
Rule-Based vs 1SGS,716,,,0,800,0.005,0.100,8,Yes
Rule-Based vs 1SGS,717,,,0,800,0.005,0.100,8,Yes
Rule-Based vs 1SGS,718,0,oneSGS,15,25,0.004,0.100,5,No
Rule-Based vs 1SGS,719,3,oneSGS,10,16,0.011,0.100,7,No
Rule-Based vs 1SGS,720,1,rule,10,42,0.004,0.100,8,No
Rule-Based vs 1SGS,721,,,0,800,0.006,0.100,7,Yes
Rule-Based vs 1SGS,722,1,rule,10,26,0.010,0.100,8,No
Rule-Based vs 1SGS,723,,,0,800,0.005,0.100,8,Yes
Rule-Based vs 1SGS,724,3,oneSGS,10,16,0.000,0.000,7,No
Rule-Based vs 1SGS,725,2,oneSGS,10,35,0.005,0.100,8,No
Rule-Based vs 1SGS,726,,,0,800,0.003,0.100,8,Yes
Rule-Based vs 1SGS,727,,,0,800,0.004,0.200,6,Yes
Rule-Based vs 1SGS,728,0,rule,10,41,0.000,0.000,8,No
Rule-Based vs 1SGS,729,3,rule,10,48,0.006,0.100,9,No
Rule-Based vs 1SGS,730,,,0,800,0.003,0.100,8,Yes
Rule-Based vs 1SGS,731,2,rule,10,27,0.010,0.100,7,No
Rule-Based vs 1SGS,732,2,rule,10,27,0.010,0.100,7,No
Rule-Based vs 1SGS,733,,,0,800,0.007,0.100,8,Yes
Rule-Based vs 1SGS,734,,,0,800,0.002,0.100,8,Yes
Rule-Based vs 1SGS,735,,,0,800,0.004,0.100,7,Yes
Rule-Based vs 1SGS,736,1,oneSGS,15,34,0.029,0.200,9,No
Rule-Based vs 1SGS,737,,,0,800,0.013,0.200,8,Yes
Rule-Based vs 1SGS,738,,,0,800,0.006,0.100,8,Yes
Rule-Based vs 1SGS,739,1,rule,10,18,0.009,0.100,6,No
Rule-Based vs 1SGS,740,,,0,800,0.009,0.100,8,Yes
Rule-Based vs 1SGS,741,3,rule,10,28,0.009,0.100,7,No
Rule-Based vs 1SGS,742,2,rule,10,15,0.011,0.100,6,No
Rule-Based vs 1SGS,743,0,rule,10,13,0.012,0.100,8,No
Rule-Based vs 1SGS,744,0,rule,10,21,0.009,0.100,9,No
Rule-Based vs 1SGS,745,,,0,800,0.003,0.100,8,Yes
Rule-Based vs 1SGS,746,,,0,800,0.011,0.100,8,Yes
Rule-Based vs 1SGS,747,1,rule,15,46,0.014,0.100,9,No
Rule-Based vs 1SGS,748,1,oneSGS,10,22,0.017,0.100,7,No
Rule-Based vs 1SGS,749,,,0,800,0.009,0.100,7,Yes
Rule-Based vs 1SGS,750,,,0,800,0.005,0.100,8,Yes
Rule-Based vs 1SGS,751,,,0,800,0.006,0.100,8,Yes
Rule-Based vs 1SGS,752,0,rule,10,29,0.012,0.100,8,No
Rule-Based vs 1SGS,753,2,oneSGS,10,35,0.007,0.100,8,No
Rule-Based vs 1SGS,754,1,oneSGS,10,38,0.009,0.100,8,No
Rule-Based vs 1SGS,755,3,oneSGS,10,36,0.005,0.100,9,No
Rule-Based vs 1SGS,756,1,rule,15,34,0.008,0.100,8,No
Rule-Based vs 1SGS,757,1,oneSGS,10,38,0.004,0.200,9,No
Rule-Based vs 1SGS,758,2,rule,10,19,0.008,0.100,8,No
Rule-Based vs 1SGS,759,,,0,800,0.006,0.100,8,Yes
Rule-Based vs 1SGS,760,,,0,800,0.006,0.100,7,Yes
Rule-Based vs 1SGS,761,,,0,800,0.001,0.100,7,Yes
Rule-Based vs 1SGS,762,2,rule,10,43,0.009,0.100,6,No
Rule-Based vs 1SGS,763,,,0,800,0.006,0.100,8,Yes
Rule-Based vs 1SGS,764,2,rule,15,7,0.013,0.100,6,No
Rule-Based vs 1SGS,765,3,oneSGS,10,32,0.011,0.100,8,No
Rule-Based vs 1SGS,766,,,0,800,0.007,0.100,6,Yes
Rule-Based vs 1SGS,767,3,rule,10,32,0.009,0.100,7,No
Rule-Based vs 1SGS,768,1,rule,15,26,0.011,0.100,7,No
Rule-Based vs 1SGS,769,0,oneSGS,10,37,0.005,0.100,9,No
Rule-Based vs 1SGS,770,3,oneSGS,15,40,0.010,0.100,6,No
Rule-Based vs 1SGS,771,1,rule,10,22,0.013,0.100,6,No
Rule-Based vs 1SGS,772,3,oneSGS,10,8,0.018,0.100,7,No
Rule-Based vs 1SGS,773,,,0,800,0.005,0.100,6,Yes
Rule-Based vs 1SGS,774,3,rule,10,28,0.006,0.100,7,No
Rule-Based vs 1SGS,775,3,rule,15,44,0.011,0.100,9,No
Rule-Based vs 1SGS,776,2,rule,10,47,0.002,0.100,9,No
Rule-Based vs 1SGS,777,3,rule,10,20,0.009,0.100,6,No
Rule-Based vs 1SGS,778,,,0,800,0.004,0.100,6,Yes
Rule-Based vs 1SGS,779,2,oneSGS,15,15,0.006,0.100,6,No
Rule-Based vs 1SGS,780,3,oneSGS,10,20,0.012,0.100,7,No
Rule-Based vs 1SGS,781,0,rule,10,33,0.008,0.100,9,No
Rule-Based vs 1SGS,782,0,rule,10,41,0.004,0.100,9,No
Rule-Based vs 1SGS,783,,,0,800,0.005,0.100,8,Yes
Rule-Based vs 1SGS,784,1,oneSGS,10,18,0.011,0.100,5,No
Rule-Based vs 1SGS,785,,,0,800,0.006,0.100,7,Yes
Rule-Based vs 1SGS,786,,,0,800,0.002,0.100,8,Yes
Rule-Based vs 1SGS,787,2,rule,10,27,0.003,0.100,9,No
Rule-Based vs 1SGS,788,,,0,800,0.007,0.100,7,Yes
Rule-Based vs 1SGS,789,1,oneSGS,10,22,0.004,0.100,5,No
Rule-Based vs 1SGS,790,3,oneSGS,10,20,0.000,0.000,9,No
Rule-Based vs 1SGS,791,,,0,800,0.003,0.100,8,Yes
Rule-Based vs 1SGS,792,,,0,800,0.003,0.100,7,Yes
Rule-Based vs 1SGS,793,3,oneSGS,10,36,0.011,0.100,7,No
Rule-Based vs 1SGS,794,3,oneSGS,10,24,0.004,0.100,9,No
Rule-Based vs 1SGS,795,3,rule,10,32,0.008,0.100,9,No
Rule-Based vs 1SGS,796,3,rule,10,48,0.021,0.100,9,No
Rule-Based vs 1SGS,797,0,rule,10,45,0.020,0.100,9,No
Rule-Based vs 1SGS,798,2,oneSGS,10,43,0.020,0.200,9,No
Rule-Based vs 1SGS,799,,,0,800,0.013,0.100,8,Yes
Rule-Based vs 1SGS,800,3,rule,15,16,0.042,0.200,6,No
Rule-Based vs 1SGS,801,,,0,800,0.013,0.100,8,Yes
Rule-Based vs 1SGS,802,2,rule,10,35,0.017,0.100,9,No
Rule-Based vs 1SGS,803,1,rule,10,42,0.022,0.100,8,No
Rule-Based vs 1SGS,804,,,0,800,0.016,0.100,7,Yes
Rule-Based vs 1SGS,805,3,rule,15,32,0.017,0.100,8,No
Rule-Based vs 1SGS,806,,,0,800,0.004,0.100,7,Yes
Rule-Based vs 1SGS,807,1,rule,10,34,0.008,0.100,9,No
Rule-Based vs 1SGS,808,,,0,800,0.000,0.000,8,Yes
Rule-Based vs 1SGS,809,2,oneSGS,10,39,0.007,0.100,7,No
Rule-Based vs 1SGS,810,0,rule,10,21,0.012,0.100,6,No
Rule-Based vs 1SGS,811,0,oneSGS,10,29,0.009,0.100,8,No
Rule-Based vs 1SGS,812,,,0,800,0.006,0.100,8,Yes
Rule-Based vs 1SGS,813,3,oneSGS,15,20,0.009,0.100,8,No
Rule-Based vs 1SGS,814,,,0,800,0.003,0.100,8,Yes
Rule-Based vs 1SGS,815,0,oneSGS,10,17,0.006,0.100,7,No
Rule-Based vs 1SGS,816,3,rule,10,24,0.010,0.100,9,No
Rule-Based vs 1SGS,817,2,oneSGS,10,27,0.010,0.100,7,No
Rule-Based vs 1SGS,818,,,0,800,0.003,0.100,8,Yes
Rule-Based vs 1SGS,819,,,0,800,0.009,0.100,7,Yes
Rule-Based vs 1SGS,820,,,0,800,0.004,0.100,8,Yes
Rule-Based vs 1SGS,821,2,rule,10,43,0.006,0.100,8,No
Rule-Based vs 1SGS,822,,,0,800,0.009,0.100,7,Yes
Rule-Based vs 1SGS,823,2,rule,10,11,0.007,0.100,8,No
Rule-Based vs 1SGS,824,3,rule,10,32,0.014,0.200,9,No
Rule-Based vs 1SGS,825,2,oneSGS,10,11,0.007,0.100,5,No
Rule-Based vs 1SGS,826,0,oneSGS,10,41,0.006,0.100,9,No
Rule-Based vs 1SGS,827,,,0,800,0.006,0.100,8,Yes
Rule-Based vs 1SGS,828,1,rule,10,18,0.005,0.100,7,No
Rule-Based vs 1SGS,829,2,rule,10,19,0.013,0.100,9,No
Rule-Based vs 1SGS,830,0,rule,15,33,0.005,0.100,9,No
Rule-Based vs 1SGS,831,,,0,800,0.004,0.100,7,Yes
Rule-Based vs 1SGS,832,0,rule,15,9,0.000,0.000,6,No
Rule-Based vs 1SGS,833,0,oneSGS,10,29,0.006,0.100,7,No
Rule-Based vs 1SGS,834,,,0,800,0.008,0.100,8,Yes
Rule-Based vs 1SGS,835,1,oneSGS,15,38,0.007,0.100,8,No
Rule-Based vs 1SGS,836,3,rule,10,20,0.000,0.000,8,No
Rule-Based vs 1SGS,837,1,rule,10,22,0.004,0.100,8,No
Rule-Based vs 1SGS,838,0,rule,10,17,0.005,0.100,8,No
Rule-Based vs 1SGS,839,2,rule,10,27,0.009,0.100,7,No
Rule-Based vs 1SGS,840,,,0,800,0.005,0.100,7,Yes
Rule-Based vs 1SGS,841,,,0,800,0.006,0.100,8,Yes
Rule-Based vs 1SGS,842,2,oneSGS,15,23,0.012,0.100,6,No
Rule-Based vs 1SGS,843,2,oneSGS,15,39,0.007,0.100,7,No
Rule-Based vs 1SGS,844,2,rule,15,15,0.006,0.100,7,No
Rule-Based vs 1SGS,845,3,oneSGS,10,20,0.009,0.100,8,No
Rule-Based vs 1SGS,846,3,oneSGS,10,32,0.014,0.100,9,No
Rule-Based vs 1SGS,847,2,rule,10,27,0.013,0.100,8,No
Rule-Based vs 1SGS,848,,,0,800,0.003,0.100,8,Yes
Rule-Based vs 1SGS,849,0,oneSGS,10,29,0.006,0.100,6,No
Rule-Based vs 1SGS,850,,,0,800,0.004,0.100,8,Yes
Rule-Based vs 1SGS,851,,,0,800,0.005,0.100,8,Yes
Rule-Based vs 1SGS,852,0,oneSGS,15,21,0.012,0.100,8,No
Rule-Based vs 1SGS,853,2,oneSGS,15,43,0.000,0.000,9,No
Rule-Based vs 1SGS,854,2,rule,10,31,0.011,0.100,9,No
Rule-Based vs 1SGS,855,,,0,800,0.007,0.100,7,Yes
Rule-Based vs 1SGS,856,2,rule,10,19,0.013,0.100,7,No
Rule-Based vs 1SGS,857,,,0,800,0.003,0.100,8,Yes
Rule-Based vs 1SGS,858,2,oneSGS,10,35,0.013,0.100,9,No
Rule-Based vs 1SGS,859,,,0,800,0.006,0.100,8,Yes
Rule-Based vs 1SGS,860,2,rule,10,15,0.011,0.100,6,No
Rule-Based vs 1SGS,861,3,rule,10,28,0.010,0.100,7,No
Rule-Based vs 1SGS,862,2,oneSGS,15,43,0.011,0.200,9,No
Rule-Based vs 1SGS,863,2,rule,10,47,0.004,0.100,9,No
Rule-Based vs 1SGS,864,3,rule,15,20,0.005,0.100,8,No
Rule-Based vs 1SGS,865,0,oneSGS,15,37,0.002,0.100,9,No
Rule-Based vs 1SGS,866,,,0,800,0.006,0.100,7,Yes
Rule-Based vs 1SGS,867,3,oneSGS,10,16,0.010,0.100,9,No
Rule-Based vs 1SGS,868,,,0,800,0.006,0.100,8,Yes
Rule-Based vs 1SGS,869,2,oneSGS,10,19,0.014,0.100,7,No
Rule-Based vs 1SGS,870,2,rule,10,23,0.008,0.100,6,No
Rule-Based vs 1SGS,871,,,0,800,0.003,0.100,8,Yes
Rule-Based vs 1SGS,872,,,0,800,0.004,0.100,7,Yes
Rule-Based vs 1SGS,873,2,oneSGS,10,27,0.003,0.100,8,No
Rule-Based vs 1SGS,874,,,0,800,0.003,0.100,7,Yes
Rule-Based vs 1SGS,875,0,oneSGS,10,21,0.008,0.100,6,No
Rule-Based vs 1SGS,876,0,rule,15,9,0.018,0.100,7,No
Rule-Based vs 1SGS,877,1,oneSGS,10,38,0.014,0.100,9,No
Rule-Based vs 1SGS,878,,,0,800,0.003,0.100,8,Yes
Rule-Based vs 1SGS,879,0,rule,10,21,0.004,0.100,9,No
Rule-Based vs 1SGS,880,,,0,800,0.007,0.100,6,Yes
Rule-Based vs 1SGS,881,,,0,800,0.008,0.100,8,Yes
Rule-Based vs 1SGS,882,0,oneSGS,10,29,0.006,0.100,8,No
Rule-Based vs 1SGS,883,,,0,800,0.008,0.100,8,Yes
Rule-Based vs 1SGS,884,1,oneSGS,15,38,0.007,0.100,8,No
Rule-Based vs 1SGS,885,1,rule,15,38,0.010,0.100,9,No
Rule-Based vs 1SGS,886,,,0,800,0.009,0.100,8,Yes
Rule-Based vs 1SGS,887,,,0,800,0.003,0.100,8,Yes
Rule-Based vs 1SGS,888,,,0,800,0.006,0.100,6,Yes
Rule-Based vs 1SGS,889,0,rule,10,45,0.006,0.100,9,No
Rule-Based vs 1SGS,890,1,oneSGS,10,34,0.005,0.100,8,No
Rule-Based vs 1SGS,891,,,0,800,0.006,0.100,8,Yes
Rule-Based vs 1SGS,892,2,rule,10,11,0.020,0.100,7,No
Rule-Based vs 1SGS,893,,,0,800,0.003,0.100,8,Yes
Rule-Based vs 1SGS,894,3,oneSGS,15,28,0.003,0.100,7,No
Rule-Based vs 1SGS,895,,,0,800,0.002,0.100,7,Yes
Rule-Based vs 1SGS,896,1,oneSGS,15,30,0.006,0.100,7,No
Rule-Based vs 1SGS,897,3,rule,10,20,0.008,0.200,7,No
Rule-Based vs 1SGS,898,0,oneSGS,10,41,0.007,0.100,8,No
Rule-Based vs 1SGS,899,1,rule,10,26,0.007,0.100,9,No
Rule-Based vs 1SGS,900,0,oneSGS,15,25,0.007,0.100,8,No
Rule-Based vs 1SGS,901,,,0,800,0.003,0.100,7,Yes
Rule-Based vs 1SGS,902,0,rule,10,13,0.013,0.100,7,No
Rule-Based vs 1SGS,903,,,0,800,0.006,0.100,8,Yes
Rule-Based vs 1SGS,904,3,oneSGS,10,12,0.007,0.100,6,No
Rule-Based vs 1SGS,905,0,oneSGS,10,33,0.000,0.000,9,No
Rule-Based vs 1SGS,906,0,oneSGS,10,25,0.004,0.100,9,No
Rule-Based vs 1SGS,907,,,0,800,0.006,0.100,8,Yes
Rule-Based vs 1SGS,908,1,oneSGS,10,30,0.015,0.100,8,No
Rule-Based vs 1SGS,909,,,0,800,0.000,0.000,8,Yes
Rule-Based vs 1SGS,910,1,oneSGS,10,46,0.002,0.100,9,No
Rule-Based vs 1SGS,911,0,rule,10,25,0.007,0.100,8,No
Rule-Based vs 1SGS,912,,,0,800,0.003,0.100,7,Yes
Rule-Based vs 1SGS,913,1,oneSGS,10,34,0.008,0.100,8,No
Rule-Based vs 1SGS,914,,,0,800,0.002,0.100,8,Yes
Rule-Based vs 1SGS,915,,,0,800,0.003,0.100,8,Yes
Rule-Based vs 1SGS,916,2,rule,10,23,0.008,0.100,7,No
Rule-Based vs 1SGS,917,,,0,800,0.006,0.100,6,Yes
Rule-Based vs 1SGS,918,2,rule,10,11,0.014,0.100,7,No
Rule-Based vs 1SGS,919,,,0,800,0.009,0.100,6,Yes
Rule-Based vs 1SGS,920,1,oneSGS,10,34,0.008,0.100,8,No
Rule-Based vs 1SGS,921,0,rule,10,45,0.006,0.100,8,No
Rule-Based vs 1SGS,922,3,rule,10,48,0.008,0.100,9,No
Rule-Based vs 1SGS,923,,,0,800,0.006,0.100,8,Yes
Rule-Based vs 1SGS,924,,,0,800,0.003,0.100,8,Yes
Rule-Based vs 1SGS,925,,,0,800,0.006,0.100,7,Yes
Rule-Based vs 1SGS,926,3,oneSGS,15,40,0.002,0.100,9,No
Rule-Based vs 1SGS,927,,,0,800,0.005,0.100,8,Yes
Rule-Based vs 1SGS,928,3,rule,10,20,0.009,0.100,7,No
Rule-Based vs 1SGS,929,3,oneSGS,10,32,0.006,0.100,9,No
Rule-Based vs 1SGS,930,2,rule,10,19,0.005,0.100,7,No
Rule-Based vs 1SGS,931,,,0,800,0.003,0.100,7,Yes
Rule-Based vs 1SGS,932,,,0,800,0.006,0.100,8,Yes
Rule-Based vs 1SGS,933,2,rule,15,43,0.004,0.100,7,No
Rule-Based vs 1SGS,934,,,0,800,0.006,0.100,8,Yes
Rule-Based vs 1SGS,935,0,rule,10,29,0.006,0.100,9,No
Rule-Based vs 1SGS,936,1,oneSGS,10,34,0.008,0.100,8,No
Rule-Based vs 1SGS,937,3,oneSGS,10,20,0.010,0.100,8,No
Rule-Based vs 1SGS,938,2,oneSGS,10,15,0.010,0.100,8,No
Rule-Based vs 1SGS,939,1,rule,10,14,0.007,0.100,5,No
Rule-Based vs 1SGS,940,2,rule,15,35,0.003,0.100,8,No
Rule-Based vs 1SGS,941,,,0,800,0.003,0.100,8,Yes
Rule-Based vs 1SGS,942,2,oneSGS,10,35,0.008,0.100,9,No
Rule-Based vs 1SGS,943,,,0,800,0.006,0.100,8,Yes
Rule-Based vs 1SGS,944,2,oneSGS,10,3,0.000,0.000,6,No
Rule-Based vs 1SGS,945,3,oneSGS,10,16,0.006,0.100,5,No
Rule-Based vs 1SGS,946,1,rule,10,26,0.010,0.100,8,No
Rule-Based vs 1SGS,947,,,0,800,0.006,0.100,8,Yes
Rule-Based vs 1SGS,948,,,0,800,0.002,0.100,8,Yes
Rule-Based vs 1SGS,949,2,oneSGS,10,27,0.000,0.000,7,No
Rule-Based vs 1SGS,950,,,0,800,0.005,0.200,7,Yes
Rule-Based vs 1SGS,951,0,oneSGS,10,9,0.008,0.100,6,No
Rule-Based vs 1SGS,952,,,0,800,0.006,0.100,8,Yes
Rule-Based vs 1SGS,953,2,oneSGS,10,23,0.011,0.100,8,No
Rule-Based vs 1SGS,954,,,0,800,0.004,0.100,8,Yes
Rule-Based vs 1SGS,955,,,0,800,0.007,0.100,8,Yes
Rule-Based vs 1SGS,956,,,0,800,0.005,0.100,8,Yes
Rule-Based vs 1SGS,957,,,0,800,0.006,0.100,8,Yes
Rule-Based vs 1SGS,958,,,0,800,0.005,0.100,8,Yes
Rule-Based vs 1SGS,959,3,rule,10,24,0.010,0.100,8,No
Rule-Based vs 1SGS,960,1,oneSGS,10,38,0.002,0.100,9,No
Rule-Based vs 1SGS,961,,,0,800,0.005,0.100,8,Yes
Rule-Based vs 1SGS,962,2,rule,10,43,0.006,0.100,9,No
Rule-Based vs 1SGS,963,,,0,800,0.007,0.100,8,Yes
Rule-Based vs 1SGS,964,3,rule,10,40,0.007,0.100,9,No
Rule-Based vs 1SGS,965,,,0,800,0.009,0.100,7,Yes
Rule-Based vs 1SGS,966,,,0,800,0.006,0.100,7,Yes
Rule-Based vs 1SGS,967,0,oneSGS,15,41,0.007,0.100,9,No
Rule-Based vs 1SGS,968,0,oneSGS,15,41,0.005,0.100,9,No
Rule-Based vs 1SGS,969,1,rule,10,14,0.000,0.000,7,No
Rule-Based vs 1SGS,970,,,0,800,0.006,0.100,8,Yes
Rule-Based vs 1SGS,971,,,0,800,0.003,0.100,8,Yes
Rule-Based vs 1SGS,972,3,oneSGS,10,28,0.006,0.100,8,No
Rule-Based vs 1SGS,973,0,rule,10,33,0.006,0.100,8,No
Rule-Based vs 1SGS,974,,,0,800,0.005,0.100,8,Yes
Rule-Based vs 1SGS,975,,,0,800,0.005,0.100,8,Yes
Rule-Based vs 1SGS,976,,,0,800,0.009,0.100,7,Yes
Rule-Based vs 1SGS,977,1,oneSGS,10,22,0.011,0.100,9,No
Rule-Based vs 1SGS,978,,,0,800,0.005,0.100,8,Yes
Rule-Based vs 1SGS,979,,,0,800,0.009,0.200,6,Yes
Rule-Based vs 1SGS,980,2,rule,10,43,0.002,0.100,8,No
Rule-Based vs 1SGS,981,3,rule,10,8,0.010,0.100,7,No
Rule-Based vs 1SGS,982,2,oneSGS,10,27,0.006,0.100,9,No
Rule-Based vs 1SGS,983,3,rule,10,44,0.008,0.100,9,No
Rule-Based vs 1SGS,984,2,rule,10,43,0.004,0.100,9,No
Rule-Based vs 1SGS,985,1,oneSGS,10,34,0.005,0.100,9,No
Rule-Based vs 1SGS,986,2,rule,10,39,0.005,0.200,9,No
Rule-Based vs 1SGS,987,3,rule,10,16,0.011,0.100,5,No
Rule-Based vs 1SGS,988,,,0,800,0.005,0.100,8,Yes
Rule-Based vs 1SGS,989,1,oneSGS,10,42,0.002,0.100,9,No
Rule-Based vs 1SGS,990,,,0,800,0.002,0.100,8,Yes
Rule-Based vs 1SGS,991,,,0,800,0.009,0.100,7,Yes
Rule-Based vs 1SGS,992,0,oneSGS,10,37,0.007,0.100,9,No
Rule-Based vs 1SGS,993,1,oneSGS,10,26,0.003,0.100,9,No
Rule-Based vs 1SGS,994,3,oneSGS,10,40,0.009,0.100,9,No
Rule-Based vs 1SGS,995,,,0,800,0.002,0.100,8,Yes
Rule-Based vs 1SGS,996,2,oneSGS,15,43,0.004,0.100,9,No
Rule-Based vs 1SGS,997,1,oneSGS,10,30,0.009,0.100,8,No
Rule-Based vs 1SGS,998,2,oneSGS,10,39,0.007,0.100,7,No
Rule-Based vs 1SGS,999,3,rule,10,20,0.009,0.100,6,No
Rule-Based vs 1SGS,1000,0,oneSGS,10,13,0.006,0.100,8,No
Rule-Based vs 1SGS,1001,,,0,800,0.007,0.100,6,Yes
Rule-Based vs 1SGS,1002,0,oneSGS,10,41,0.005,0.100,8,No
Rule-Based vs 1SGS,1003,,,0,800,0.006,0.100,8,Yes
Rule-Based vs 1SGS,1004,,,0,800,0.007,0.100,7,Yes
Rule-Based vs 1SGS,1005,1,rule,15,46,0.004,0.100,9,No
Rule-Based vs 1SGS,1006,,,0,800,0.006,0.100,8,Yes
Rule-Based vs 1SGS,1007,,,0,800,0.003,0.100,8,Yes
Rule-Based vs 1SGS,1008,0,oneSGS,15,21,0.008,0.100,8,No
Rule-Based vs 1SGS,1009,2,rule,10,43,0.002,0.100,9,No
Rule-Based vs 1SGS,1010,2,rule,10,39,0.005,0.100,9,No
Rule-Based vs 1SGS,1011,,,0,800,0.003,0.100,7,Yes
Rule-Based vs 1SGS,1012,,,0,800,0.005,0.100,8,Yes
Rule-Based vs 1SGS,1013,,,0,800,0.006,0.100,7,Yes
Rule-Based vs 1SGS,1014,1,rule,10,30,0.012,0.100,7,No
Rule-Based vs 1SGS,1015,0,rule,15,29,0.006,0.100,8,No
Rule-Based vs 1SGS,1016,,,0,800,0.007,0.100,8,Yes
Rule-Based vs 1SGS,1017,1,rule,10,22,0.008,0.100,8,No
Rule-Based vs 1SGS,1018,0,rule,10,9,0.017,0.100,5,No
Rule-Based vs 1SGS,1019,2,rule,15,11,0.000,0.000,5,No
Rule-Based vs 1SGS,1020,,,0,800,0.006,0.200,8,Yes
Rule-Based vs 1SGS,1021,0,oneSGS,10,9,0.018,0.100,3,No
Rule-Based vs 1SGS,1022,1,oneSGS,10,26,0.007,0.100,6,No
Rule-Based vs 1SGS,1023,,,0,800,0.003,0.100,8,Yes
Rule-Based vs 1SGS,1024,3,rule,10,36,0.007,0.100,8,No
Rule-Based vs 1SGS,1025,1,oneSGS,15,26,0.007,0.100,6,No
Rule-Based vs 1SGS,1026,1,rule,10,14,0.013,0.100,6,No
Rule-Based vs 1SGS,1027,2,rule,10,19,0.004,0.100,7,No
Rule-Based vs 1SGS,1028,2,oneSGS,15,27,0.010,0.100,8,No
Rule-Based vs 1SGS,1029,1,rule,10,22,0.004,0.100,9,No
Rule-Based vs 1SGS,1030,3,rule,10,36,0.010,0.100,8,No
Rule-Based vs 1SGS,1031,,,0,800,0.005,0.100,8,Yes
Rule-Based vs 1SGS,1032,3,oneSGS,10,28,0.009,0.100,8,No
Rule-Based vs 1SGS,1033,0,rule,10,29,0.003,0.100,9,No
Rule-Based vs 1SGS,1034,2,oneSGS,10,43,0.007,0.100,7,No
Rule-Based vs 1SGS,1035,,,0,800,0.001,0.100,8,Yes
Rule-Based vs 1SGS,1036,1,oneSGS,15,38,0.005,0.100,9,No
Rule-Based vs 1SGS,1037,0,oneSGS,15,33,0.003,0.100,8,No
Rule-Based vs 1SGS,1038,3,oneSGS,15,36,0.008,0.100,5,No
Rule-Based vs 1SGS,1039,1,oneSGS,10,34,0.008,0.100,7,No
Rule-Based vs 1SGS,1040,,,0,800,0.006,0.100,7,Yes
Rule-Based vs 1SGS,1041,1,oneSGS,10,14,0.018,0.200,7,No
Rule-Based vs 1SGS,1042,1,oneSGS,10,42,0.004,0.100,8,No
Rule-Based vs 1SGS,1043,2,rule,10,23,0.008,0.100,8,No
Rule-Based vs 1SGS,1044,,,0,800,0.005,0.100,8,Yes
Rule-Based vs 1SGS,1045,0,oneSGS,15,45,0.002,0.100,8,No
Rule-Based vs 1SGS,1046,,,0,800,0.008,0.100,8,Yes
Rule-Based vs 1SGS,1047,,,0,800,0.005,0.100,7,Yes
Rule-Based vs 1SGS,1048,,,0,800,0.007,0.100,7,Yes
Rule-Based vs 1SGS,1049,3,rule,15,8,0.012,0.100,4,No
Rule-Based vs 1SGS,1050,,,0,800,0.006,0.100,8,Yes
Rule-Based vs 1SGS,1051,1,rule,15,38,0.005,0.100,7,No
Rule-Based vs 1SGS,1052,3,rule,15,32,0.000,0.000,9,No
Rule-Based vs 1SGS,1053,,,0,800,0.005,0.100,7,Yes
Rule-Based vs 1SGS,1054,1,rule,15,18,0.005,0.100,6,No
Rule-Based vs 1SGS,1055,,,0,800,0.003,0.100,8,Yes
Rule-Based vs 1SGS,1056,2,oneSGS,10,31,0.009,0.100,8,No
Rule-Based vs 1SGS,1057,,,0,800,0.005,0.100,7,Yes
Rule-Based vs 1SGS,1058,1,oneSGS,10,38,0.005,0.100,9,No
Rule-Based vs 1SGS,1059,3,oneSGS,10,44,0.006,0.100,9,No
Rule-Based vs 1SGS,1060,3,oneSGS,10,44,0.007,0.100,7,No
Rule-Based vs 1SGS,1061,3,oneSGS,15,44,0.006,0.100,9,No
Rule-Based vs 1SGS,1062,2,oneSGS,10,27,0.006,0.100,7,No
Rule-Based vs 1SGS,1063,2,oneSGS,10,47,0.012,0.100,8,No
Rule-Based vs 1SGS,1064,0,rule,15,37,0.000,0.000,9,No
Rule-Based vs 1SGS,1065,,,0,800,0.005,0.100,8,Yes
Rule-Based vs 1SGS,1066,2,oneSGS,10,19,0.010,0.200,7,No
Rule-Based vs 1SGS,1067,,,0,800,0.001,0.100,7,Yes
Rule-Based vs 1SGS,1068,,,0,800,0.005,0.100,8,Yes
Rule-Based vs 1SGS,1069,,,0,800,0.009,0.100,8,Yes
Rule-Based vs 1SGS,1070,2,rule,10,39,0.010,0.100,9,No
Rule-Based vs 1SGS,1071,3,oneSGS,10,40,0.005,0.100,8,No
Rule-Based vs 1SGS,1072,,,0,800,0.001,0.100,7,Yes
Rule-Based vs 1SGS,1073,,,0,800,0.004,0.100,8,Yes
Rule-Based vs 1SGS,1074,1,rule,10,38,0.005,0.100,9,No
Rule-Based vs 1SGS,1075,,,0,800,0.003,0.100,8,Yes
Rule-Based vs 1SGS,1076,,,0,800,0.003,0.100,8,Yes
Rule-Based vs 1SGS,1077,,,0,800,0.005,0.100,8,Yes
Rule-Based vs 1SGS,1078,3,oneSGS,10,28,0.009,0.100,8,No
Rule-Based vs 1SGS,1079,0,oneSGS,15,21,0.004,0.100,9,No
Rule-Based vs 1SGS,1080,3,rule,15,28,0.010,0.100,7,No
Rule-Based vs 1SGS,1081,3,oneSGS,10,32,0.014,0.100,7,No
Rule-Based vs 1SGS,1082,,,0,800,0.004,0.100,6,Yes
Rule-Based vs 1SGS,1083,,,0,800,0.003,0.100,8,Yes
Rule-Based vs 1SGS,1084,,,0,800,0.003,0.100,8,Yes
Rule-Based vs 1SGS,1085,1,oneSGS,15,18,0.005,0.100,6,No
Rule-Based vs 1SGS,1086,0,oneSGS,15,45,0.007,0.100,9,No
Rule-Based vs 1SGS,1087,0,oneSGS,15,17,0.011,0.100,6,No
Rule-Based vs 1SGS,1088,,,0,800,0.006,0.100,7,Yes
Rule-Based vs 1SGS,1089,,,0,800,0.005,0.200,8,Yes
Rule-Based vs 1SGS,1090,1,rule,10,34,0.005,0.100,8,No
Rule-Based vs 1SGS,1091,0,rule,15,45,0.009,0.100,9,No
Rule-Based vs 1SGS,1092,0,oneSGS,10,33,0.008,0.100,7,No
Rule-Based vs 1SGS,1093,1,rule,15,34,0.009,0.200,7,No
Rule-Based vs 1SGS,1094,,,0,800,0.001,0.100,7,Yes
Rule-Based vs 1SGS,1095,,,0,800,0.006,0.100,8,Yes
Rule-Based vs 1SGS,1096,2,rule,10,27,0.006,0.100,8,No
Rule-Based vs 1SGS,1097,1,oneSGS,15,34,0.006,0.100,7,No
Rule-Based vs 1SGS,1098,2,rule,10,43,0.004,0.100,9,No
Rule-Based vs 1SGS,1099,,,0,800,0.005,0.100,8,Yes
Rule-Based vs 1SGS,1100,1,oneSGS,10,22,0.011,0.100,7,No
Rule-Based vs 1SGS,1101,0,oneSGS,15,25,0.011,0.100,8,No
Rule-Based vs 1SGS,1102,,,0,800,0.005,0.100,8,Yes
Rule-Based vs 1SGS,1103,,,0,800,0.003,0.100,8,Yes
Rule-Based vs 1SGS,1104,2,rule,10,15,0.011,0.100,7,No
Rule-Based vs 1SGS,1105,,,0,800,0.008,0.100,5,Yes
Rule-Based vs 1SGS,1106,,,0,800,0.006,0.100,7,Yes
Rule-Based vs 1SGS,1107,2,oneSGS,10,19,0.010,0.100,7,No
Rule-Based vs 1SGS,1108,0,rule,15,29,0.012,0.100,8,No
Rule-Based vs 1SGS,1109,0,oneSGS,10,21,0.004,0.100,7,No
Rule-Based vs 1SGS,1110,0,rule,10,33,0.003,0.100,8,No
Rule-Based vs 1SGS,1111,2,oneSGS,15,31,0.009,0.100,7,No
Rule-Based vs 1SGS,1112,,,0,800,0.005,0.100,8,Yes
Rule-Based vs 1SGS,1113,2,rule,10,27,0.000,0.000,8,No
Rule-Based vs 1SGS,1114,,,0,800,0.011,0.100,7,Yes
Rule-Based vs 1SGS,1115,,,0,800,0.008,0.100,8,Yes
Rule-Based vs 1SGS,1116,,,0,800,0.004,0.100,7,Yes
Rule-Based vs 1SGS,1117,1,oneSGS,10,14,0.006,0.100,6,No
Rule-Based vs 1SGS,1118,0,rule,15,25,0.008,0.100,7,No
Rule-Based vs 1SGS,1119,1,rule,15,42,0.009,0.100,8,No
Rule-Based vs 1SGS,1120,3,oneSGS,10,40,0.002,0.100,7,No
Rule-Based vs 1SGS,1121,0,rule,15,37,0.005,0.100,8,No
Rule-Based vs 1SGS,1122,2,oneSGS,10,27,0.006,0.100,9,No
Rule-Based vs 1SGS,1123,,,0,800,0.006,0.100,7,Yes
Rule-Based vs 1SGS,1124,3,oneSGS,10,20,0.004,0.100,8,No
Rule-Based vs 1SGS,1125,0,oneSGS,10,37,0.010,0.100,9,No
Rule-Based vs 1SGS,1126,0,oneSGS,10,9,0.009,0.100,5,No
Rule-Based vs 1SGS,1127,,,0,800,0.004,0.100,8,Yes
Rule-Based vs 1SGS,1128,2,rule,15,11,0.023,0.100,6,No
Rule-Based vs 1SGS,1129,,,0,800,0.002,0.100,8,Yes
Rule-Based vs 1SGS,1130,,,0,800,0.004,0.100,7,Yes
Rule-Based vs 1SGS,1131,,,0,800,0.006,0.100,8,Yes
Rule-Based vs 1SGS,1132,,,0,800,0.003,0.100,8,Yes
Rule-Based vs 1SGS,1133,,,0,800,0.006,0.100,8,Yes
Rule-Based vs 1SGS,1134,3,rule,10,24,0.008,0.100,6,No
Rule-Based vs 1SGS,1135,,,0,800,0.008,0.100,8,Yes
Rule-Based vs 1SGS,1136,,,0,800,0.003,0.100,7,Yes
Rule-Based vs 1SGS,1137,,,0,800,0.004,0.100,7,Yes
Rule-Based vs 1SGS,1138,,,0,800,0.005,0.100,8,Yes
Rule-Based vs 1SGS,1139,,,0,800,0.004,0.100,7,Yes
Rule-Based vs 1SGS,1140,2,oneSGS,10,19,0.005,0.100,5,No
Rule-Based vs 1SGS,1141,,,0,800,0.006,0.100,8,Yes
Rule-Based vs 1SGS,1142,,,0,800,0.008,0.100,8,Yes
Rule-Based vs 1SGS,1143,1,oneSGS,10,30,0.000,0.000,8,No
Rule-Based vs 1SGS,1144,0,oneSGS,10,29,0.009,0.100,6,No
Rule-Based vs 1SGS,1145,0,rule,10,5,0.014,0.100,7,No
Rule-Based vs 1SGS,1146,,,0,800,0.006,0.100,8,Yes
Rule-Based vs 1SGS,1147,0,oneSGS,15,45,0.002,0.100,9,No
Rule-Based vs 1SGS,1148,1,rule,10,34,0.011,0.100,9,No
Rule-Based vs 1SGS,1149,1,rule,10,30,0.003,0.100,8,No
Rule-Based vs 1SGS,1150,1,oneSGS,10,26,0.007,0.100,6,No
Rule-Based vs 1SGS,1151,,,0,800,0.006,0.100,8,Yes
Rule-Based vs 1SGS,1152,,,0,800,0.004,0.100,7,Yes
Rule-Based vs 1SGS,1153,,,0,800,0.004,0.100,7,Yes
Rule-Based vs 1SGS,1154,2,rule,10,43,0.004,0.100,8,No
Rule-Based vs 1SGS,1155,1,oneSGS,10,34,0.008,0.100,8,No
Rule-Based vs 1SGS,1156,2,rule,15,43,0.002,0.100,9,No
Rule-Based vs 1SGS,1157,2,oneSGS,10,15,0.006,0.100,5,No
Rule-Based vs 1SGS,1158,3,oneSGS,15,24,0.008,0.100,5,No
Rule-Based vs 1SGS,1159,,,0,800,0.003,0.100,7,Yes
Rule-Based vs 1SGS,1160,1,oneSGS,15,46,0.002,0.100,8,No
Rule-Based vs 1SGS,1161,,,0,800,0.004,0.100,7,Yes
Rule-Based vs 1SGS,1162,2,oneSGS,10,43,0.008,0.100,8,No
Rule-Based vs 1SGS,1163,,,0,800,0.001,0.100,8,Yes
Rule-Based vs 1SGS,1164,0,rule,10,17,0.011,0.100,6,No
Rule-Based vs 1SGS,1165,1,oneSGS,15,26,0.007,0.100,9,No
Rule-Based vs 1SGS,1166,,,0,800,0.003,0.100,8,Yes
Rule-Based vs 1SGS,1167,0,rule,10,29,0.013,0.100,6,No
Rule-Based vs 1SGS,1168,0,oneSGS,15,25,0.004,0.100,8,No
Rule-Based vs 1SGS,1169,1,oneSGS,15,46,0.006,0.100,9,No
Rule-Based vs 1SGS,1170,2,oneSGS,10,19,0.018,0.100,6,No
Rule-Based vs 1SGS,1171,1,rule,15,38,0.000,0.000,9,No
Rule-Based vs 1SGS,1172,,,0,800,0.006,0.100,7,Yes
Rule-Based vs 1SGS,1173,,,0,800,0.003,0.100,7,Yes
Rule-Based vs 1SGS,1174,,,0,800,0.002,0.100,8,Yes
Rule-Based vs 1SGS,1175,,,0,800,0.009,0.100,8,Yes
Rule-Based vs 1SGS,1176,3,rule,10,12,0.007,0.100,7,No
Rule-Based vs 1SGS,1177,2,oneSGS,10,47,0.008,0.100,9,No
Rule-Based vs 1SGS,1178,,,0,800,0.006,0.100,8,Yes
Rule-Based vs 1SGS,1179,0,rule,10,29,0.000,0.000,9,No
Rule-Based vs 1SGS,1180,3,oneSGS,15,40,0.007,0.100,9,No
Rule-Based vs 1SGS,1181,1,oneSGS,10,30,0.009,0.200,8,No
Rule-Based vs 1SGS,1182,,,0,800,0.008,0.100,8,Yes
Rule-Based vs 1SGS,1183,,,0,800,0.003,0.200,7,Yes
Rule-Based vs 1SGS,1184,3,rule,10,20,0.008,0.100,8,No
Rule-Based vs 1SGS,1185,2,rule,10,31,0.000,0.000,7,No
Rule-Based vs 1SGS,1186,3,rule,10,28,0.013,0.100,7,No
Rule-Based vs 1SGS,1187,0,rule,10,5,0.029,0.100,4,No
Rule-Based vs 1SGS,1188,,,0,800,0.005,0.100,8,Yes
Rule-Based vs 1SGS,1189,,,0,800,0.005,0.100,8,Yes
Rule-Based vs 1SGS,1190,1,rule,10,34,0.003,0.100,8,No
Rule-Based vs 1SGS,1191,,,0,800,0.005,0.100,8,Yes
Rule-Based vs 1SGS,1192,,,0,800,0.003,0.100,8,Yes
Rule-Based vs 1SGS,1193,3,rule,10,20,0.009,0.100,6,No
Rule-Based vs 1SGS,1194,,,0,800,0.005,0.100,8,Yes
Rule-Based vs 1SGS,1195,1,rule,10,42,0.002,0.100,9,No
Rule-Based vs 1SGS,1196,,,0,800,0.007,0.100,8,Yes
Rule-Based vs 1SGS,1197,3,rule,10,32,0.008,0.100,9,No
Rule-Based vs 1SGS,1198,,,0,800,0.006,0.100,7,Yes
Rule-Based vs 1SGS,1199,0,rule,10,29,0.013,0.100,6,No
Rule-Based vs 1SGS,1200,,,0,800,0.002,0.100,8,Yes
Rule-Based vs 1SGS,1201,2,oneSGS,10,11,0.007,0.100,8,No
Rule-Based vs 1SGS,1202,0,rule,15,33,0.008,0.100,9,No
Rule-Based vs 1SGS,1203,2,rule,10,19,0.004,0.100,7,No
Rule-Based vs 1SGS,1204,,,0,800,0.005,0.100,8,Yes
Rule-Based vs 1SGS,1205,,,0,800,0.002,0.100,8,Yes
Rule-Based vs 1SGS,1206,,,0,800,0.003,0.100,8,Yes
Rule-Based vs 1SGS,1207,,,0,800,0.005,0.100,8,Yes
Rule-Based vs 1SGS,1208,,,0,800,0.004,0.100,7,Yes
Rule-Based vs 1SGS,1209,,,0,800,0.006,0.100,8,Yes
Rule-Based vs 1SGS,1210,,,0,800,0.001,0.100,8,Yes
Rule-Based vs 1SGS,1211,,,0,800,0.002,0.100,8,Yes
Rule-Based vs 1SGS,1212,3,oneSGS,10,32,0.003,0.100,8,No
Rule-Based vs 1SGS,1213,2,rule,10,23,0.011,0.100,7,No
Rule-Based vs 1SGS,1214,0,oneSGS,15,25,0.000,0.000,8,No
Rule-Based vs 1SGS,1215,1,rule,15,26,0.007,0.100,7,No
Rule-Based vs 1SGS,1216,3,rule,10,20,0.012,0.100,8,No
Rule-Based vs 1SGS,1217,2,oneSGS,10,35,0.005,0.100,9,No
Rule-Based vs 1SGS,1218,,,0,800,0.007,0.100,8,Yes
Rule-Based vs 1SGS,1219,1,oneSGS,15,30,0.006,0.100,8,No
Rule-Based vs 1SGS,1220,2,rule,10,27,0.010,0.100,7,No
Rule-Based vs 1SGS,1221,1,rule,10,14,0.012,0.100,4,No
Rule-Based vs 1SGS,1222,3,oneSGS,10,24,0.007,0.100,7,No
Rule-Based vs 1SGS,1223,0,oneSGS,10,45,0.008,0.100,9,No
Rule-Based vs 1SGS,1224,2,rule,10,43,0.006,0.100,8,No
Rule-Based vs 1SGS,1225,1,oneSGS,10,46,0.004,0.100,9,No
Rule-Based vs 1SGS,1226,3,oneSGS,10,36,0.005,0.100,9,No
Rule-Based vs 1SGS,1227,3,oneSGS,10,36,0.005,0.100,9,No
Rule-Based vs 1SGS,1228,0,oneSGS,15,33,0.000,0.000,8,No
Rule-Based vs 1SGS,1229,,,0,800,0.006,0.100,7,Yes
Rule-Based vs 1SGS,1230,,,0,800,0.003,0.100,8,Yes
Rule-Based vs 1SGS,1231,0,oneSGS,10,17,0.000,0.000,6,No
Rule-Based vs 1SGS,1232,,,0,800,0.008,0.200,7,Yes
Rule-Based vs 1SGS,1233,,,0,800,0.006,0.100,8,Yes
Rule-Based vs 1SGS,1234,0,rule,10,45,0.004,0.100,9,No
Rule-Based vs 1SGS,1235,3,oneSGS,10,8,0.011,0.100,5,No
Rule-Based vs 1SGS,1236,3,rule,10,28,0.030,0.200,8,No
Rule-Based vs 1SGS,1237,2,oneSGS,10,19,0.024,0.100,7,No
Rule-Based vs 1SGS,1238,2,oneSGS,10,31,0.026,0.200,8,No
Rule-Based vs 1SGS,1239,2,rule,10,35,0.030,0.100,6,No
Rule-Based vs 1SGS,1240,3,rule,10,28,0.034,0.300,9,No
Rule-Based vs 1SGS,1241,3,oneSGS,15,48,0.027,0.500,8,No
Rule-Based vs 1SGS,1242,0,rule,10,25,0.033,0.100,6,No
Rule-Based vs 1SGS,1243,,,0,800,0.011,0.100,8,Yes
Rule-Based vs 1SGS,1244,,,0,800,0.013,0.100,6,Yes
Rule-Based vs 1SGS,1245,2,oneSGS,15,47,0.008,0.100,9,No
Rule-Based vs 1SGS,1246,,,0,800,0.008,0.100,8,Yes
Rule-Based vs 1SGS,1247,3,oneSGS,10,48,0.004,0.100,9,No
Rule-Based vs 1SGS,1248,,,0,800,0.003,0.100,8,Yes
Rule-Based vs 1SGS,1249,,,0,800,0.005,0.100,8,Yes
Rule-Based vs 1SGS,1250,,,0,800,0.009,0.100,6,Yes
Rule-Based vs 1SGS,1251,2,oneSGS,15,35,0.010,0.100,8,No
Rule-Based vs 1SGS,1252,,,0,800,0.002,0.100,7,Yes
Rule-Based vs 1SGS,1253,,,0,800,0.003,0.100,8,Yes
Rule-Based vs 1SGS,1254,0,rule,15,33,0.005,0.100,8,No
Rule-Based vs 1SGS,1255,1,rule,10,10,0.008,0.100,5,No
Rule-Based vs 1SGS,1256,,,0,800,0.003,0.100,8,Yes
Rule-Based vs 1SGS,1257,,,0,800,0.003,0.100,8,Yes
Rule-Based vs 1SGS,1258,1,oneSGS,15,22,0.009,0.100,8,No
Rule-Based vs 1SGS,1259,2,oneSGS,10,31,0.003,0.100,7,No
Rule-Based vs 1SGS,1260,,,0,800,0.003,0.100,8,Yes
Rule-Based vs 1SGS,1261,2,oneSGS,10,39,0.008,0.100,8,No
Rule-Based vs 1SGS,1262,0,rule,10,45,0.010,0.100,9,No
Rule-Based vs 1SGS,1263,0,oneSGS,10,33,0.006,0.100,7,No
Rule-Based vs 1SGS,1264,2,rule,10,11,0.015,0.100,4,No
Rule-Based vs 1SGS,1265,1,oneSGS,10,38,0.007,0.100,8,No
Rule-Based vs 1SGS,1266,0,oneSGS,15,33,0.003,0.100,8,No
Rule-Based vs 1SGS,1267,1,oneSGS,10,38,0.007,0.100,8,No
Rule-Based vs 1SGS,1268,,,0,800,0.003,0.100,8,Yes
Rule-Based vs 1SGS,1269,2,rule,10,35,0.007,0.100,8,No
Rule-Based vs 1SGS,1270,1,rule,10,46,0.004,0.100,9,No
Rule-Based vs 1SGS,1271,,,0,800,0.005,0.100,7,Yes
Rule-Based vs 1SGS,1272,1,oneSGS,10,46,0.006,0.100,8,No
Rule-Based vs 1SGS,1273,0,rule,10,33,0.006,0.100,9,No
Rule-Based vs 1SGS,1274,0,oneSGS,10,45,0.006,0.100,8,No
Rule-Based vs 1SGS,1275,0,oneSGS,10,5,0.014,0.100,4,No
Rule-Based vs 1SGS,1276,0,oneSGS,10,9,0.008,0.100,7,No
Rule-Based vs 1SGS,1277,0,rule,10,13,0.006,0.100,8,No
Rule-Based vs 1SGS,1278,,,0,800,0.004,0.100,8,Yes
Rule-Based vs 1SGS,1279,3,rule,10,44,0.008,0.100,9,No
Rule-Based vs 1SGS,1280,,,0,800,0.004,0.100,8,Yes
Rule-Based vs 1SGS,1281,,,0,800,0.006,0.100,8,Yes
Rule-Based vs 1SGS,1282,,,0,800,0.004,0.100,7,Yes
Rule-Based vs 1SGS,1283,,,0,800,0.004,0.100,7,Yes
Rule-Based vs 1SGS,1284,1,oneSGS,10,38,0.005,0.100,8,No
Rule-Based vs 1SGS,1285,3,rule,10,44,0.012,0.100,7,No
Rule-Based vs 1SGS,1286,1,oneSGS,15,42,0.007,0.100,8,No
Rule-Based vs 1SGS,1287,,,0,800,0.008,0.100,8,Yes
Rule-Based vs 1SGS,1288,2,oneSGS,10,31,0.003,0.100,8,No
Rule-Based vs 1SGS,1289,,,0,800,0.004,0.100,8,Yes
Rule-Based vs 1SGS,1290,2,rule,15,31,0.006,0.100,9,No
Rule-Based vs 1SGS,1291,1,oneSGS,10,26,0.000,0.000,8,No
Rule-Based vs 1SGS,1292,0,oneSGS,10,21,0.004,0.100,8,No
Rule-Based vs 1SGS,1293,0,rule,15,37,0.005,0.100,9,No
Rule-Based vs 1SGS,1294,0,rule,10,37,0.002,0.100,7,No
Rule-Based vs 1SGS,1295,,,0,800,0.004,0.100,8,Yes
Rule-Based vs 1SGS,1296,,,0,800,0.000,0.000,8,Yes
Rule-Based vs 1SGS,1297,0,oneSGS,15,45,0.006,0.100,9,No
Rule-Based vs 1SGS,1298,0,rule,10,13,0.014,0.100,3,No
Rule-Based vs 1SGS,1299,,,0,800,0.005,0.100,8,Yes
Rule-Based vs 1SGS,1300,,,0,800,0.004,0.100,8,Yes
Rule-Based vs 1SGS,1301,3,rule,10,24,0.011,0.100,6,No
Rule-Based vs 1SGS,1302,1,oneSGS,10,30,0.005,0.100,9,No
Rule-Based vs 1SGS,1303,3,rule,10,48,0.006,0.100,8,No
Rule-Based vs 1SGS,1304,0,rule,10,21,0.008,0.100,9,No
Rule-Based vs 1SGS,1305,,,0,800,0.005,0.100,8,Yes
Rule-Based vs 1SGS,1306,0,rule,15,25,0.008,0.100,6,No
Rule-Based vs 1SGS,1307,0,oneSGS,10,29,0.006,0.100,8,No
Rule-Based vs 1SGS,1308,3,oneSGS,10,24,0.006,0.100,8,No
Rule-Based vs 1SGS,1309,2,oneSGS,10,19,0.005,0.100,7,No
Rule-Based vs 1SGS,1310,,,0,800,0.002,0.100,8,Yes
Rule-Based vs 1SGS,1311,3,oneSGS,15,28,0.007,0.100,8,No
Rule-Based vs 1SGS,1312,1,oneSGS,10,46,0.002,0.100,9,No
Rule-Based vs 1SGS,1313,0,rule,15,29,0.006,0.100,9,No
Rule-Based vs 1SGS,1314,1,oneSGS,10,6,0.014,0.100,6,No
Rule-Based vs 1SGS,1315,2,rule,15,27,0.007,0.100,9,No
Rule-Based vs 1SGS,1316,1,oneSGS,10,10,0.018,0.100,5,No
Rule-Based vs 1SGS,1317,,,0,800,0.004,0.100,7,Yes
Rule-Based vs 1SGS,1318,,,0,800,0.004,0.200,7,Yes
Rule-Based vs 1SGS,1319,3,rule,15,36,0.008,0.100,8,No
Rule-Based vs 1SGS,1320,,,0,800,0.003,0.100,8,Yes
Rule-Based vs 1SGS,1321,2,oneSGS,10,27,0.006,0.100,8,No
Rule-Based vs 1SGS,1322,1,rule,15,34,0.008,0.100,9,No
Rule-Based vs 1SGS,1323,2,oneSGS,15,19,0.005,0.100,8,No
Rule-Based vs 1SGS,1324,,,0,800,0.005,0.100,8,Yes
Rule-Based vs 1SGS,1325,2,rule,10,27,0.007,0.100,7,No
Rule-Based vs 1SGS,1326,,,0,800,0.005,0.100,8,Yes
Rule-Based vs 1SGS,1327,1,oneSGS,10,6,0.013,0.100,6,No
Rule-Based vs 1SGS,1328,3,rule,15,44,0.011,0.100,7,No
Rule-Based vs 1SGS,1329,,,0,800,0.007,0.100,7,Yes
Rule-Based vs 1SGS,1330,3,rule,15,20,0.014,0.100,5,No
Rule-Based vs 1SGS,1331,,,0,800,0.003,0.100,8,Yes
Rule-Based vs 1SGS,1332,2,rule,10,39,0.012,0.100,8,No
Rule-Based vs 1SGS,1333,,,0,800,0.003,0.100,8,Yes
Rule-Based vs 1SGS,1334,2,rule,10,15,0.012,0.100,6,No
Rule-Based vs 1SGS,1335,2,rule,10,23,0.008,0.100,9,No
Rule-Based vs 1SGS,1336,3,rule,10,16,0.011,0.100,8,No
Rule-Based vs 1SGS,1337,3,rule,15,20,0.012,0.200,7,No
Rule-Based vs 1SGS,1338,,,0,800,0.008,0.200,8,Yes
Rule-Based vs 1SGS,1339,1,rule,10,42,0.005,0.100,7,No
Rule-Based vs 1SGS,1340,1,oneSGS,10,30,0.006,0.100,9,No
Rule-Based vs 1SGS,1341,1,oneSGS,15,46,0.002,0.100,9,No
Rule-Based vs 1SGS,1342,,,0,800,0.009,0.100,8,Yes
Rule-Based vs 1SGS,1343,1,oneSGS,10,18,0.005,0.100,8,No
Rule-Based vs 1SGS,1344,,,0,800,0.002,0.100,8,Yes
Rule-Based vs 1SGS,1345,2,oneSGS,10,19,0.014,0.100,7,No
Rule-Based vs 1SGS,1346,0,rule,10,41,0.015,0.300,9,No
Rule-Based vs 1SGS,1347,3,oneSGS,15,48,0.016,0.200,9,No
Rule-Based vs 1SGS,1348,3,rule,10,28,0.031,0.200,5,No
Rule-Based vs 1SGS,1349,,,0,800,0.023,0.200,8,Yes
Rule-Based vs 1SGS,1350,0,oneSGS,15,41,0.017,0.200,7,No
Rule-Based vs 1SGS,1351,,,0,800,0.031,0.500,8,Yes
Rule-Based vs 1SGS,1352,,,0,800,0.018,0.200,7,Yes
Rule-Based vs 1SGS,1353,3,oneSGS,15,24,0.033,0.200,7,No
Rule-Based vs 1SGS,1354,,,0,800,0.028,0.300,8,Yes
Rule-Based vs 1SGS,1355,,,0,800,0.011,0.100,8,Yes
Rule-Based vs 1SGS,1356,,,0,800,0.012,0.100,8,Yes
Rule-Based vs 1SGS,1357,,,0,800,0.009,0.100,7,Yes
Rule-Based vs 1SGS,1358,2,oneSGS,10,35,0.010,0.100,9,No
Rule-Based vs 1SGS,1359,,,0,800,0.011,0.100,8,Yes
Rule-Based vs 1SGS,1360,2,rule,10,35,0.010,0.100,9,No
Rule-Based vs 1SGS,1361,,,0,800,0.020,0.400,7,Yes
Rule-Based vs 1SGS,1362,,,0,800,0.009,0.100,8,Yes
Rule-Based vs 1SGS,1363,3,rule,10,32,0.012,0.100,8,No
Rule-Based vs 1SGS,1364,3,rule,10,48,0.006,0.100,8,No
Rule-Based vs 1SGS,1365,2,oneSGS,15,11,0.008,0.100,7,No
Rule-Based vs 1SGS,1366,3,oneSGS,10,32,0.011,0.100,8,No
Rule-Based vs 1SGS,1367,3,rule,15,4,0.020,0.100,6,No
Rule-Based vs 1SGS,1368,,,0,800,0.001,0.100,8,Yes
Rule-Based vs 1SGS,1369,0,oneSGS,10,37,0.007,0.100,8,No
Rule-Based vs 1SGS,1370,,,0,800,0.006,0.100,8,Yes
Rule-Based vs 1SGS,1371,,,0,800,0.005,0.100,8,Yes
Rule-Based vs 1SGS,1372,3,rule,10,40,0.009,0.100,9,No
Rule-Based vs 1SGS,1373,,,0,800,0.007,0.100,7,Yes
Rule-Based vs 1SGS,1374,,,0,800,0.010,0.300,8,Yes
Rule-Based vs 1SGS,1375,,,0,800,0.004,0.100,8,Yes
Rule-Based vs 1SGS,1376,0,oneSGS,10,45,0.002,0.100,9,No
Rule-Based vs 1SGS,1377,0,rule,10,33,0.006,0.100,9,No
Rule-Based vs 1SGS,1378,3,oneSGS,10,28,0.009,0.100,8,No
Rule-Based vs 1SGS,1379,2,rule,10,27,0.003,0.100,9,No
Rule-Based vs 1SGS,1380,2,rule,10,35,0.005,0.100,9,No
Rule-Based vs 1SGS,1381,,,0,800,0.010,0.200,7,Yes
Rule-Based vs 1SGS,1382,3,rule,15,12,0.038,0.100,6,No
Rule-Based vs 1SGS,1383,,,0,800,0.011,0.100,8,Yes
Rule-Based vs 1SGS,1384,,,0,800,0.018,0.200,8,Yes
Rule-Based vs 1SGS,1385,2,oneSGS,10,39,0.022,0.100,9,No
Rule-Based vs 1SGS,1386,3,rule,15,36,0.025,0.100,8,No
Rule-Based vs 1SGS,1387,,,0,800,0.009,0.100,7,Yes
Rule-Based vs 1SGS,1388,3,oneSGS,10,48,0.020,0.200,8,No
Rule-Based vs 1SGS,1389,0,rule,10,45,0.024,0.100,9,No
Rule-Based vs 1SGS,1390,,,0,800,0.022,0.200,8,Yes
Rule-Based vs 1SGS,1391,,,0,800,0.009,0.100,7,Yes
Rule-Based vs 1SGS,1392,3,rule,10,12,0.021,0.100,5,No
Rule-Based vs 1SGS,1393,,,0,800,0.011,0.100,8,Yes
Rule-Based vs 1SGS,1394,3,oneSGS,10,28,0.016,0.100,7,No
Rule-Based vs 1SGS,1395,3,oneSGS,10,40,0.014,0.100,9,No
Rule-Based vs 1SGS,1396,0,rule,15,25,0.007,0.100,9,No
Rule-Based vs 1SGS,1397,2,oneSGS,10,15,0.018,0.100,8,No
Rule-Based vs 1SGS,1398,0,rule,15,41,0.005,0.100,8,No
Rule-Based vs 1SGS,1399,3,rule,10,20,0.013,0.100,6,No
Rule-Based vs 1SGS,1400,,,0,800,0.009,0.100,6,Yes
Rule-Based vs 1SGS,1401,2,rule,10,31,0.008,0.100,9,No
Rule-Based vs 1SGS,1402,0,oneSGS,10,33,0.000,0.000,8,No
Rule-Based vs 1SGS,1403,2,oneSGS,10,31,0.006,0.100,9,No
Rule-Based vs 1SGS,1404,2,oneSGS,10,27,0.006,0.100,8,No
Rule-Based vs 1SGS,1405,,,0,800,0.003,0.100,8,Yes
Rule-Based vs 1SGS,1406,,,0,800,0.009,0.100,8,Yes
Rule-Based vs 1SGS,1407,2,oneSGS,10,7,0.056,0.100,5,No
Rule-Based vs 1SGS,1408,1,rule,10,22,0.033,0.200,9,No
Rule-Based vs 1SGS,1409,3,rule,10,40,0.013,0.100,7,No
Rule-Based vs 1SGS,1410,,,0,800,0.015,0.100,8,Yes
Rule-Based vs 1SGS,1411,1,rule,10,46,0.012,0.100,9,No
Rule-Based vs 1SGS,1412,0,oneSGS,10,41,0.014,0.100,9,No
Rule-Based vs 1SGS,1413,0,oneSGS,10,37,0.010,0.100,8,No
Rule-Based vs 1SGS,1414,,,0,800,0.010,0.200,7,Yes
Rule-Based vs 1SGS,1415,,,0,800,0.006,0.100,8,Yes
Rule-Based vs 1SGS,1416,,,0,800,0.021,0.200,7,Yes
Rule-Based vs 1SGS,1417,,,0,800,0.007,0.100,7,Yes
Rule-Based vs 1SGS,1418,,,0,800,0.010,0.200,7,Yes
Rule-Based vs 1SGS,1419,2,rule,15,31,0.009,0.100,9,No
Rule-Based vs 1SGS,1420,,,0,800,0.009,0.100,8,Yes
Rule-Based vs 1SGS,1421,,,0,800,0.011,0.100,8,Yes
Rule-Based vs 1SGS,1422,,,0,800,0.012,0.100,7,Yes
Rule-Based vs 1SGS,1423,,,0,800,0.009,0.100,7,Yes
Rule-Based vs 1SGS,1424,3,oneSGS,15,48,0.018,0.100,7,No
Rule-Based vs 1SGS,1425,3,oneSGS,15,12,0.020,0.100,7,No
Rule-Based vs 1SGS,1426,2,oneSGS,15,47,0.015,0.100,9,No
Rule-Based vs 1SGS,1427,3,oneSGS,10,24,0.014,0.100,6,No
Rule-Based vs 1SGS,1428,2,rule,10,43,0.008,0.100,9,No
Rule-Based vs 1SGS,1429,3,oneSGS,10,48,0.012,0.100,8,No
Rule-Based vs 1SGS,1430,,,0,800,0.009,0.100,7,Yes
Rule-Based vs 1SGS,1431,,,0,800,0.012,0.100,8,Yes
Rule-Based vs 1SGS,1432,3,oneSGS,10,48,0.014,0.100,6,No
Rule-Based vs 1SGS,1433,,,0,800,0.009,0.200,8,Yes
Rule-Based vs 1SGS,1434,1,rule,10,26,0.007,0.100,8,No
Rule-Based vs 1SGS,1435,1,rule,10,30,0.016,0.100,8,No
Rule-Based vs 1SGS,1436,2,oneSGS,10,27,0.012,0.200,8,No
Rule-Based vs 1SGS,1437,2,oneSGS,15,39,0.009,0.100,9,No
Rule-Based vs 1SGS,1438,2,rule,15,15,0.006,0.100,7,No
Rule-Based vs 1SGS,1439,2,oneSGS,10,47,0.004,0.100,9,No
Rule-Based vs 1SGS,1440,0,rule,10,9,0.017,0.100,5,No
Rule-Based vs 1SGS,1441,3,oneSGS,10,20,0.027,0.100,5,No
Rule-Based vs 1SGS,1442,3,oneSGS,15,28,0.016,0.100,8,No
Rule-Based vs 1SGS,1443,1,oneSGS,10,46,0.029,0.200,8,No
Rule-Based vs 1SGS,1444,1,rule,10,38,0.027,0.300,7,No
Rule-Based vs 1SGS,1445,,,0,800,0.032,0.300,7,Yes
Rule-Based vs 1SGS,1446,1,rule,10,46,0.015,0.200,8,No
Rule-Based vs 1SGS,1447,0,oneSGS,10,21,0.027,0.100,5,No
Rule-Based vs 1SGS,1448,,,0,800,0.011,0.100,7,Yes
Rule-Based vs 1SGS,1449,,,0,800,0.011,0.200,8,Yes
Rule-Based vs 1SGS,1450,3,oneSGS,10,40,0.018,0.200,9,No
Rule-Based vs 1SGS,1451,2,rule,10,15,0.005,0.100,7,No
Rule-Based vs 1SGS,1452,,,0,800,0.005,0.100,8,Yes
Rule-Based vs 1SGS,1453,,,0,800,0.004,0.100,8,Yes
Rule-Based vs 1SGS,1454,1,rule,10,22,0.008,0.100,6,No
Rule-Based vs 1SGS,1455,3,oneSGS,10,28,0.013,0.100,8,No
Rule-Based vs 1SGS,1456,0,rule,15,45,0.006,0.100,9,No
Rule-Based vs 1SGS,1457,,,0,800,0.006,0.100,7,Yes
Rule-Based vs 1SGS,1458,,,0,800,0.003,0.100,7,Yes
Rule-Based vs 1SGS,1459,3,rule,10,20,0.009,0.100,7,No
Rule-Based vs 1SGS,1460,2,oneSGS,10,39,0.002,0.100,9,No
Rule-Based vs 1SGS,1461,3,oneSGS,10,44,0.012,0.100,9,No
Rule-Based vs 1SGS,1462,3,oneSGS,10,48,0.004,0.100,9,No
Rule-Based vs 1SGS,1463,,,0,800,0.005,0.100,8,Yes
Rule-Based vs 1SGS,1464,2,rule,10,27,0.007,0.100,9,No
Rule-Based vs 1SGS,1465,,,0,800,0.006,0.100,8,Yes
Rule-Based vs 1SGS,1466,0,rule,10,25,0.007,0.100,8,No
Rule-Based vs 1SGS,1467,,,0,800,0.006,0.100,7,Yes
Rule-Based vs 1SGS,1468,1,oneSGS,10,34,0.003,0.100,8,No
Rule-Based vs 1SGS,1469,,,0,800,0.008,0.100,8,Yes
Rule-Based vs 1SGS,1470,1,rule,10,22,0.008,0.100,6,No
Rule-Based vs 1SGS,1471,0,oneSGS,10,13,0.019,0.100,4,No
Rule-Based vs 1SGS,1472,3,rule,10,48,0.004,0.100,9,No
Rule-Based vs 1SGS,1473,0,rule,15,29,0.009,0.100,7,No
Rule-Based vs 1SGS,1474,1,rule,15,14,0.006,0.100,8,No
Rule-Based vs 1SGS,1475,,,0,800,0.005,0.100,8,Yes
Rule-Based vs 1SGS,1476,,,0,800,0.007,0.100,7,Yes
Rule-Based vs 1SGS,1477,0,oneSGS,15,33,0.006,0.100,8,No
Rule-Based vs 1SGS,1478,,,0,800,0.003,0.100,8,Yes
Rule-Based vs 1SGS,1479,2,oneSGS,15,27,0.007,0.100,7,No
Rule-Based vs 1SGS,1480,1,oneSGS,10,26,0.003,0.100,8,No
Rule-Based vs 1SGS,1481,2,oneSGS,10,31,0.003,0.100,7,No
Rule-Based vs 1SGS,1482,,,0,800,0.005,0.100,8,Yes
Rule-Based vs 1SGS,1483,0,oneSGS,10,41,0.007,0.100,8,No
Rule-Based vs 1SGS,1484,0,oneSGS,10,25,0.010,0.100,9,No
Rule-Based vs 1SGS,1485,2,oneSGS,10,31,0.009,0.100,8,No
Rule-Based vs 1SGS,1486,,,0,800,0.005,0.100,8,Yes
Rule-Based vs 1SGS,1487,1,oneSGS,10,38,0.002,0.100,8,No
Rule-Based vs 1SGS,1488,0,rule,10,33,0.011,0.100,7,No
Rule-Based vs 1SGS,1489,1,rule,10,22,0.004,0.100,8,No
Rule-Based vs 1SGS,1490,2,rule,10,23,0.008,0.100,7,No
Rule-Based vs 1SGS,1491,1,rule,10,30,0.011,0.100,8,No
Rule-Based vs 1SGS,1492,,,0,800,0.002,0.100,8,Yes
Rule-Based vs 1SGS,1493,3,oneSGS,15,28,0.013,0.100,8,No
Rule-Based vs 1SGS,1494,1,rule,10,30,0.000,0.000,8,No
Rule-Based vs 1SGS,1495,0,rule,15,25,0.007,0.100,8,No
Rule-Based vs 1SGS,1496,,,0,800,0.005,0.100,7,Yes
Rule-Based vs 1SGS,1497,3,oneSGS,10,12,0.021,0.300,5,No
Rule-Based vs 1SGS,1498,1,oneSGS,10,26,0.007,0.100,7,No
Rule-Based vs 1SGS,1499,1,rule,10,34,0.010,0.100,9,No
Rule-Based vs 1SGS,1500,1,rule,15,26,0.003,0.100,8,No
Rule-Based vs 1SGS,1501,3,rule,10,24,0.004,0.100,7,No
Rule-Based vs 1SGS,1502,3,rule,10,36,0.005,0.100,9,No
Rule-Based vs 1SGS,1503,2,rule,10,19,0.009,0.100,6,No
Rule-Based vs 1SGS,1504,,,0,800,0.005,0.100,8,Yes
Rule-Based vs 1SGS,1505,1,rule,10,30,0.000,0.000,7,No
Rule-Based vs 1SGS,1506,,,0,800,0.006,0.100,7,Yes
Rule-Based vs 1SGS,1507,,,0,800,0.006,0.100,8,Yes
Rule-Based vs 1SGS,1508,0,rule,10,29,0.006,0.100,8,No
Rule-Based vs 1SGS,1509,,,0,800,0.003,0.100,7,Yes
Rule-Based vs 1SGS,1510,2,rule,10,39,0.014,0.100,7,No
Rule-Based vs 1SGS,1511,,,0,800,0.006,0.100,8,Yes
Rule-Based vs 1SGS,1512,2,oneSGS,10,39,0.009,0.100,9,No
Rule-Based vs 1SGS,1513,,,0,800,0.002,0.100,8,Yes
Rule-Based vs 1SGS,1514,1,rule,15,42,0.007,0.100,9,No
Rule-Based vs 1SGS,1515,3,rule,10,24,0.013,0.200,9,No
Rule-Based vs 1SGS,1516,1,rule,15,34,0.006,0.100,9,No
Rule-Based vs 1SGS,1517,0,rule,15,21,0.008,0.100,7,No
Rule-Based vs 1SGS,1518,1,oneSGS,15,26,0.007,0.100,5,No
Rule-Based vs 1SGS,1519,2,oneSGS,15,23,0.008,0.100,8,No
Rule-Based vs 1SGS,1520,,,0,800,0.003,0.100,8,Yes
Rule-Based vs 1SGS,1521,0,rule,10,21,0.009,0.100,5,No
Rule-Based vs 1SGS,1522,,,0,800,0.005,0.100,8,Yes
Rule-Based vs 1SGS,1523,0,rule,10,33,0.006,0.100,6,No
Rule-Based vs 1SGS,1524,,,0,800,0.006,0.100,6,Yes
Rule-Based vs 1SGS,1525,0,oneSGS,10,41,0.009,0.100,9,No
Rule-Based vs 1SGS,1526,1,oneSGS,10,26,0.007,0.100,6,No
Rule-Based vs 1SGS,1527,2,oneSGS,10,31,0.009,0.100,8,No
Rule-Based vs 1SGS,1528,,,0,800,0.005,0.100,7,Yes
Rule-Based vs 1SGS,1529,,,0,800,0.005,0.100,8,Yes
Rule-Based vs 1SGS,1530,,,0,800,0.005,0.100,8,Yes
Rule-Based vs 1SGS,1531,1,rule,15,34,0.006,0.100,9,No
Rule-Based vs 1SGS,1532,2,rule,15,31,0.006,0.100,7,No
Rule-Based vs 1SGS,1533,,,0,800,0.009,0.100,8,Yes
Rule-Based vs 1SGS,1534,3,oneSGS,15,24,0.012,0.100,8,No
Rule-Based vs 1SGS,1535,1,oneSGS,10,42,0.004,0.100,9,No
Rule-Based vs 1SGS,1536,,,0,800,0.005,0.100,8,Yes
Rule-Based vs 1SGS,1537,2,rule,10,7,0.011,0.100,6,No
Rule-Based vs 1SGS,1538,,,0,800,0.002,0.100,8,Yes
Rule-Based vs 1SGS,1539,0,rule,15,13,0.007,0.100,6,No
Rule-Based vs 1SGS,1540,,,0,800,0.004,0.100,8,Yes
Rule-Based vs 1SGS,1541,3,oneSGS,10,24,0.007,0.100,8,No
Rule-Based vs 1SGS,1542,,,0,800,0.006,0.100,8,Yes
Rule-Based vs 1SGS,1543,0,oneSGS,15,21,0.008,0.100,8,No
Rule-Based vs 1SGS,1544,,,0,800,0.008,0.100,8,Yes
Rule-Based vs 1SGS,1545,3,oneSGS,10,20,0.022,0.300,8,No
Rule-Based vs 1SGS,1546,,,0,800,0.006,0.100,8,Yes
Rule-Based vs 1SGS,1547,0,rule,15,29,0.003,0.100,8,No
Rule-Based vs 1SGS,1548,,,0,800,0.005,0.100,8,Yes
Rule-Based vs 1SGS,1549,,,0,800,0.006,0.100,8,Yes
Rule-Based vs 1SGS,1550,0,rule,10,37,0.007,0.100,9,No
Rule-Based vs 1SGS,1551,,,0,800,0.006,0.100,7,Yes
Rule-Based vs 1SGS,1552,,,0,800,0.004,0.100,7,Yes
Rule-Based vs 1SGS,1553,1,oneSGS,10,34,0.006,0.100,8,No
Rule-Based vs 1SGS,1554,,,0,800,0.005,0.100,8,Yes
Rule-Based vs 1SGS,1555,0,rule,10,37,0.007,0.100,8,No
Rule-Based vs 1SGS,1556,,,0,800,0.002,0.100,8,Yes
Rule-Based vs 1SGS,1557,3,rule,10,44,0.008,0.100,8,No
Rule-Based vs 1SGS,1558,3,oneSGS,10,32,0.003,0.100,9,No
Rule-Based vs 1SGS,1559,0,rule,10,13,0.013,0.100,5,No
Rule-Based vs 1SGS,1560,,,0,800,0.006,0.100,8,Yes
Rule-Based vs 1SGS,1561,3,rule,10,24,0.015,0.200,8,No
Rule-Based vs 1SGS,1562,2,oneSGS,10,47,0.006,0.100,9,No
Rule-Based vs 1SGS,1563,3,rule,15,32,0.006,0.100,8,No
Rule-Based vs 1SGS,1564,1,rule,15,6,0.025,0.100,6,No
Rule-Based vs 1SGS,1565,3,oneSGS,10,24,0.004,0.100,8,No
Rule-Based vs 1SGS,1566,3,rule,15,12,0.008,0.100,7,No
Rule-Based vs 1SGS,1567,0,rule,10,17,0.020,0.100,6,No
Rule-Based vs 1SGS,1568,,,0,800,0.004,0.100,7,Yes
Rule-Based vs 1SGS,1569,2,rule,10,31,0.009,0.100,8,No
Rule-Based vs 1SGS,1570,2,rule,10,19,0.010,0.100,6,No
Rule-Based vs 1SGS,1571,,,0,800,0.006,0.100,8,Yes
Rule-Based vs 1SGS,1572,,,0,800,0.004,0.100,8,Yes
Rule-Based vs 1SGS,1573,0,oneSGS,15,37,0.003,0.100,7,No
Rule-Based vs 1SGS,1574,3,rule,10,36,0.005,0.100,9,No
Rule-Based vs 1SGS,1575,,,0,800,0.006,0.100,7,Yes
Rule-Based vs 1SGS,1576,,,0,800,0.004,0.100,7,Yes
Rule-Based vs 1SGS,1577,,,0,800,0.003,0.100,8,Yes
Rule-Based vs 1SGS,1578,,,0,800,0.003,0.100,8,Yes
Rule-Based vs 1SGS,1579,0,oneSGS,10,29,0.006,0.100,8,No
Rule-Based vs 1SGS,1580,3,rule,15,40,0.010,0.100,7,No
Rule-Based vs 1SGS,1581,,,0,800,0.014,0.100,8,Yes
Rule-Based vs 1SGS,1582,,,0,800,0.015,0.200,7,Yes
Rule-Based vs 1SGS,1583,,,0,800,0.015,0.200,7,Yes
Rule-Based vs 1SGS,1584,1,oneSGS,10,42,0.026,0.200,8,No
Rule-Based vs 1SGS,1585,,,0,800,0.011,0.200,8,Yes
Rule-Based vs 1SGS,1586,,,0,800,0.003,0.100,8,Yes
Rule-Based vs 1SGS,1587,1,rule,10,30,0.026,0.100,8,No
Rule-Based vs 1SGS,1588,,,0,800,0.006,0.100,8,Yes
Rule-Based vs 1SGS,1589,,,0,800,0.006,0.100,8,Yes
Rule-Based vs 1SGS,1590,1,oneSGS,15,26,0.014,0.100,8,No
Rule-Based vs 1SGS,1591,0,rule,15,45,0.008,0.100,9,No
Rule-Based vs 1SGS,1592,2,rule,10,39,0.009,0.100,9,No
Rule-Based vs 1SGS,1593,0,rule,10,13,0.012,0.100,7,No
Rule-Based vs 1SGS,1594,,,0,800,0.010,0.100,6,Yes
Rule-Based vs 1SGS,1595,0,oneSGS,10,41,0.004,0.100,9,No
Rule-Based vs 1SGS,1596,,,0,800,0.004,0.100,7,Yes
Rule-Based vs 1SGS,1597,0,rule,10,37,0.010,0.100,5,No
Rule-Based vs 1SGS,1598,,,0,800,0.002,0.100,7,Yes
Rule-Based vs 1SGS,1599,,,0,800,0.003,0.100,8,Yes
Rule-Based vs 1SGS,1600,,,0,800,0.002,0.100,8,Yes
Rule-Based vs 1SGS,1601,,,0,800,0.000,0.000,8,Yes
Rule-Based vs 1SGS,1602,2,oneSGS,10,15,0.011,0.200,5,No
Rule-Based vs 1SGS,1603,,,0,800,0.006,0.100,8,Yes
Rule-Based vs 1SGS,1604,,,0,800,0.003,0.100,8,Yes
Rule-Based vs 1SGS,1605,,,0,800,0.005,0.100,8,Yes
Rule-Based vs 1SGS,1606,,,0,800,0.012,0.100,7,Yes
Rule-Based vs 1SGS,1607,0,oneSGS,15,37,0.013,0.100,9,No
Rule-Based vs 1SGS,1608,2,rule,15,19,0.014,0.200,7,No
Rule-Based vs 1SGS,1609,1,oneSGS,10,30,0.003,0.100,8,No
Rule-Based vs 1SGS,1610,,,0,800,0.007,0.200,7,Yes
Rule-Based vs 1SGS,1611,,,0,800,0.011,0.200,8,Yes
Rule-Based vs 1SGS,1612,,,0,800,0.003,0.100,8,Yes
Rule-Based vs 1SGS,1613,0,rule,15,25,0.015,0.100,8,No
Rule-Based vs 1SGS,1614,,,0,800,0.015,0.100,7,Yes
Rule-Based vs 1SGS,1615,1,oneSGS,10,18,0.018,0.100,6,No
Rule-Based vs 1SGS,1616,2,rule,10,31,0.009,0.100,9,No
Rule-Based vs 1SGS,1617,,,0,800,0.006,0.100,8,Yes
Rule-Based vs 1SGS,1618,,,0,800,0.006,0.100,8,Yes
Rule-Based vs 1SGS,1619,,,0,800,0.003,0.100,8,Yes
Rule-Based vs 1SGS,1620,1,rule,15,46,0.006,0.100,8,No
Rule-Based vs 1SGS,1621,,,0,800,0.008,0.100,8,Yes
Rule-Based vs 1SGS,1622,3,rule,15,36,0.010,0.100,9,No
Rule-Based vs 1SGS,1623,3,oneSGS,10,36,0.002,0.100,9,No
Rule-Based vs 1SGS,1624,2,rule,10,43,0.009,0.200,8,No
Rule-Based vs 1SGS,1625,1,rule,10,38,0.005,0.100,8,No
Rule-Based vs 1SGS,1626,1,rule,10,46,0.006,0.100,7,No
Rule-Based vs 1SGS,1627,,,0,800,0.000,0.000,8,Yes
Rule-Based vs 1SGS,1628,,,0,800,0.007,0.100,6,Yes
Rule-Based vs 1SGS,1629,,,0,800,0.005,0.100,8,Yes
Rule-Based vs 1SGS,1630,,,0,800,0.000,0.000,8,Yes
Rule-Based vs 1SGS,1631,1,oneSGS,10,30,0.020,0.200,9,No
Rule-Based vs 1SGS,1632,0,oneSGS,15,29,0.010,0.100,7,No
Rule-Based vs 1SGS,1633,2,rule,10,11,0.015,0.100,5,No
Rule-Based vs 1SGS,1634,3,oneSGS,10,44,0.016,0.100,9,No
Rule-Based vs 1SGS,1635,3,rule,10,36,0.014,0.100,9,No
Rule-Based vs 1SGS,1636,,,0,800,0.009,0.100,7,Yes
Rule-Based vs 1SGS,1637,0,rule,10,25,0.014,0.100,9,No
Rule-Based vs 1SGS,1638,,,0,800,0.009,0.200,8,Yes
Rule-Based vs 1SGS,1639,,,0,800,0.006,0.100,7,Yes
Rule-Based vs 1SGS,1640,,,0,800,0.009,0.100,8,Yes
Rule-Based vs 1SGS,1641,1,oneSGS,10,26,0.020,0.100,7,No
Rule-Based vs 1SGS,1642,1,oneSGS,10,26,0.021,0.100,8,No
Rule-Based vs 1SGS,1643,0,rule,15,37,0.007,0.100,9,No
Rule-Based vs 1SGS,1644,0,oneSGS,10,33,0.003,0.100,7,No
Rule-Based vs 1SGS,1645,,,0,800,0.008,0.100,8,Yes
Rule-Based vs 1SGS,1646,2,oneSGS,10,31,0.014,0.200,7,No
Rule-Based vs 1SGS,1647,,,0,800,0.012,0.100,8,Yes
Rule-Based vs 1SGS,1648,,,0,800,0.009,0.100,8,Yes
Rule-Based vs 1SGS,1649,1,oneSGS,10,30,0.009,0.100,8,No
Rule-Based vs 1SGS,1650,2,rule,10,31,0.003,0.100,9,No
Rule-Based vs 1SGS,1651,,,0,800,0.006,0.100,8,Yes
Rule-Based vs 1SGS,1652,,,0,800,0.007,0.100,6,Yes
Rule-Based vs 1SGS,1653,0,rule,10,37,0.007,0.100,9,No
Rule-Based vs 1SGS,1654,1,rule,10,42,0.004,0.100,8,No
Rule-Based vs 1SGS,1655,0,oneSGS,10,33,0.008,0.100,8,No
Rule-Based vs 1SGS,1656,2,oneSGS,10,39,0.007,0.100,8,No
Rule-Based vs 1SGS,1657,0,rule,10,33,0.008,0.100,8,No
Rule-Based vs 1SGS,1658,2,rule,10,47,0.015,0.100,8,No
Rule-Based vs 1SGS,1659,3,oneSGS,10,20,0.008,0.100,7,No
Rule-Based vs 1SGS,1660,3,oneSGS,15,48,0.010,0.100,9,No
Rule-Based vs 1SGS,1661,,,0,800,0.009,0.200,8,Yes
Rule-Based vs 1SGS,1662,1,oneSGS,10,42,0.014,0.100,8,No
Rule-Based vs 1SGS,1663,1,oneSGS,10,30,0.026,0.100,9,No
Rule-Based vs 1SGS,1664,0,oneSGS,10,25,0.014,0.100,9,No
Rule-Based vs 1SGS,1665,1,oneSGS,10,26,0.003,0.100,8,No
Rule-Based vs 1SGS,1666,,,0,800,0.010,0.100,7,Yes
Rule-Based vs 1SGS,1667,3,oneSGS,10,28,0.018,0.200,9,No
Rule-Based vs 1SGS,1668,1,oneSGS,15,10,0.020,0.100,5,No
Rule-Based vs 1SGS,1669,,,0,800,0.006,0.100,8,Yes
Rule-Based vs 1SGS,1670,3,oneSGS,15,24,0.008,0.100,7,No
Rule-Based vs 1SGS,1671,2,oneSGS,10,31,0.009,0.100,8,No
Rule-Based vs 1SGS,1672,1,rule,10,22,0.004,0.100,8,No
Rule-Based vs 1SGS,1673,0,rule,15,37,0.008,0.100,6,No
Rule-Based vs 1SGS,1674,1,rule,10,26,0.010,0.100,8,No
Rule-Based vs 1SGS,1675,2,oneSGS,10,35,0.011,0.100,9,No
Rule-Based vs 1SGS,1676,3,rule,10,36,0.013,0.100,8,No
Rule-Based vs 1SGS,1677,,,0,800,0.011,0.200,8,Yes
Rule-Based vs 1SGS,1678,0,oneSGS,10,33,0.013,0.100,8,No
Rule-Based vs 1SGS,1679,2,rule,10,39,0.016,0.100,9,No
Rule-Based vs 1SGS,1680,,,0,800,0.005,0.100,8,Yes
Rule-Based vs 1SGS,1681,,,0,800,0.010,0.100,7,Yes
Rule-Based vs 1SGS,1682,,,0,800,0.007,0.100,7,Yes
Rule-Based vs 1SGS,1683,,,0,800,0.007,0.100,7,Yes
Rule-Based vs 1SGS,1684,2,oneSGS,10,27,0.013,0.100,9,No
Rule-Based vs 1SGS,1685,,,0,800,0.006,0.100,5,Yes
Rule-Based vs 1SGS,1686,3,rule,10,44,0.007,0.100,8,No
Rule-Based vs 1SGS,1687,1,rule,10,34,0.003,0.100,8,No
Rule-Based vs 1SGS,1688,1,rule,10,34,0.005,0.100,7,No
Rule-Based vs 1SGS,1689,,,0,800,0.008,0.100,8,Yes
Rule-Based vs 1SGS,1690,,,0,800,0.004,0.100,8,Yes
Rule-Based vs 1SGS,1691,2,oneSGS,10,47,0.014,0.200,9,No
Rule-Based vs 1SGS,1692,2,rule,10,43,0.014,0.100,8,No
Rule-Based vs 1SGS,1693,2,rule,10,31,0.008,0.100,8,No
Rule-Based vs 1SGS,1694,,,0,800,0.006,0.200,8,Yes
Rule-Based vs 1SGS,1695,2,oneSGS,10,31,0.011,0.100,9,No
Rule-Based vs 1SGS,1696,,,0,800,0.006,0.100,8,Yes
Rule-Based vs 1SGS,1697,,,0,800,0.008,0.100,8,Yes
Rule-Based vs 1SGS,1698,2,rule,15,27,0.011,0.100,8,No
Rule-Based vs 1SGS,1699,0,oneSGS,10,33,0.008,0.100,7,No
Rule-Based vs 1SGS,1700,2,rule,10,15,0.017,0.100,7,No
Rule-Based vs 1SGS,1701,2,oneSGS,10,47,0.009,0.100,8,No
Rule-Based vs 1SGS,1702,1,oneSGS,15,30,0.006,0.100,8,No
Rule-Based vs 1SGS,1703,2,oneSGS,10,23,0.010,0.100,8,No
Rule-Based vs 1SGS,1704,,,0,800,0.009,0.100,7,Yes
Rule-Based vs 1SGS,1705,2,rule,10,31,0.006,0.100,8,No
Rule-Based vs 1SGS,1706,0,rule,15,33,0.005,0.100,9,No
Rule-Based vs 1SGS,1707,1,oneSGS,10,46,0.002,0.100,8,No
Rule-Based vs 1SGS,1708,,,0,800,0.005,0.200,8,Yes
Rule-Based vs 1SGS,1709,0,oneSGS,10,29,0.012,0.100,8,No
Rule-Based vs 1SGS,1710,,,0,800,0.004,0.100,7,Yes
Rule-Based vs 1SGS,1711,,,0,800,0.004,0.100,7,Yes
Rule-Based vs 1SGS,1712,,,0,800,0.004,0.100,7,Yes
Rule-Based vs 1SGS,1713,1,oneSGS,10,18,0.005,0.100,7,No
Rule-Based vs 1SGS,1714,,,0,800,0.008,0.100,7,Yes
Rule-Based vs 1SGS,1715,,,0,800,0.011,0.100,8,Yes
Rule-Based vs 1SGS,1716,,,0,800,0.012,0.200,8,Yes
Rule-Based vs 1SGS,1717,1,rule,10,34,0.008,0.100,8,No
Rule-Based vs 1SGS,1718,1,oneSGS,10,6,0.022,0.100,6,No
Rule-Based vs 1SGS,1719,2,oneSGS,10,27,0.007,0.100,8,No
Rule-Based vs 1SGS,1720,0,rule,15,17,0.005,0.100,8,No
Rule-Based vs 1SGS,1721,0,rule,15,29,0.009,0.100,8,No
Rule-Based vs 1SGS,1722,0,rule,10,21,0.017,0.100,7,No
Rule-Based vs 1SGS,1723,,,0,800,0.006,0.100,8,Yes
Rule-Based vs 1SGS,1724,,,0,800,0.006,0.100,8,Yes
Rule-Based vs 1SGS,1725,2,oneSGS,15,19,0.014,0.100,6,No
Rule-Based vs 1SGS,1726,0,rule,10,41,0.013,0.100,8,No
Rule-Based vs 1SGS,1727,2,oneSGS,10,23,0.020,0.100,7,No
Rule-Based vs 1SGS,1728,3,oneSGS,15,48,0.007,0.100,9,No
Rule-Based vs 1SGS,1729,2,rule,10,19,0.005,0.100,7,No
Rule-Based vs 1SGS,1730,,,0,800,0.008,0.100,8,Yes
Rule-Based vs 1SGS,1731,2,rule,10,35,0.015,0.200,9,No
Rule-Based vs 1SGS,1732,,,0,800,0.006,0.100,7,Yes
Rule-Based vs 1SGS,1733,,,0,800,0.006,0.100,8,Yes
Rule-Based vs 1SGS,1734,,,0,800,0.008,0.100,8,Yes
Rule-Based vs 1SGS,1735,,,0,800,0.006,0.100,8,Yes
Rule-Based vs 1SGS,1736,3,oneSGS,10,44,0.008,0.100,9,No
Rule-Based vs 1SGS,1737,,,0,800,0.009,0.100,8,Yes
Rule-Based vs 1SGS,1738,1,oneSGS,15,18,0.005,0.100,7,No
Rule-Based vs 1SGS,1739,1,oneSGS,10,42,0.013,0.100,9,No
Rule-Based vs 1SGS,1740,2,oneSGS,10,35,0.008,0.100,8,No
Rule-Based vs 1SGS,1741,2,oneSGS,10,35,0.008,0.100,8,No
Rule-Based vs 1SGS,1742,0,rule,10,29,0.009,0.100,8,No
Rule-Based vs 1SGS,1743,,,0,800,0.005,0.100,8,Yes
Rule-Based vs 1SGS,1744,3,oneSGS,10,32,0.006,0.100,7,No
Rule-Based vs 1SGS,1745,,,0,800,0.006,0.100,8,Yes
Rule-Based vs 1SGS,1746,0,oneSGS,15,29,0.010,0.100,9,No
Rule-Based vs 1SGS,1747,0,rule,10,29,0.009,0.100,6,No
Rule-Based vs 1SGS,1748,,,0,800,0.009,0.100,8,Yes
Rule-Based vs 1SGS,1749,,,0,800,0.016,0.100,8,Yes
Rule-Based vs 1SGS,1750,,,0,800,0.009,0.100,8,Yes
Rule-Based vs 1SGS,1751,3,rule,10,28,0.023,0.100,7,No
Rule-Based vs 1SGS,1752,1,rule,10,10,0.036,0.200,6,No
Rule-Based vs 1SGS,1753,3,rule,10,8,0.020,0.100,4,No
Rule-Based vs 1SGS,1754,2,oneSGS,10,35,0.010,0.100,9,No
Rule-Based vs 1SGS,1755,2,oneSGS,10,7,0.022,0.100,5,No
Rule-Based vs 1SGS,1756,,,0,800,0.013,0.100,8,Yes
Rule-Based vs 1SGS,1757,0,rule,15,37,0.021,0.400,8,No
Rule-Based vs 1SGS,1758,,,0,800,0.004,0.100,7,Yes
Rule-Based vs 1SGS,1759,,,0,800,0.002,0.100,8,Yes
Rule-Based vs 1SGS,1760,,,0,800,0.000,0.000,8,Yes
Rule-Based vs 1SGS,1761,3,oneSGS,10,40,0.012,0.100,9,No
Rule-Based vs 1SGS,1762,1,oneSGS,15,18,0.020,0.100,6,No
Rule-Based vs 1SGS,1763,,,0,800,0.008,0.100,6,Yes
Rule-Based vs 1SGS,1764,,,0,800,0.014,0.100,8,Yes
Rule-Based vs 1SGS,1765,,,0,800,0.008,0.100,8,Yes
Rule-Based vs 1SGS,1766,0,oneSGS,10,29,0.016,0.100,8,No
Rule-Based vs 1SGS,1767,3,oneSGS,15,20,0.019,0.100,5,No
Rule-Based vs 1SGS,1768,,,0,800,0.008,0.100,7,Yes
Rule-Based vs 1SGS,1769,0,rule,15,33,0.017,0.100,6,No
Rule-Based vs 1SGS,1770,,,0,800,0.007,0.100,7,Yes
Rule-Based vs 1SGS,1771,1,oneSGS,10,38,0.007,0.100,9,No
Rule-Based vs 1SGS,1772,1,rule,10,30,0.009,0.100,7,No
Rule-Based vs 1SGS,1773,2,rule,15,35,0.016,0.100,8,No
Rule-Based vs 1SGS,1774,1,oneSGS,10,34,0.013,0.200,8,No
Rule-Based vs 1SGS,1775,1,rule,10,38,0.015,0.100,9,No
Rule-Based vs 1SGS,1776,,,0,800,0.008,0.100,7,Yes
Rule-Based vs 1SGS,1777,,,0,800,0.005,0.100,8,Yes
Rule-Based vs 1SGS,1778,3,rule,15,40,0.012,0.100,8,No
Rule-Based vs 1SGS,1779,3,rule,10,12,0.007,0.100,6,No
Rule-Based vs 1SGS,1780,,,0,800,0.007,0.100,7,Yes
Rule-Based vs 1SGS,1781,3,rule,15,48,0.020,0.100,8,No
Rule-Based vs 1SGS,1782,,,0,800,0.012,0.200,7,Yes
Rule-Based vs 1SGS,1783,0,rule,15,13,0.007,0.100,5,No
Rule-Based vs 1SGS,1784,0,rule,10,41,0.012,0.100,8,No
Rule-Based vs 1SGS,1785,3,oneSGS,10,8,0.020,0.100,6,No
Rule-Based vs 1SGS,1786,,,0,800,0.004,0.100,7,Yes
Rule-Based vs 1SGS,1787,,,0,800,0.013,0.200,8,Yes
Rule-Based vs 1SGS,1788,1,rule,10,34,0.022,0.100,8,No
Rule-Based vs 1SGS,1789,3,rule,15,40,0.012,0.200,8,No
Rule-Based vs 1SGS,1790,1,oneSGS,10,46,0.010,0.100,9,No
Rule-Based vs 1SGS,1791,,,0,800,0.006,0.100,8,Yes
Rule-Based vs 1SGS,1792,,,0,800,0.006,0.100,8,Yes
Rule-Based vs 1SGS,1793,1,oneSGS,10,46,0.014,0.100,7,No
Rule-Based vs 1SGS,1794,0,oneSGS,10,33,0.014,0.200,9,No
Rule-Based vs 1SGS,1795,,,0,800,0.003,0.100,8,Yes
Rule-Based vs 1SGS,1796,3,rule,10,32,0.012,0.100,9,No
Rule-Based vs 1SGS,1797,2,oneSGS,10,35,0.013,0.100,8,No
Rule-Based vs 1SGS,1798,2,oneSGS,10,31,0.009,0.100,7,No
Rule-Based vs 1SGS,1799,3,oneSGS,10,24,0.007,0.100,8,No
Rule-Based vs 1SGS,1800,1,rule,10,26,0.030,0.200,7,No
Rule-Based vs 1SGS,1801,,,0,800,0.015,0.200,7,Yes
Rule-Based vs 1SGS,1802,3,rule,10,48,0.010,0.100,9,No
Rule-Based vs 1SGS,1803,,,0,800,0.010,0.100,8,Yes
Rule-Based vs 1SGS,1804,1,rule,15,18,0.011,0.100,6,No
Rule-Based vs 1SGS,1805,1,oneSGS,15,38,0.002,0.100,8,No
Rule-Based vs 1SGS,1806,2,rule,10,35,0.011,0.100,8,No
Rule-Based vs 1SGS,1807,0,oneSGS,10,21,0.008,0.100,6,No
Rule-Based vs 1SGS,1808,0,rule,10,9,0.015,0.100,6,No
Rule-Based vs 1SGS,1809,,,0,800,0.006,0.100,7,Yes
Rule-Based vs 1SGS,1810,3,oneSGS,10,28,0.009,0.100,9,No
Rule-Based vs 1SGS,1811,0,oneSGS,15,33,0.018,0.100,7,No
Rule-Based vs 1SGS,1812,,,0,800,0.003,0.100,8,Yes
Rule-Based vs 1SGS,1813,,,0,800,0.006,0.100,8,Yes
Rule-Based vs 1SGS,1814,,,0,800,0.008,0.100,8,Yes
Rule-Based vs 1SGS,1815,,,0,800,0.012,0.200,8,Yes
Rule-Based vs 1SGS,1816,2,oneSGS,10,11,0.017,0.100,8,No
Rule-Based vs 1SGS,1817,1,oneSGS,15,2,0.050,0.100,4,No
Rule-Based vs 1SGS,1818,,,0,800,0.008,0.100,8,Yes
Rule-Based vs 1SGS,1819,2,rule,10,23,0.015,0.100,9,No
Rule-Based vs 1SGS,1820,,,0,800,0.006,0.100,8,Yes
Rule-Based vs 1SGS,1821,3,rule,15,32,0.012,0.100,7,No
Rule-Based vs 1SGS,1822,,,0,800,0.009,0.100,8,Yes
Rule-Based vs 1SGS,1823,2,oneSGS,10,31,0.009,0.100,8,No
Rule-Based vs 1SGS,1824,2,rule,10,31,0.006,0.100,7,No
Rule-Based vs 1SGS,1825,,,0,800,0.008,0.100,8,Yes
Rule-Based vs 1SGS,1826,,,0,800,0.006,0.100,8,Yes
Rule-Based vs 1SGS,1827,,,0,800,0.007,0.100,7,Yes
Rule-Based vs 1SGS,1828,3,rule,10,12,0.014,0.100,6,No
Rule-Based vs 1SGS,1829,3,oneSGS,15,20,0.009,0.100,7,No
Rule-Based vs 1SGS,1830,2,oneSGS,10,23,0.008,0.100,8,No
Rule-Based vs 1SGS,1831,1,oneSGS,10,46,0.016,0.100,6,No
Rule-Based vs 1SGS,1832,,,0,800,0.003,0.100,8,Yes
Rule-Based vs 1SGS,1833,2,rule,10,35,0.008,0.100,8,No
Rule-Based vs 1SGS,1834,,,0,800,0.007,0.100,6,Yes
Rule-Based vs 1SGS,1835,1,oneSGS,15,14,0.007,0.100,6,No
Rule-Based vs 1SGS,1836,3,rule,10,44,0.004,0.100,9,No
Rule-Based vs 1SGS,1837,2,oneSGS,10,23,0.015,0.100,7,No
Rule-Based vs 1SGS,1838,2,rule,10,31,0.014,0.100,7,No
Rule-Based vs 1SGS,1839,,,0,800,0.009,0.100,8,Yes
Rule-Based vs 1SGS,1840,,,0,800,0.000,0.000,8,Yes
Rule-Based vs 1SGS,1841,3,oneSGS,10,44,0.006,0.100,9,No
Rule-Based vs 1SGS,1842,,,0,800,0.004,0.100,7,Yes
Rule-Based vs 1SGS,1843,2,rule,10,19,0.005,0.100,7,No
Rule-Based vs 1SGS,1844,1,oneSGS,10,34,0.005,0.100,9,No
Rule-Based vs 1SGS,1845,,,0,800,0.004,0.100,7,Yes
Rule-Based vs 1SGS,1846,3,oneSGS,15,40,0.007,0.100,7,No
Rule-Based vs 1SGS,1847,,,0,800,0.003,0.100,8,Yes
Rule-Based vs 1SGS,1848,,,0,800,0.005,0.100,8,Yes
Rule-Based vs 1SGS,1849,3,oneSGS,10,48,0.016,0.300,6,No
Rule-Based vs 1SGS,1850,,,0,800,0.006,0.100,8,Yes
Rule-Based vs 1SGS,1851,1,rule,10,42,0.010,0.100,9,No
Rule-Based vs 1SGS,1852,2,oneSGS,10,7,0.040,0.200,5,No
Rule-Based vs 1SGS,1853,,,0,800,0.011,0.100,8,Yes
Rule-Based vs 1SGS,1854,,,0,800,0.009,0.200,7,Yes
Rule-Based vs 1SGS,1855,0,oneSGS,10,37,0.009,0.100,9,No
Rule-Based vs 1SGS,1856,,,0,800,0.002,0.100,8,Yes
Rule-Based vs 1SGS,1857,0,rule,10,17,0.014,0.100,8,No
Rule-Based vs 1SGS,1858,3,rule,15,32,0.006,0.100,9,No
Rule-Based vs 1SGS,1859,,,0,800,0.006,0.100,8,Yes
Rule-Based vs 1SGS,1860,,,0,800,0.006,0.100,7,Yes
Rule-Based vs 1SGS,1861,2,rule,10,19,0.010,0.100,7,No
Rule-Based vs 1SGS,1862,,,0,800,0.006,0.100,8,Yes
Rule-Based vs 1SGS,1863,0,rule,10,33,0.005,0.100,9,No
Rule-Based vs 1SGS,1864,,,0,800,0.007,0.100,8,Yes
Rule-Based vs 1SGS,1865,3,oneSGS,15,12,0.008,0.100,5,No
Rule-Based vs 1SGS,1866,,,0,800,0.004,0.100,7,Yes
Rule-Based vs 1SGS,1867,,,0,800,0.005,0.100,8,Yes
Rule-Based vs 1SGS,1868,1,rule,10,10,0.009,0.100,5,No
Rule-Based vs 1SGS,1869,,,0,800,0.004,0.100,8,Yes
Rule-Based vs 1SGS,1870,3,rule,10,20,0.014,0.100,6,No
Rule-Based vs 1SGS,1871,,,0,800,0.008,0.100,8,Yes
Rule-Based vs 1SGS,1872,2,rule,10,23,0.012,0.100,5,No
Rule-Based vs 1SGS,1873,3,oneSGS,15,48,0.007,0.100,9,No
Rule-Based vs 1SGS,1874,1,rule,10,38,0.010,0.100,8,No
Rule-Based vs 1SGS,1875,1,rule,15,14,0.006,0.100,7,No
Rule-Based vs 1SGS,1876,0,rule,10,45,0.012,0.100,8,No
Rule-Based vs 1SGS,1877,0,rule,10,21,0.008,0.200,7,No
Rule-Based vs 1SGS,1878,,,0,800,0.006,0.100,8,Yes
Rule-Based vs 1SGS,1879,0,rule,15,25,0.011,0.100,8,No
Rule-Based vs 1SGS,1880,0,oneSGS,10,9,0.017,0.100,6,No
Rule-Based vs 1SGS,1881,0,oneSGS,10,33,0.011,0.100,8,No
Rule-Based vs 1SGS,1882,,,0,800,0.003,0.100,7,Yes
Rule-Based vs 1SGS,1883,,,0,800,0.009,0.100,8,Yes
Rule-Based vs 1SGS,1884,1,oneSGS,10,22,0.015,0.100,6,No
Rule-Based vs 1SGS,1885,1,rule,10,46,0.006,0.100,9,No
Rule-Based vs 1SGS,1886,,,0,800,0.008,0.100,8,Yes
Rule-Based vs 1SGS,1887,3,rule,10,40,0.012,0.100,8,No
Rule-Based vs 1SGS,1888,2,rule,10,35,0.009,0.100,9,No
Rule-Based vs 1SGS,1889,,,0,800,0.009,0.100,7,Yes
Rule-Based vs 1SGS,1890,,,0,800,0.006,0.100,8,Yes
Rule-Based vs 1SGS,1891,3,rule,15,24,0.008,0.100,8,No
Rule-Based vs 1SGS,1892,2,oneSGS,10,35,0.008,0.100,9,No
Rule-Based vs 1SGS,1893,2,rule,15,27,0.013,0.100,8,No
Rule-Based vs 1SGS,1894,2,oneSGS,15,27,0.010,0.100,9,No
Rule-Based vs 1SGS,1895,0,oneSGS,10,45,0.008,0.100,8,No
Rule-Based vs 1SGS,1896,,,0,800,0.006,0.100,8,Yes
Rule-Based vs 1SGS,1897,3,oneSGS,10,32,0.014,0.100,7,No
Rule-Based vs 1SGS,1898,,,0,800,0.005,0.100,8,Yes
Rule-Based vs 1SGS,1899,0,oneSGS,10,25,0.011,0.100,8,No
Rule-Based vs 1SGS,1900,1,rule,10,26,0.007,0.100,7,No
Rule-Based vs 1SGS,1901,,,0,800,0.004,0.100,7,Yes
Rule-Based vs 1SGS,1902,2,oneSGS,10,35,0.005,0.100,9,No
Rule-Based vs 1SGS,1903,,,0,800,0.006,0.100,8,Yes
Rule-Based vs 1SGS,1904,2,rule,10,35,0.008,0.100,6,No
Rule-Based vs 1SGS,1905,0,oneSGS,10,13,0.013,0.100,7,No
Rule-Based vs 1SGS,1906,3,oneSGS,10,28,0.000,0.000,9,No
Rule-Based vs 1SGS,1907,,,0,800,0.003,0.100,7,Yes
Rule-Based vs 1SGS,1908,3,rule,10,36,0.005,0.100,9,No
Rule-Based vs 1SGS,1909,,,0,800,0.005,0.100,8,Yes
Rule-Based vs 1SGS,1910,,,0,800,0.002,0.100,8,Yes
Rule-Based vs 1SGS,1911,,,0,800,0.008,0.100,8,Yes
Rule-Based vs 1SGS,1912,1,oneSGS,10,14,0.006,0.100,7,No
Rule-Based vs 1SGS,1913,,,0,800,0.007,0.100,8,Yes
Rule-Based vs 1SGS,1914,2,oneSGS,10,43,0.004,0.100,8,No
Rule-Based vs 1SGS,1915,,,0,800,0.008,0.200,8,Yes
Rule-Based vs 1SGS,1916,3,oneSGS,10,48,0.012,0.100,8,No
Rule-Based vs 1SGS,1917,,,0,800,0.009,0.100,8,Yes
Rule-Based vs 1SGS,1918,3,rule,15,36,0.003,0.100,8,No
Rule-Based vs 1SGS,1919,3,rule,10,36,0.015,0.200,8,No
Rule-Based vs 1SGS,1920,2,oneSGS,15,35,0.013,0.100,9,No
Rule-Based vs 1SGS,1921,,,0,800,0.005,0.100,8,Yes
Rule-Based vs 1SGS,1922,2,rule,15,35,0.012,0.200,8,No
Rule-Based vs 1SGS,1923,1,rule,15,10,0.009,0.100,6,No
Rule-Based vs 1SGS,1924,1,oneSGS,10,38,0.007,0.100,6,No
Rule-Based vs 1SGS,1925,1,oneSGS,15,18,0.000,0.000,7,No
Rule-Based vs 1SGS,1926,,,0,800,0.003,0.100,8,Yes
Rule-Based vs 1SGS,1927,,,0,800,0.003,0.100,8,Yes
Rule-Based vs 1SGS,1928,0,oneSGS,10,21,0.012,0.100,9,No
Rule-Based vs 1SGS,1929,,,0,800,0.004,0.100,8,Yes
Rule-Based vs 1SGS,1930,,,0,800,0.008,0.100,8,Yes
Rule-Based vs 1SGS,1931,1,rule,15,42,0.006,0.100,7,No
Rule-Based vs 1SGS,1932,3,rule,10,24,0.015,0.100,8,No
Rule-Based vs 1SGS,1933,,,0,800,0.009,0.100,8,Yes
Rule-Based vs 1SGS,1934,,,0,800,0.007,0.100,8,Yes
Rule-Based vs 1SGS,1935,2,rule,15,35,0.003,0.100,9,No
Rule-Based vs 1SGS,1936,,,0,800,0.009,0.100,8,Yes
Rule-Based vs 1SGS,1937,3,oneSGS,10,28,0.006,0.100,8,No
Rule-Based vs 1SGS,1938,2,rule,10,23,0.000,0.000,8,No
Rule-Based vs 1SGS,1939,0,rule,10,25,0.011,0.100,6,No
Rule-Based vs 1SGS,1940,1,oneSGS,10,26,0.007,0.100,8,No
Rule-Based vs 1SGS,1941,1,oneSGS,10,18,0.015,0.100,6,No
Rule-Based vs 1SGS,1942,1,oneSGS,15,42,0.005,0.100,7,No
Rule-Based vs 1SGS,1943,,,0,800,0.005,0.100,8,Yes
Rule-Based vs 1SGS,1944,,,0,800,0.007,0.100,8,Yes
Rule-Based vs 1SGS,1945,2,rule,10,47,0.010,0.100,9,No
Rule-Based vs 1SGS,1946,1,rule,10,38,0.005,0.100,9,No
Rule-Based vs 1SGS,1947,,,0,800,0.005,0.100,8,Yes
Rule-Based vs 1SGS,1948,,,0,800,0.006,0.100,8,Yes
Rule-Based vs 1SGS,1949,2,rule,10,23,0.017,0.100,5,No
Rule-Based vs 1SGS,1950,2,rule,10,27,0.011,0.100,6,No
Rule-Based vs 1SGS,1951,1,rule,10,14,0.012,0.100,5,No
Rule-Based vs 1SGS,1952,3,oneSGS,15,12,0.007,0.100,7,No
Rule-Based vs 1SGS,1953,2,rule,10,43,0.006,0.100,9,No
Rule-Based vs 1SGS,1954,0,rule,10,17,0.010,0.100,5,No
Rule-Based vs 1SGS,1955,,,0,800,0.006,0.100,7,Yes
Rule-Based vs 1SGS,1956,2,oneSGS,10,39,0.011,0.100,8,No
Rule-Based vs 1SGS,1957,,,0,800,0.004,0.100,7,Yes
Rule-Based vs 1SGS,1958,,,0,800,0.006,0.100,8,Yes
Rule-Based vs 1SGS,1959,2,oneSGS,10,31,0.006,0.100,7,No
Rule-Based vs 1SGS,1960,3,rule,10,32,0.008,0.100,9,No
Rule-Based vs 1SGS,1961,3,oneSGS,10,44,0.008,0.100,8,No
Rule-Based vs 1SGS,1962,1,rule,10,26,0.003,0.100,9,No
Rule-Based vs 1SGS,1963,,,0,800,0.003,0.100,8,Yes
Rule-Based vs 1SGS,1964,1,rule,15,22,0.004,0.100,8,No
Rule-Based vs 1SGS,1965,,,0,800,0.004,0.200,7,Yes
Rule-Based vs 1SGS,1966,,,0,800,0.003,0.100,8,Yes
Rule-Based vs 1SGS,1967,,,0,800,0.006,0.100,8,Yes
Rule-Based vs 1SGS,1968,3,rule,15,32,0.014,0.200,8,No
Rule-Based vs 1SGS,1969,3,oneSGS,10,32,0.013,0.200,9,No
Rule-Based vs 1SGS,1970,,,0,800,0.003,0.100,8,Yes
Rule-Based vs 1SGS,1971,,,0,800,0.009,0.200,7,Yes
Rule-Based vs 1SGS,1972,0,oneSGS,10,29,0.007,0.100,6,No
Rule-Based vs 1SGS,1973,,,0,800,0.002,0.100,8,Yes
Rule-Based vs 1SGS,1974,2,rule,15,27,0.007,0.100,6,No
Rule-Based vs 1SGS,1975,0,rule,15,29,0.006,0.100,7,No
Rule-Based vs 1SGS,1976,0,oneSGS,10,45,0.004,0.100,8,No
Rule-Based vs 1SGS,1977,,,0,800,0.009,0.100,8,Yes
Rule-Based vs 1SGS,1978,3,oneSGS,10,32,0.006,0.100,7,No
Rule-Based vs 1SGS,1979,2,oneSGS,10,11,0.000,0.000,6,No
Rule-Based vs 1SGS,1980,1,rule,10,26,0.017,0.100,6,No
Rule-Based vs 1SGS,1981,2,rule,10,47,0.009,0.100,9,No
Rule-Based vs 1SGS,1982,,,0,800,0.006,0.100,8,Yes
Rule-Based vs 1SGS,1983,3,rule,10,44,0.006,0.100,8,No
Rule-Based vs 1SGS,1984,,,0,800,0.005,0.100,8,Yes
Rule-Based vs 1SGS,1985,3,oneSGS,15,32,0.003,0.100,9,No
Rule-Based vs 1SGS,1986,,,0,800,0.003,0.100,8,Yes
Rule-Based vs 1SGS,1987,3,oneSGS,10,24,0.011,0.100,9,No
Rule-Based vs 1SGS,1988,1,oneSGS,10,34,0.005,0.100,8,No
Rule-Based vs 1SGS,1989,,,0,800,0.003,0.100,8,Yes
Rule-Based vs 1SGS,1990,,,0,800,0.005,0.100,8,Yes
Rule-Based vs 1SGS,1991,1,rule,10,18,0.010,0.100,7,No
Rule-Based vs 1SGS,1992,,,0,800,0.006,0.100,8,Yes
Rule-Based vs 1SGS,1993,,,0,800,0.006,0.100,8,Yes
Rule-Based vs 1SGS,1994,3,oneSGS,10,32,0.006,0.100,9,No
Rule-Based vs 1SGS,1995,,,0,800,0.001,0.100,7,Yes
Rule-Based vs 1SGS,1996,,,0,800,0.004,0.100,8,Yes
Rule-Based vs 1SGS,1997,,,0,800,0.000,0.000,8,Yes
Rule-Based vs 1SGS,1998,2,rule,10,39,0.002,0.100,9,No
Rule-Based vs 1SGS,1999,0,oneSGS,15,41,0.004,0.100,9,No
Rule-Based vs 1SGS,2000,,,0,800,0.006,0.100,8,Yes
Rule-Based vs Rule-Based (control),1,,,0,800,0.000,0.000,8,Yes
Rule-Based vs Rule-Based (control),2,0,rule,15,45,0.000,0.000,9,No
Rule-Based vs Rule-Based (control),3,,,0,800,0.003,0.100,8,Yes
Rule-Based vs Rule-Based (control),4,,,0,800,0.003,0.100,6,Yes
Rule-Based vs Rule-Based (control),5,,,0,800,0.003,0.100,7,Yes
Rule-Based vs Rule-Based (control),6,0,rule,10,33,0.003,0.100,9,No
Rule-Based vs Rule-Based (control),7,2,rule,10,19,0.000,0.000,8,No
Rule-Based vs Rule-Based (control),8,1,rule,10,42,0.002,0.100,9,No
Rule-Based vs Rule-Based (control),9,0,rule,10,25,0.000,0.000,8,No
Rule-Based vs Rule-Based (control),10,3,rule,10,36,0.002,0.100,9,No
Rule-Based vs Rule-Based (control),11,0,rule,10,21,0.008,0.100,8,No
Rule-Based vs Rule-Based (control),12,,,0,800,0.000,0.000,8,Yes
Rule-Based vs Rule-Based (control),13,,,0,800,0.001,0.100,7,Yes
Rule-Based vs Rule-Based (control),14,,,0,800,0.000,0.000,8,Yes
Rule-Based vs Rule-Based (control),15,0,rule,10,17,0.000,0.000,7,No
Rule-Based vs Rule-Based (control),16,3,rule,10,16,0.006,0.100,6,No
Rule-Based vs Rule-Based (control),17,2,rule,10,7,0.000,0.000,5,No
Rule-Based vs Rule-Based (control),18,0,rule,10,21,0.008,0.100,8,No
Rule-Based vs Rule-Based (control),19,,,0,800,0.002,0.100,7,Yes
Rule-Based vs Rule-Based (control),20,1,rule,10,26,0.003,0.100,8,No
Rule-Based vs Rule-Based (control),21,,,0,800,0.000,0.000,8,Yes
Rule-Based vs Rule-Based (control),22,0,rule,15,33,0.003,0.100,7,No
Rule-Based vs Rule-Based (control),23,,,0,800,0.003,0.100,8,Yes
Rule-Based vs Rule-Based (control),24,,,0,800,0.003,0.100,8,Yes
Rule-Based vs Rule-Based (control),25,,,0,800,0.000,0.000,8,Yes
Rule-Based vs Rule-Based (control),26,,,0,800,0.001,0.100,8,Yes
Rule-Based vs Rule-Based (control),27,3,rule,10,40,0.000,0.000,7,No
Rule-Based vs Rule-Based (control),28,3,rule,10,36,0.000,0.000,7,No
Rule-Based vs Rule-Based (control),29,2,rule,10,43,0.002,0.100,9,No
Rule-Based vs Rule-Based (control),30,1,rule,10,10,0.000,0.000,5,No
Rule-Based vs Rule-Based (control),31,,,0,800,0.002,0.100,8,Yes
Rule-Based vs Rule-Based (control),32,,,0,800,0.000,0.000,8,Yes
Rule-Based vs Rule-Based (control),33,,,0,800,0.000,0.000,8,Yes
Rule-Based vs Rule-Based (control),34,1,rule,15,46,0.000,0.000,7,No
Rule-Based vs Rule-Based (control),35,1,rule,10,22,0.004,0.100,9,No
Rule-Based vs Rule-Based (control),36,,,0,800,0.000,0.000,8,Yes
Rule-Based vs Rule-Based (control),37,2,rule,15,27,0.000,0.000,9,No
Rule-Based vs Rule-Based (control),38,1,rule,15,38,0.000,0.000,7,No
Rule-Based vs Rule-Based (control),39,3,rule,15,20,0.000,0.000,7,No
Rule-Based vs Rule-Based (control),40,3,rule,15,40,0.000,0.000,8,No
Rule-Based vs Rule-Based (control),41,2,rule,10,31,0.000,0.000,8,No
Rule-Based vs Rule-Based (control),42,,,0,800,0.002,0.100,8,Yes
Rule-Based vs Rule-Based (control),43,3,rule,10,36,0.005,0.100,9,No
Rule-Based vs Rule-Based (control),44,,,0,800,0.000,0.000,8,Yes
Rule-Based vs Rule-Based (control),45,,,0,800,0.002,0.100,8,Yes
Rule-Based vs Rule-Based (control),46,,,0,800,0.003,0.100,7,Yes
Rule-Based vs Rule-Based (control),47,3,rule,10,16,0.005,0.100,7,No
Rule-Based vs Rule-Based (control),48,,,0,800,0.001,0.100,8,Yes
Rule-Based vs Rule-Based (control),49,3,rule,10,24,0.000,0.000,8,No
Rule-Based vs Rule-Based (control),50,2,rule,10,31,0.003,0.100,8,No
Rule-Based vs Rule-Based (control),51,1,rule,15,42,0.002,0.100,9,No
Rule-Based vs Rule-Based (control),52,2,rule,10,11,0.000,0.000,5,No
Rule-Based vs Rule-Based (control),53,0,rule,10,29,0.000,0.000,8,No
Rule-Based vs Rule-Based (control),54,2,rule,10,15,0.000,0.000,4,No
Rule-Based vs Rule-Based (control),55,3,rule,10,12,0.008,0.100,6,No
Rule-Based vs Rule-Based (control),56,2,rule,10,23,0.004,0.100,8,No
Rule-Based vs Rule-Based (control),57,3,rule,10,24,0.000,0.000,9,No
Rule-Based vs Rule-Based (control),58,1,rule,10,30,0.000,0.000,8,No
Rule-Based vs Rule-Based (control),59,,,0,800,0.003,0.100,7,Yes
Rule-Based vs Rule-Based (control),60,,,0,800,0.002,0.100,8,Yes
Rule-Based vs Rule-Based (control),61,3,rule,10,16,0.005,0.100,8,No
Rule-Based vs Rule-Based (control),62,2,rule,10,35,0.005,0.100,9,No
Rule-Based vs Rule-Based (control),63,,,0,800,0.003,0.100,8,Yes
Rule-Based vs Rule-Based (control),64,3,rule,10,20,0.000,0.000,6,No
Rule-Based vs Rule-Based (control),65,,,0,800,0.000,0.000,8,Yes
Rule-Based vs Rule-Based (control),66,,,0,800,0.002,0.100,7,Yes
Rule-Based vs Rule-Based (control),67,0,rule,10,29,0.000,0.000,6,No
Rule-Based vs Rule-Based (control),68,,,0,800,0.003,0.100,7,Yes
Rule-Based vs Rule-Based (control),69,1,rule,15,38,0.005,0.100,9,No
Rule-Based vs Rule-Based (control),70,3,rule,15,44,0.000,0.000,8,No
Rule-Based vs Rule-Based (control),71,2,rule,10,35,0.000,0.000,8,No
Rule-Based vs Rule-Based (control),72,,,0,800,0.002,0.100,8,Yes
Rule-Based vs Rule-Based (control),73,0,rule,15,37,0.000,0.000,8,No
Rule-Based vs Rule-Based (control),74,2,rule,10,23,0.000,0.000,8,No
Rule-Based vs Rule-Based (control),75,1,rule,10,10,0.008,0.100,5,No
Rule-Based vs Rule-Based (control),76,2,rule,15,35,0.003,0.100,7,No
Rule-Based vs Rule-Based (control),77,3,rule,15,16,0.000,0.000,6,No
Rule-Based vs Rule-Based (control),78,3,rule,10,36,0.000,0.000,9,No
Rule-Based vs Rule-Based (control),79,1,rule,10,30,0.000,0.000,8,No
Rule-Based vs Rule-Based (control),80,0,rule,10,45,0.002,0.100,9,No
Rule-Based vs Rule-Based (control),81,1,rule,10,10,0.000,0.000,6,No
Rule-Based vs Rule-Based (control),82,,,0,800,0.004,0.100,6,Yes
Rule-Based vs Rule-Based (control),83,3,rule,15,24,0.004,0.100,7,No
Rule-Based vs Rule-Based (control),84,1,rule,10,42,0.002,0.100,8,No
Rule-Based vs Rule-Based (control),85,3,rule,10,40,0.002,0.100,7,No
Rule-Based vs Rule-Based (control),86,,,0,800,0.003,0.100,8,Yes
Rule-Based vs Rule-Based (control),87,,,0,800,0.000,0.000,8,Yes
Rule-Based vs Rule-Based (control),88,1,rule,10,38,0.000,0.000,9,No
Rule-Based vs Rule-Based (control),89,2,rule,10,35,0.000,0.000,8,No
Rule-Based vs Rule-Based (control),90,1,rule,10,34,0.003,0.100,8,No
Rule-Based vs Rule-Based (control),91,,,0,800,0.000,0.000,8,Yes
Rule-Based vs Rule-Based (control),92,3,rule,10,48,0.000,0.000,9,No
Rule-Based vs Rule-Based (control),93,3,rule,10,24,0.000,0.000,8,No
Rule-Based vs Rule-Based (control),94,1,rule,15,22,0.004,0.100,7,No
Rule-Based vs Rule-Based (control),95,0,rule,15,13,0.000,0.000,8,No
Rule-Based vs Rule-Based (control),96,,,0,800,0.002,0.100,8,Yes
Rule-Based vs Rule-Based (control),97,3,rule,10,40,0.005,0.100,6,No
Rule-Based vs Rule-Based (control),98,,,0,800,0.000,0.000,8,Yes
Rule-Based vs Rule-Based (control),99,3,rule,10,48,0.000,0.000,9,No
Rule-Based vs Rule-Based (control),100,1,rule,15,34,0.003,0.100,7,No
Rule-Based vs Rule-Based (control),101,2,rule,15,11,0.000,0.000,6,No
Rule-Based vs Rule-Based (control),102,1,rule,10,30,0.006,0.100,9,No
Rule-Based vs Rule-Based (control),103,,,0,800,0.000,0.000,8,Yes
Rule-Based vs Rule-Based (control),104,1,rule,10,18,0.000,0.000,9,No
Rule-Based vs Rule-Based (control),105,3,rule,10,48,0.000,0.000,9,No
Rule-Based vs Rule-Based (control),106,2,rule,10,27,0.000,0.000,8,No
Rule-Based vs Rule-Based (control),107,,,0,800,0.005,0.100,8,Yes
Rule-Based vs Rule-Based (control),108,,,0,800,0.000,0.000,8,Yes
Rule-Based vs Rule-Based (control),109,1,rule,10,30,0.003,0.100,7,No
Rule-Based vs Rule-Based (control),110,1,rule,10,46,0.000,0.000,8,No
Rule-Based vs Rule-Based (control),111,1,rule,10,22,0.000,0.000,8,No
Rule-Based vs Rule-Based (control),112,,,0,800,0.001,0.100,7,Yes
Rule-Based vs Rule-Based (control),113,1,rule,10,34,0.000,0.000,8,No
Rule-Based vs Rule-Based (control),114,2,rule,10,27,0.000,0.000,5,No
Rule-Based vs Rule-Based (control),115,2,rule,15,15,0.000,0.000,5,No
Rule-Based vs Rule-Based (control),116,,,0,800,0.004,0.100,8,Yes
Rule-Based vs Rule-Based (control),117,1,rule,10,26,0.003,0.100,6,No
Rule-Based vs Rule-Based (control),118,0,rule,15,21,0.000,0.000,7,No
Rule-Based vs Rule-Based (control),119,1,rule,10,46,0.004,0.100,8,No
Rule-Based vs Rule-Based (control),120,0,rule,10,9,0.000,0.000,6,No
Rule-Based vs Rule-Based (control),121,3,rule,10,28,0.000,0.000,7,No
Rule-Based vs Rule-Based (control),122,2,rule,10,31,0.000,0.000,8,No
Rule-Based vs Rule-Based (control),123,1,rule,10,22,0.000,0.000,6,No
Rule-Based vs Rule-Based (control),124,,,0,800,0.003,0.100,8,Yes
Rule-Based vs Rule-Based (control),125,0,rule,10,21,0.000,0.000,8,No
Rule-Based vs Rule-Based (control),126,0,rule,10,41,0.000,0.000,9,No
Rule-Based vs Rule-Based (control),127,,,0,800,0.001,0.100,8,Yes
Rule-Based vs Rule-Based (control),128,3,rule,10,44,0.002,0.100,8,No
Rule-Based vs Rule-Based (control),129,1,rule,10,30,0.000,0.000,7,No
Rule-Based vs Rule-Based (control),130,0,rule,15,25,0.000,0.000,7,No
Rule-Based vs Rule-Based (control),131,0,rule,10,33,0.000,0.000,9,No
Rule-Based vs Rule-Based (control),132,1,rule,10,26,0.000,0.000,8,No
Rule-Based vs Rule-Based (control),133,,,0,800,0.003,0.100,8,Yes
Rule-Based vs Rule-Based (control),134,,,0,800,0.002,0.100,8,Yes
Rule-Based vs Rule-Based (control),135,,,0,800,0.002,0.100,8,Yes
Rule-Based vs Rule-Based (control),136,3,rule,10,20,0.004,0.100,7,No
Rule-Based vs Rule-Based (control),137,2,rule,15,31,0.000,0.000,7,No
Rule-Based vs Rule-Based (control),138,3,rule,10,40,0.002,0.100,8,No
Rule-Based vs Rule-Based (control),139,0,rule,15,17,0.000,0.000,8,No
Rule-Based vs Rule-Based (control),140,,,0,800,0.000,0.000,7,Yes
Rule-Based vs Rule-Based (control),141,,,0,800,0.000,0.000,7,Yes
Rule-Based vs Rule-Based (control),142,0,rule,10,13,0.000,0.000,7,No
Rule-Based vs Rule-Based (control),143,3,rule,15,20,0.000,0.000,7,No
Rule-Based vs Rule-Based (control),144,3,rule,10,48,0.004,0.100,8,No
Rule-Based vs Rule-Based (control),145,,,0,800,0.001,0.100,8,Yes
Rule-Based vs Rule-Based (control),146,0,rule,10,37,0.005,0.100,9,No
Rule-Based vs Rule-Based (control),147,,,0,800,0.000,0.000,8,Yes
Rule-Based vs Rule-Based (control),148,0,rule,10,41,0.002,0.100,8,No
Rule-Based vs Rule-Based (control),149,2,rule,10,39,0.000,0.000,8,No
Rule-Based vs Rule-Based (control),150,0,rule,15,45,0.004,0.100,8,No
Rule-Based vs Rule-Based (control),151,3,rule,10,28,0.000,0.000,6,No
Rule-Based vs Rule-Based (control),152,2,rule,10,35,0.000,0.000,9,No
Rule-Based vs Rule-Based (control),153,,,0,800,0.000,0.000,7,Yes
Rule-Based vs Rule-Based (control),154,0,rule,10,29,0.000,0.000,8,No
Rule-Based vs Rule-Based (control),155,,,0,800,0.001,0.100,6,Yes
Rule-Based vs Rule-Based (control),156,,,0,800,0.003,0.100,7,Yes
Rule-Based vs Rule-Based (control),157,3,rule,10,28,0.003,0.100,8,No
Rule-Based vs Rule-Based (control),158,3,rule,10,16,0.000,0.000,7,No
Rule-Based vs Rule-Based (control),159,,,0,800,0.003,0.100,7,Yes
Rule-Based vs Rule-Based (control),160,3,rule,10,40,0.000,0.000,7,No
Rule-Based vs Rule-Based (control),161,1,rule,10,30,0.003,0.100,8,No
Rule-Based vs Rule-Based (control),162,,,0,800,0.000,0.000,8,Yes
Rule-Based vs Rule-Based (control),163,1,rule,10,18,0.000,0.000,6,No
Rule-Based vs Rule-Based (control),164,3,rule,10,36,0.000,0.000,8,No
Rule-Based vs Rule-Based (control),165,,,0,800,0.002,0.100,8,Yes
Rule-Based vs Rule-Based (control),166,3,rule,10,24,0.004,0.100,6,No
Rule-Based vs Rule-Based (control),167,2,rule,10,47,0.000,0.000,9,No
Rule-Based vs Rule-Based (control),168,0,rule,15,37,0.000,0.000,8,No
Rule-Based vs Rule-Based (control),169,1,rule,10,22,0.000,0.000,7,No
Rule-Based vs Rule-Based (control),170,,,0,800,0.003,0.100,7,Yes
Rule-Based vs Rule-Based (control),171,1,rule,10,30,0.003,0.100,7,No
Rule-Based vs Rule-Based (control),172,1,rule,15,46,0.000,0.000,8,No
Rule-Based vs Rule-Based (control),173,,,0,800,0.001,0.100,7,Yes
Rule-Based vs Rule-Based (control),174,3,rule,15,24,0.000,0.000,7,No
Rule-Based vs Rule-Based (control),175,,,0,800,0.001,0.100,8,Yes
Rule-Based vs Rule-Based (control),176,,,0,800,0.001,0.100,8,Yes
Rule-Based vs Rule-Based (control),177,0,rule,10,37,0.000,0.000,9,No
Rule-Based vs Rule-Based (control),178,,,0,800,0.002,0.100,8,Yes
Rule-Based vs Rule-Based (control),179,,,0,800,0.005,0.100,8,Yes
Rule-Based vs Rule-Based (control),180,2,rule,15,27,0.000,0.000,9,No
Rule-Based vs Rule-Based (control),181,2,rule,10,27,0.003,0.100,7,No
Rule-Based vs Rule-Based (control),182,1,rule,10,38,0.000,0.000,8,No
Rule-Based vs Rule-Based (control),183,,,0,800,0.001,0.100,7,Yes
Rule-Based vs Rule-Based (control),184,3,rule,10,20,0.000,0.000,7,No
Rule-Based vs Rule-Based (control),185,,,0,800,0.002,0.100,8,Yes
Rule-Based vs Rule-Based (control),186,,,0,800,0.001,0.100,7,Yes
Rule-Based vs Rule-Based (control),187,3,rule,10,32,0.003,0.100,8,No
Rule-Based vs Rule-Based (control),188,0,rule,15,13,0.006,0.100,7,No
Rule-Based vs Rule-Based (control),189,,,0,800,0.000,0.000,8,Yes
Rule-Based vs Rule-Based (control),190,0,rule,10,25,0.007,0.100,9,No
Rule-Based vs Rule-Based (control),191,,,0,800,0.002,0.100,8,Yes
Rule-Based vs Rule-Based (control),192,0,rule,15,41,0.000,0.000,9,No
Rule-Based vs Rule-Based (control),193,2,rule,15,27,0.000,0.000,9,No
Rule-Based vs Rule-Based (control),194,,,0,800,0.002,0.100,7,Yes
Rule-Based vs Rule-Based (control),195,,,0,800,0.002,0.100,8,Yes
Rule-Based vs Rule-Based (control),196,1,rule,10,26,0.003,0.100,8,No
Rule-Based vs Rule-Based (control),197,0,rule,15,45,0.000,0.000,8,No
Rule-Based vs Rule-Based (control),198,,,0,800,0.002,0.100,8,Yes
Rule-Based vs Rule-Based (control),199,3,rule,10,16,0.000,0.000,8,No
Rule-Based vs Rule-Based (control),200,,,0,800,0.000,0.000,8,Yes
Rule-Based vs Rule-Based (control),201,,,0,800,0.002,0.100,8,Yes
Rule-Based vs Rule-Based (control),202,3,rule,10,40,0.004,0.100,9,No
Rule-Based vs Rule-Based (control),203,,,0,800,0.002,0.100,8,Yes
Rule-Based vs Rule-Based (control),204,,,0,800,0.000,0.000,8,Yes
Rule-Based vs Rule-Based (control),205,,,0,800,0.003,0.100,7,Yes
Rule-Based vs Rule-Based (control),206,3,rule,10,28,0.000,0.000,8,No
Rule-Based vs Rule-Based (control),207,3,rule,10,40,0.002,0.100,7,No
Rule-Based vs Rule-Based (control),208,,,0,800,0.001,0.100,8,Yes
Rule-Based vs Rule-Based (control),209,3,rule,10,44,0.000,0.000,7,No
Rule-Based vs Rule-Based (control),210,,,0,800,0.000,0.000,8,Yes
Rule-Based vs Rule-Based (control),211,0,rule,10,41,0.005,0.100,9,No
Rule-Based vs Rule-Based (control),212,1,rule,10,22,0.004,0.100,8,No
Rule-Based vs Rule-Based (control),213,,,0,800,0.002,0.100,8,Yes
Rule-Based vs Rule-Based (control),214,3,rule,15,44,0.000,0.000,9,No
Rule-Based vs Rule-Based (control),215,3,rule,10,12,0.000,0.000,6,No
Rule-Based vs Rule-Based (control),216,3,rule,10,36,0.000,0.000,8,No
Rule-Based vs Rule-Based (control),217,,,0,800,0.003,0.100,8,Yes
Rule-Based vs Rule-Based (control),218,3,rule,15,36,0.000,0.000,9,No
Rule-Based vs Rule-Based (control),219,,,0,800,0.002,0.100,8,Yes
Rule-Based vs Rule-Based (control),220,0,rule,10,37,0.003,0.100,8,No
Rule-Based vs Rule-Based (control),221,,,0,800,0.002,0.100,8,Yes
Rule-Based vs Rule-Based (control),222,0,rule,10,33,0.000,0.000,7,No
Rule-Based vs Rule-Based (control),223,3,rule,10,40,0.002,0.100,8,No
Rule-Based vs Rule-Based (control),224,,,0,800,0.003,0.100,8,Yes
Rule-Based vs Rule-Based (control),225,,,0,800,0.002,0.100,7,Yes
Rule-Based vs Rule-Based (control),226,,,0,800,0.000,0.000,8,Yes
Rule-Based vs Rule-Based (control),227,0,rule,10,41,0.002,0.100,9,No
Rule-Based vs Rule-Based (control),228,,,0,800,0.000,0.000,8,Yes
Rule-Based vs Rule-Based (control),229,,,0,800,0.005,0.100,7,Yes
Rule-Based vs Rule-Based (control),230,,,0,800,0.001,0.100,8,Yes
Rule-Based vs Rule-Based (control),231,1,rule,10,42,0.002,0.100,9,No
Rule-Based vs Rule-Based (control),232,,,0,800,0.000,0.000,8,Yes
Rule-Based vs Rule-Based (control),233,,,0,800,0.003,0.100,7,Yes
Rule-Based vs Rule-Based (control),234,3,rule,10,48,0.002,0.100,8,No
Rule-Based vs Rule-Based (control),235,2,rule,10,35,0.000,0.000,7,No
Rule-Based vs Rule-Based (control),236,,,0,800,0.000,0.000,8,Yes
Rule-Based vs Rule-Based (control),237,3,rule,15,36,0.000,0.000,8,No
Rule-Based vs Rule-Based (control),238,0,rule,15,45,0.000,0.000,7,No
Rule-Based vs Rule-Based (control),239,3,rule,10,44,0.004,0.100,9,No
Rule-Based vs Rule-Based (control),240,,,0,800,0.000,0.000,8,Yes
Rule-Based vs Rule-Based (control),241,,,0,800,0.000,0.000,8,Yes
Rule-Based vs Rule-Based (control),242,2,rule,10,31,0.003,0.100,8,No
Rule-Based vs Rule-Based (control),243,0,rule,10,29,0.003,0.100,7,No
Rule-Based vs Rule-Based (control),244,,,0,800,0.000,0.000,8,Yes
Rule-Based vs Rule-Based (control),245,3,rule,10,8,0.000,0.000,6,No
Rule-Based vs Rule-Based (control),246,,,0,800,0.001,0.100,7,Yes
Rule-Based vs Rule-Based (control),247,2,rule,15,35,0.003,0.100,9,No
Rule-Based vs Rule-Based (control),248,,,0,800,0.001,0.100,8,Yes
Rule-Based vs Rule-Based (control),249,0,rule,15,41,0.000,0.000,9,No
Rule-Based vs Rule-Based (control),250,0,rule,15,45,0.002,0.100,8,No
Rule-Based vs Rule-Based (control),251,0,rule,15,25,0.000,0.000,8,No
Rule-Based vs Rule-Based (control),252,3,rule,10,16,0.000,0.000,9,No
Rule-Based vs Rule-Based (control),253,2,rule,10,31,0.000,0.000,8,No
Rule-Based vs Rule-Based (control),254,3,rule,10,28,0.000,0.000,8,No
Rule-Based vs Rule-Based (control),255,2,rule,15,43,0.000,0.000,9,No
Rule-Based vs Rule-Based (control),256,1,rule,10,14,0.000,0.000,6,No
Rule-Based vs Rule-Based (control),257,3,rule,10,28,0.000,0.000,9,No
Rule-Based vs Rule-Based (control),258,,,0,800,0.002,0.100,8,Yes
Rule-Based vs Rule-Based (control),259,3,rule,10,48,0.002,0.100,8,No
Rule-Based vs Rule-Based (control),260,1,rule,10,14,0.000,0.000,7,No
Rule-Based vs Rule-Based (control),261,,,0,800,0.000,0.000,7,Yes
Rule-Based vs Rule-Based (control),262,,,0,800,0.003,0.100,8,Yes
Rule-Based vs Rule-Based (control),263,,,0,800,0.002,0.100,8,Yes
Rule-Based vs Rule-Based (control),264,,,0,800,0.002,0.100,8,Yes
Rule-Based vs Rule-Based (control),265,,,0,800,0.000,0.000,6,Yes
Rule-Based vs Rule-Based (control),266,,,0,800,0.003,0.100,8,Yes
Rule-Based vs Rule-Based (control),267,,,0,800,0.000,0.000,8,Yes
Rule-Based vs Rule-Based (control),268,3,rule,15,28,0.000,0.000,8,No
Rule-Based vs Rule-Based (control),269,,,0,800,0.000,0.000,8,Yes
Rule-Based vs Rule-Based (control),270,2,rule,10,35,0.000,0.000,9,No
Rule-Based vs Rule-Based (control),271,,,0,800,0.002,0.100,8,Yes
Rule-Based vs Rule-Based (control),272,0,rule,15,13,0.000,0.000,6,No
Rule-Based vs Rule-Based (control),273,2,rule,15,19,0.000,0.000,8,No
Rule-Based vs Rule-Based (control),274,3,rule,10,32,0.003,0.100,9,No
Rule-Based vs Rule-Based (control),275,3,rule,10,16,0.006,0.100,6,No
Rule-Based vs Rule-Based (control),276,1,rule,15,30,0.000,0.000,8,No
Rule-Based vs Rule-Based (control),277,0,rule,10,45,0.004,0.100,9,No
Rule-Based vs Rule-Based (control),278,2,rule,10,47,0.000,0.000,9,No
Rule-Based vs Rule-Based (control),279,3,rule,10,40,0.004,0.100,9,No
Rule-Based vs Rule-Based (control),280,,,0,800,0.000,0.000,7,Yes
Rule-Based vs Rule-Based (control),281,0,rule,10,45,0.002,0.100,9,No
Rule-Based vs Rule-Based (control),282,3,rule,10,24,0.000,0.000,9,No
Rule-Based vs Rule-Based (control),283,,,0,800,0.000,0.000,7,Yes
Rule-Based vs Rule-Based (control),284,3,rule,15,32,0.003,0.100,7,No
Rule-Based vs Rule-Based (control),285,3,rule,15,24,0.000,0.000,8,No
Rule-Based vs Rule-Based (control),286,2,rule,10,27,0.003,0.100,7,No
Rule-Based vs Rule-Based (control),287,0,rule,10,13,0.007,0.100,5,No
Rule-Based vs Rule-Based (control),288,1,rule,10,38,0.005,0.100,5,No
Rule-Based vs Rule-Based (control),289,,,0,800,0.005,0.100,8,Yes
Rule-Based vs Rule-Based (control),290,2,rule,10,27,0.000,0.000,7,No
Rule-Based vs Rule-Based (control),291,2,rule,15,15,0.013,0.100,6,No
Rule-Based vs Rule-Based (control),292,2,rule,10,35,0.005,0.100,8,No
Rule-Based vs Rule-Based (control),293,0,rule,10,41,0.002,0.100,7,No
Rule-Based vs Rule-Based (control),294,0,rule,15,9,0.000,0.000,4,No
Rule-Based vs Rule-Based (control),295,,,0,800,0.003,0.100,6,Yes
Rule-Based vs Rule-Based (control),296,1,rule,10,38,0.000,0.000,9,No
Rule-Based vs Rule-Based (control),297,2,rule,10,23,0.004,0.100,9,No
Rule-Based vs Rule-Based (control),298,,,0,800,0.006,0.100,6,Yes
Rule-Based vs Rule-Based (control),299,,,0,800,0.000,0.000,8,Yes
Rule-Based vs Rule-Based (control),300,,,0,800,0.006,0.100,8,Yes
Rule-Based vs Rule-Based (control),301,1,rule,10,14,0.000,0.000,6,No
Rule-Based vs Rule-Based (control),302,0,rule,10,21,0.020,0.200,9,No
Rule-Based vs Rule-Based (control),303,3,rule,15,40,0.002,0.100,7,No
Rule-Based vs Rule-Based (control),304,3,rule,15,32,0.006,0.100,8,No
Rule-Based vs Rule-Based (control),305,1,rule,10,26,0.007,0.100,9,No
Rule-Based vs Rule-Based (control),306,1,rule,15,30,0.003,0.100,9,No
Rule-Based vs Rule-Based (control),307,3,rule,10,48,0.002,0.100,8,No
Rule-Based vs Rule-Based (control),308,0,rule,15,29,0.000,0.000,8,No
Rule-Based vs Rule-Based (control),309,,,0,800,0.003,0.100,7,Yes
Rule-Based vs Rule-Based (control),310,0,rule,15,29,0.000,0.000,7,No
Rule-Based vs Rule-Based (control),311,,,0,800,0.003,0.100,8,Yes
Rule-Based vs Rule-Based (control),312,2,rule,10,35,0.000,0.000,8,No
Rule-Based vs Rule-Based (control),313,,,0,800,0.002,0.100,8,Yes
Rule-Based vs Rule-Based (control),314,0,rule,15,33,0.006,0.100,8,No
Rule-Based vs Rule-Based (control),315,3,rule,10,32,0.000,0.000,9,No
Rule-Based vs Rule-Based (control),316,3,rule,15,40,0.004,0.100,9,No
Rule-Based vs Rule-Based (control),317,,,0,800,0.003,0.100,8,Yes
Rule-Based vs Rule-Based (control),318,,,0,800,0.002,0.100,8,Yes
Rule-Based vs Rule-Based (control),319,0,rule,10,45,0.004,0.100,9,No
Rule-Based vs Rule-Based (control),320,2,rule,15,23,0.000,0.000,8,No
Rule-Based vs Rule-Based (control),321,3,rule,10,24,0.004,0.100,8,No
Rule-Based vs Rule-Based (control),322,,,0,800,0.003,0.100,7,Yes
Rule-Based vs Rule-Based (control),323,,,0,800,0.002,0.100,8,Yes
Rule-Based vs Rule-Based (control),324,3,rule,10,40,0.002,0.100,8,No
Rule-Based vs Rule-Based (control),325,,,0,800,0.002,0.100,8,Yes
Rule-Based vs Rule-Based (control),326,,,0,800,0.002,0.100,8,Yes
Rule-Based vs Rule-Based (control),327,3,rule,10,24,0.003,0.100,8,No
Rule-Based vs Rule-Based (control),328,3,rule,15,48,0.004,0.100,9,No
Rule-Based vs Rule-Based (control),329,0,rule,15,9,0.000,0.000,7,No
Rule-Based vs Rule-Based (control),330,3,rule,15,16,0.006,0.100,7,No
Rule-Based vs Rule-Based (control),331,1,rule,10,42,0.000,0.000,9,No
Rule-Based vs Rule-Based (control),332,,,0,800,0.001,0.100,7,Yes
Rule-Based vs Rule-Based (control),333,2,rule,10,15,0.000,0.000,8,No
Rule-Based vs Rule-Based (control),334,0,rule,15,25,0.000,0.000,8,No
Rule-Based vs Rule-Based (control),335,2,rule,15,27,0.003,0.100,8,No
Rule-Based vs Rule-Based (control),336,0,rule,15,21,0.000,0.000,6,No
Rule-Based vs Rule-Based (control),337,3,rule,10,48,0.008,0.100,9,No
Rule-Based vs Rule-Based (control),338,2,rule,10,7,0.000,0.000,5,No
Rule-Based vs Rule-Based (control),339,,,0,800,0.003,0.100,8,Yes
Rule-Based vs Rule-Based (control),340,3,rule,10,32,0.014,0.100,8,No
Rule-Based vs Rule-Based (control),341,2,rule,15,43,0.004,0.100,8,No
Rule-Based vs Rule-Based (control),342,,,0,800,0.005,0.100,8,Yes
Rule-Based vs Rule-Based (control),343,,,0,800,0.006,0.100,8,Yes
Rule-Based vs Rule-Based (control),344,,,0,800,0.005,0.100,8,Yes
Rule-Based vs Rule-Based (control),345,3,rule,10,24,0.000,0.000,7,No
Rule-Based vs Rule-Based (control),346,3,rule,10,36,0.005,0.100,7,No
Rule-Based vs Rule-Based (control),347,0,rule,15,37,0.008,0.100,9,No
Rule-Based vs Rule-Based (control),348,2,rule,10,7,0.000,0.000,4,No
Rule-Based vs Rule-Based (control),349,,,0,800,0.002,0.100,8,Yes
Rule-Based vs Rule-Based (control),350,,,0,800,0.008,0.100,8,Yes
Rule-Based vs Rule-Based (control),351,,,0,800,0.003,0.100,8,Yes
Rule-Based vs Rule-Based (control),352,,,0,800,0.003,0.100,8,Yes
Rule-Based vs Rule-Based (control),353,,,0,800,0.001,0.100,7,Yes
Rule-Based vs Rule-Based (control),354,,,0,800,0.002,0.100,8,Yes
Rule-Based vs Rule-Based (control),355,3,rule,10,24,0.007,0.100,6,No
Rule-Based vs Rule-Based (control),356,2,rule,10,23,0.008,0.100,7,No
Rule-Based vs Rule-Based (control),357,3,rule,10,48,0.002,0.100,9,No
Rule-Based vs Rule-Based (control),358,0,rule,10,33,0.003,0.100,9,No
Rule-Based vs Rule-Based (control),359,2,rule,10,31,0.000,0.000,9,No
Rule-Based vs Rule-Based (control),360,,,0,800,0.003,0.100,7,Yes
Rule-Based vs Rule-Based (control),361,3,rule,10,44,0.002,0.100,9,No
Rule-Based vs Rule-Based (control),362,0,rule,15,25,0.000,0.000,6,No
Rule-Based vs Rule-Based (control),363,1,rule,10,30,0.003,0.100,7,No
Rule-Based vs Rule-Based (control),364,2,rule,15,19,0.000,0.000,5,No
Rule-Based vs Rule-Based (control),365,3,rule,10,24,0.004,0.100,7,No
Rule-Based vs Rule-Based (control),366,,,0,800,0.002,0.100,8,Yes
Rule-Based vs Rule-Based (control),367,,,0,800,0.000,0.000,7,Yes
Rule-Based vs Rule-Based (control),368,3,rule,10,44,0.000,0.000,9,No
Rule-Based vs Rule-Based (control),369,,,0,800,0.000,0.000,8,Yes
Rule-Based vs Rule-Based (control),370,0,rule,10,33,0.003,0.100,9,No
Rule-Based vs Rule-Based (control),371,1,rule,10,38,0.002,0.100,8,No
Rule-Based vs Rule-Based (control),372,,,0,800,0.001,0.100,8,Yes
Rule-Based vs Rule-Based (control),373,2,rule,10,39,0.002,0.100,8,No
Rule-Based vs Rule-Based (control),374,2,rule,15,19,0.004,0.100,8,No
Rule-Based vs Rule-Based (control),375,2,rule,10,39,0.000,0.000,8,No
Rule-Based vs Rule-Based (control),376,3,rule,10,40,0.000,0.000,8,No
Rule-Based vs Rule-Based (control),377,,,0,800,0.003,0.100,8,Yes
Rule-Based vs Rule-Based (control),378,0,rule,15,25,0.004,0.100,7,No
Rule-Based vs Rule-Based (control),379,,,0,800,0.000,0.000,8,Yes
Rule-Based vs Rule-Based (control),380,1,rule,10,14,0.000,0.000,6,No
Rule-Based vs Rule-Based (control),381,,,0,800,0.007,0.100,8,Yes
Rule-Based vs Rule-Based (control),382,3,rule,10,48,0.005,0.100,8,No
Rule-Based vs Rule-Based (control),383,0,rule,10,21,0.015,0.100,8,No
Rule-Based vs Rule-Based (control),384,2,rule,10,27,0.003,0.100,9,No
Rule-Based vs Rule-Based (control),385,1,rule,10,38,0.007,0.100,9,No
Rule-Based vs Rule-Based (control),386,1,rule,10,18,0.010,0.100,7,No
Rule-Based vs Rule-Based (control),387,2,rule,10,23,0.000,0.000,6,No
Rule-Based vs Rule-Based (control),388,,,0,800,0.002,0.100,8,Yes
Rule-Based vs Rule-Based (control),389,2,rule,10,15,0.006,0.100,7,No
Rule-Based vs Rule-Based (control),390,3,rule,10,28,0.012,0.100,7,No
Rule-Based vs Rule-Based (control),391,,,0,800,0.014,0.100,7,Yes
Rule-Based vs Rule-Based (control),392,1,rule,10,30,0.003,0.100,9,No
Rule-Based vs Rule-Based (control),393,0,rule,10,37,0.005,0.100,9,No
Rule-Based vs Rule-Based (control),394,0,rule,10,37,0.007,0.100,8,No
Rule-Based vs Rule-Based (control),395,,,0,800,0.006,0.100,7,Yes
Rule-Based vs Rule-Based (control),396,1,rule,10,18,0.009,0.100,7,No
Rule-Based vs Rule-Based (control),397,,,0,800,0.002,0.100,7,Yes
Rule-Based vs Rule-Based (control),398,1,rule,15,42,0.000,0.000,8,No
Rule-Based vs Rule-Based (control),399,1,rule,10,38,0.009,0.100,9,No
Rule-Based vs Rule-Based (control),400,0,rule,10,21,0.004,0.100,8,No
Rule-Based vs Rule-Based (control),401,0,rule,15,17,0.005,0.100,8,No
Rule-Based vs Rule-Based (control),402,2,rule,10,39,0.002,0.100,8,No
Rule-Based vs Rule-Based (control),403,0,rule,15,25,0.000,0.000,6,No
Rule-Based vs Rule-Based (control),404,,,0,800,0.003,0.100,8,Yes
Rule-Based vs Rule-Based (control),405,,,0,800,0.003,0.100,8,Yes
Rule-Based vs Rule-Based (control),406,0,rule,15,29,0.006,0.100,8,No
Rule-Based vs Rule-Based (control),407,,,0,800,0.005,0.100,8,Yes
Rule-Based vs Rule-Based (control),408,,,0,800,0.003,0.100,7,Yes
Rule-Based vs Rule-Based (control),409,,,0,800,0.003,0.100,7,Yes
Rule-Based vs Rule-Based (control),410,3,rule,10,12,0.000,0.000,9,No
Rule-Based vs Rule-Based (control),411,,,0,800,0.006,0.100,8,Yes
Rule-Based vs Rule-Based (control),412,1,rule,10,30,0.003,0.100,8,No
Rule-Based vs Rule-Based (control),413,,,0,800,0.006,0.100,7,Yes
Rule-Based vs Rule-Based (control),414,3,rule,10,40,0.000,0.000,9,No
Rule-Based vs Rule-Based (control),415,,,0,800,0.002,0.100,8,Yes
Rule-Based vs Rule-Based (control),416,1,rule,10,14,0.012,0.100,6,No
Rule-Based vs Rule-Based (control),417,,,0,800,0.000,0.000,8,Yes
Rule-Based vs Rule-Based (control),418,1,rule,10,30,0.000,0.000,9,No
Rule-Based vs Rule-Based (control),419,3,rule,10,36,0.003,0.100,9,No
Rule-Based vs Rule-Based (control),420,2,rule,15,43,0.000,0.000,9,No
Rule-Based vs Rule-Based (control),421,0,rule,15,33,0.000,0.000,9,No
Rule-Based vs Rule-Based (control),422,,,0,800,0.001,0.100,7,Yes
Rule-Based vs Rule-Based (control),423,2,rule,10,47,0.000,0.000,9,No
Rule-Based vs Rule-Based (control),424,,,0,800,0.002,0.100,7,Yes
Rule-Based vs Rule-Based (control),425,1,rule,10,42,0.002,0.100,9,No
Rule-Based vs Rule-Based (control),426,,,0,800,0.003,0.100,8,Yes
Rule-Based vs Rule-Based (control),427,1,rule,10,30,0.003,0.100,7,No
Rule-Based vs Rule-Based (control),428,3,rule,10,20,0.000,0.000,8,No
Rule-Based vs Rule-Based (control),429,1,rule,10,42,0.000,0.000,9,No
Rule-Based vs Rule-Based (control),430,2,rule,10,35,0.000,0.000,9,No
Rule-Based vs Rule-Based (control),431,,,0,800,0.002,0.100,7,Yes
Rule-Based vs Rule-Based (control),432,3,rule,10,44,0.000,0.000,9,No
Rule-Based vs Rule-Based (control),433,3,rule,15,40,0.000,0.000,9,No
Rule-Based vs Rule-Based (control),434,0,rule,10,37,0.002,0.100,9,No
Rule-Based vs Rule-Based (control),435,1,rule,10,22,0.004,0.100,8,No
Rule-Based vs Rule-Based (control),436,,,0,800,0.001,0.100,7,Yes
Rule-Based vs Rule-Based (control),437,3,rule,15,32,0.000,0.000,7,No
Rule-Based vs Rule-Based (control),438,,,0,800,0.000,0.000,8,Yes
Rule-Based vs Rule-Based (control),439,2,rule,15,43,0.000,0.000,6,No
Rule-Based vs Rule-Based (control),440,3,rule,10,20,0.000,0.000,9,No
Rule-Based vs Rule-Based (control),441,0,rule,10,37,0.005,0.100,9,No
Rule-Based vs Rule-Based (control),442,2,rule,10,47,0.002,0.100,8,No
Rule-Based vs Rule-Based (control),443,0,rule,15,33,0.000,0.000,8,No
Rule-Based vs Rule-Based (control),444,3,rule,15,32,0.000,0.000,8,No
Rule-Based vs Rule-Based (control),445,2,rule,10,19,0.000,0.000,6,No
Rule-Based vs Rule-Based (control),446,,,0,800,0.000,0.000,8,Yes
Rule-Based vs Rule-Based (control),447,,,0,800,0.002,0.100,8,Yes
Rule-Based vs Rule-Based (control),448,2,rule,10,23,0.000,0.000,8,No
Rule-Based vs Rule-Based (control),449,0,rule,15,21,0.000,0.000,8,No
Rule-Based vs Rule-Based (control),450,2,rule,10,27,0.000,0.000,7,No
Rule-Based vs Rule-Based (control),451,,,0,800,0.000,0.000,8,Yes
Rule-Based vs Rule-Based (control),452,,,0,800,0.000,0.000,8,Yes
Rule-Based vs Rule-Based (control),453,3,rule,10,24,0.000,0.000,7,No
Rule-Based vs Rule-Based (control),454,3,rule,10,44,0.002,0.100,9,No
Rule-Based vs Rule-Based (control),455,1,rule,15,42,0.002,0.100,8,No
Rule-Based vs Rule-Based (control),456,,,0,800,0.003,0.100,8,Yes
Rule-Based vs Rule-Based (control),457,1,rule,15,42,0.002,0.100,8,No
Rule-Based vs Rule-Based (control),458,1,rule,15,42,0.002,0.100,6,No
Rule-Based vs Rule-Based (control),459,1,rule,10,42,0.002,0.100,7,No
Rule-Based vs Rule-Based (control),460,0,rule,10,25,0.000,0.000,8,No
Rule-Based vs Rule-Based (control),461,2,rule,15,19,0.010,0.100,8,No
Rule-Based vs Rule-Based (control),462,2,rule,15,11,0.000,0.000,6,No
Rule-Based vs Rule-Based (control),463,0,rule,10,37,0.003,0.100,5,No
Rule-Based vs Rule-Based (control),464,3,rule,10,32,0.003,0.100,7,No
Rule-Based vs Rule-Based (control),465,,,0,800,0.003,0.100,8,Yes
Rule-Based vs Rule-Based (control),466,2,rule,10,23,0.004,0.100,7,No
Rule-Based vs Rule-Based (control),467,1,rule,10,42,0.004,0.100,9,No
Rule-Based vs Rule-Based (control),468,,,0,800,0.001,0.100,8,Yes
Rule-Based vs Rule-Based (control),469,,,0,800,0.001,0.100,8,Yes
Rule-Based vs Rule-Based (control),470,,,0,800,0.000,0.000,8,Yes
Rule-Based vs Rule-Based (control),471,3,rule,10,28,0.025,0.500,8,No
Rule-Based vs Rule-Based (control),472,1,rule,10,30,0.000,0.000,7,No
Rule-Based vs Rule-Based (control),473,1,rule,15,30,0.003,0.100,8,No
Rule-Based vs Rule-Based (control),474,0,rule,10,21,0.008,0.100,9,No
Rule-Based vs Rule-Based (control),475,0,rule,10,37,0.007,0.100,9,No
Rule-Based vs Rule-Based (control),476,1,rule,10,38,0.000,0.000,9,No
Rule-Based vs Rule-Based (control),477,1,rule,10,22,0.004,0.100,8,No
Rule-Based vs Rule-Based (control),478,3,rule,10,48,0.000,0.000,8,No
Rule-Based vs Rule-Based (control),479,,,0,800,0.001,0.100,7,Yes
Rule-Based vs Rule-Based (control),480,0,rule,10,21,0.004,0.100,8,No
Rule-Based vs Rule-Based (control),481,,,0,800,0.004,0.100,7,Yes
Rule-Based vs Rule-Based (control),482,1,rule,10,26,0.006,0.100,7,No
Rule-Based vs Rule-Based (control),483,2,rule,10,23,0.000,0.000,7,No
Rule-Based vs Rule-Based (control),484,1,rule,10,38,0.000,0.000,8,No
Rule-Based vs Rule-Based (control),485,0,rule,10,33,0.000,0.000,8,No
Rule-Based vs Rule-Based (control),486,3,rule,10,8,0.000,0.000,8,No
Rule-Based vs Rule-Based (control),487,,,0,800,0.003,0.100,8,Yes
Rule-Based vs Rule-Based (control),488,,,0,800,0.001,0.100,8,Yes
Rule-Based vs Rule-Based (control),489,0,rule,10,17,0.000,0.000,6,No
Rule-Based vs Rule-Based (control),490,3,rule,15,16,0.005,0.100,7,No
Rule-Based vs Rule-Based (control),491,0,rule,15,5,0.000,0.000,4,No
Rule-Based vs Rule-Based (control),492,1,rule,10,30,0.003,0.100,8,No
Rule-Based vs Rule-Based (control),493,1,rule,10,18,0.000,0.000,7,No
Rule-Based vs Rule-Based (control),494,3,rule,15,32,0.000,0.000,7,No
Rule-Based vs Rule-Based (control),495,3,rule,10,24,0.000,0.000,8,No
Rule-Based vs Rule-Based (control),496,1,rule,10,30,0.003,0.100,8,No
Rule-Based vs Rule-Based (control),497,,,0,800,0.002,0.100,8,Yes
Rule-Based vs Rule-Based (control),498,1,rule,10,14,0.000,0.000,6,No
Rule-Based vs Rule-Based (control),499,3,rule,10,40,0.002,0.100,8,No
Rule-Based vs Rule-Based (control),500,,,0,800,0.004,0.100,7,Yes
Rule-Based vs Rule-Based (control),501,,,0,800,0.000,0.000,8,Yes
Rule-Based vs Rule-Based (control),502,1,rule,10,18,0.000,0.000,6,No
Rule-Based vs Rule-Based (control),503,3,rule,10,36,0.003,0.100,6,No
Rule-Based vs Rule-Based (control),504,,,0,800,0.000,0.000,8,Yes
Rule-Based vs Rule-Based (control),505,,,0,800,0.002,0.100,8,Yes
Rule-Based vs Rule-Based (control),506,3,rule,10,4,0.000,0.000,4,No
Rule-Based vs Rule-Based (control),507,,,0,800,0.000,0.000,7,Yes
Rule-Based vs Rule-Based (control),508,1,rule,15,14,0.007,0.100,6,No
Rule-Based vs Rule-Based (control),509,,,0,800,0.000,0.000,8,Yes
Rule-Based vs Rule-Based (control),510,2,rule,10,35,0.003,0.100,8,No
Rule-Based vs Rule-Based (control),511,,,0,800,0.002,0.100,7,Yes
Rule-Based vs Rule-Based (control),512,,,0,800,0.000,0.000,7,Yes
Rule-Based vs Rule-Based (control),513,,,0,800,0.000,0.000,8,Yes
Rule-Based vs Rule-Based (control),514,,,0,800,0.002,0.100,8,Yes
Rule-Based vs Rule-Based (control),515,1,rule,10,34,0.000,0.000,8,No
Rule-Based vs Rule-Based (control),516,,,0,800,0.002,0.100,8,Yes
Rule-Based vs Rule-Based (control),517,,,0,800,0.002,0.100,8,Yes
Rule-Based vs Rule-Based (control),518,,,0,800,0.001,0.100,8,Yes
Rule-Based vs Rule-Based (control),519,3,rule,10,40,0.002,0.100,8,No
Rule-Based vs Rule-Based (control),520,2,rule,15,47,0.000,0.000,9,No
Rule-Based vs Rule-Based (control),521,,,0,800,0.004,0.100,8,Yes
Rule-Based vs Rule-Based (control),522,3,rule,15,28,0.000,0.000,5,No
Rule-Based vs Rule-Based (control),523,0,rule,10,21,0.004,0.100,7,No
Rule-Based vs Rule-Based (control),524,,,0,800,0.000,0.000,8,Yes
Rule-Based vs Rule-Based (control),525,,,0,800,0.002,0.100,8,Yes
Rule-Based vs Rule-Based (control),526,3,rule,10,36,0.000,0.000,8,No
Rule-Based vs Rule-Based (control),527,,,0,800,0.000,0.000,8,Yes
Rule-Based vs Rule-Based (control),528,,,0,800,0.001,0.100,7,Yes
Rule-Based vs Rule-Based (control),529,2,rule,10,19,0.000,0.000,7,No
Rule-Based vs Rule-Based (control),530,,,0,800,0.001,0.100,6,Yes
Rule-Based vs Rule-Based (control),531,,,0,800,0.001,0.100,7,Yes
Rule-Based vs Rule-Based (control),532,3,rule,10,20,0.000,0.000,7,No
Rule-Based vs Rule-Based (control),533,,,0,800,0.000,0.000,8,Yes
Rule-Based vs Rule-Based (control),534,2,rule,10,43,0.000,0.000,7,No
Rule-Based vs Rule-Based (control),535,,,0,800,0.002,0.100,8,Yes
Rule-Based vs Rule-Based (control),536,3,rule,15,20,0.000,0.000,6,No
Rule-Based vs Rule-Based (control),537,2,rule,15,31,0.000,0.000,9,No
Rule-Based vs Rule-Based (control),538,3,rule,10,36,0.000,0.000,9,No
Rule-Based vs Rule-Based (control),539,,,0,800,0.002,0.100,8,Yes
Rule-Based vs Rule-Based (control),540,,,0,800,0.000,0.000,8,Yes
Rule-Based vs Rule-Based (control),541,1,rule,10,18,0.000,0.000,6,No
Rule-Based vs Rule-Based (control),542,2,rule,10,23,0.004,0.100,9,No
Rule-Based vs Rule-Based (control),543,,,0,800,0.000,0.000,8,Yes
Rule-Based vs Rule-Based (control),544,,,0,800,0.002,0.100,7,Yes
Rule-Based vs Rule-Based (control),545,1,rule,15,34,0.003,0.100,9,No
Rule-Based vs Rule-Based (control),546,,,0,800,0.009,0.100,8,Yes
Rule-Based vs Rule-Based (control),547,3,rule,15,20,0.005,0.100,5,No
Rule-Based vs Rule-Based (control),548,,,0,800,0.003,0.100,8,Yes
Rule-Based vs Rule-Based (control),549,3,rule,15,20,0.004,0.100,8,No
Rule-Based vs Rule-Based (control),550,3,rule,10,48,0.008,0.100,9,No
Rule-Based vs Rule-Based (control),551,,,0,800,0.002,0.100,7,Yes
Rule-Based vs Rule-Based (control),552,3,rule,10,40,0.007,0.100,8,No
Rule-Based vs Rule-Based (control),553,,,0,800,0.000,0.000,8,Yes
Rule-Based vs Rule-Based (control),554,,,0,800,0.004,0.100,7,Yes
Rule-Based vs Rule-Based (control),555,3,rule,15,28,0.003,0.100,9,No
Rule-Based vs Rule-Based (control),556,,,0,800,0.005,0.100,6,Yes
Rule-Based vs Rule-Based (control),557,3,rule,10,24,0.011,0.100,9,No
Rule-Based vs Rule-Based (control),558,,,0,800,0.005,0.100,8,Yes
Rule-Based vs Rule-Based (control),559,0,rule,10,17,0.005,0.100,8,No
Rule-Based vs Rule-Based (control),560,1,rule,15,30,0.003,0.100,7,No
Rule-Based vs Rule-Based (control),561,1,rule,10,10,0.000,0.000,5,No
Rule-Based vs Rule-Based (control),562,,,0,800,0.002,0.100,8,Yes
Rule-Based vs Rule-Based (control),563,,,0,800,0.000,0.000,8,Yes
Rule-Based vs Rule-Based (control),564,,,0,800,0.000,0.000,8,Yes
Rule-Based vs Rule-Based (control),565,0,rule,15,45,0.000,0.000,9,No
Rule-Based vs Rule-Based (control),566,,,0,800,0.004,0.100,7,Yes
Rule-Based vs Rule-Based (control),567,1,rule,10,14,0.006,0.100,5,No
Rule-Based vs Rule-Based (control),568,2,rule,15,23,0.000,0.000,6,No
Rule-Based vs Rule-Based (control),569,1,rule,15,10,0.000,0.000,6,No
Rule-Based vs Rule-Based (control),570,,,0,800,0.002,0.100,8,Yes
Rule-Based vs Rule-Based (control),571,2,rule,10,39,0.000,0.000,7,No
Rule-Based vs Rule-Based (control),572,1,rule,10,42,0.004,0.100,9,No
Rule-Based vs Rule-Based (control),573,,,0,800,0.002,0.100,8,Yes
Rule-Based vs Rule-Based (control),574,,,0,800,0.001,0.100,8,Yes
Rule-Based vs Rule-Based (control),575,1,rule,10,26,0.000,0.000,6,No
Rule-Based vs Rule-Based (control),576,2,rule,10,19,0.005,0.100,7,No
Rule-Based vs Rule-Based (control),577,,,0,800,0.003,0.100,7,Yes
Rule-Based vs Rule-Based (control),578,0,rule,10,45,0.006,0.100,9,No
Rule-Based vs Rule-Based (control),579,,,0,800,0.005,0.100,8,Yes
Rule-Based vs Rule-Based (control),580,2,rule,10,47,0.004,0.100,9,No
Rule-Based vs Rule-Based (control),581,2,rule,15,35,0.003,0.100,6,No
Rule-Based vs Rule-Based (control),582,3,rule,15,20,0.005,0.100,6,No
Rule-Based vs Rule-Based (control),583,1,rule,10,34,0.000,0.000,7,No
Rule-Based vs Rule-Based (control),584,1,rule,10,34,0.000,0.000,9,No
Rule-Based vs Rule-Based (control),585,0,rule,15,29,0.000,0.000,6,No
Rule-Based vs Rule-Based (control),586,,,0,800,0.000,0.000,7,Yes
Rule-Based vs Rule-Based (control),587,,,0,800,0.000,0.000,7,Yes
Rule-Based vs Rule-Based (control),588,1,rule,15,34,0.000,0.000,8,No
Rule-Based vs Rule-Based (control),589,,,0,800,0.000,0.000,7,Yes
Rule-Based vs Rule-Based (control),590,0,rule,15,45,0.002,0.100,8,No
Rule-Based vs Rule-Based (control),591,1,rule,10,30,0.000,0.000,8,No
Rule-Based vs Rule-Based (control),592,2,rule,10,15,0.000,0.000,6,No
Rule-Based vs Rule-Based (control),593,,,0,800,0.001,0.100,7,Yes
Rule-Based vs Rule-Based (control),594,,,0,800,0.000,0.000,8,Yes
Rule-Based vs Rule-Based (control),595,,,0,800,0.000,0.000,8,Yes
Rule-Based vs Rule-Based (control),596,1,rule,15,46,0.000,0.000,9,No
Rule-Based vs Rule-Based (control),597,,,0,800,0.000,0.000,7,Yes
Rule-Based vs Rule-Based (control),598,,,0,800,0.000,0.000,7,Yes
Rule-Based vs Rule-Based (control),599,1,rule,10,26,0.000,0.000,8,No
Rule-Based vs Rule-Based (control),600,1,rule,10,14,0.000,0.000,9,No
Rule-Based vs Rule-Based (control),601,1,rule,10,6,0.000,0.000,6,No
Rule-Based vs Rule-Based (control),602,0,rule,10,37,0.002,0.100,7,No
Rule-Based vs Rule-Based (control),603,1,rule,15,42,0.000,0.000,8,No
Rule-Based vs Rule-Based (control),604,,,0,800,0.000,0.000,8,Yes
Rule-Based vs Rule-Based (control),605,1,rule,10,42,0.000,0.000,9,No
Rule-Based vs Rule-Based (control),606,0,rule,15,9,0.000,0.000,5,No
Rule-Based vs Rule-Based (control),607,1,rule,10,10,0.000,0.000,7,No
Rule-Based vs Rule-Based (control),608,1,rule,10,22,0.004,0.100,8,No
Rule-Based vs Rule-Based (control),609,,,0,800,0.002,0.100,8,Yes
Rule-Based vs Rule-Based (control),610,,,0,800,0.003,0.100,7,Yes
Rule-Based vs Rule-Based (control),611,,,0,800,0.000,0.000,8,Yes
Rule-Based vs Rule-Based (control),612,,,0,800,0.001,0.100,8,Yes
Rule-Based vs Rule-Based (control),613,,,0,800,0.003,0.100,7,Yes
Rule-Based vs Rule-Based (control),614,2,rule,10,15,0.000,0.000,7,No
Rule-Based vs Rule-Based (control),615,1,rule,10,34,0.000,0.000,8,No
Rule-Based vs Rule-Based (control),616,0,rule,10,45,0.002,0.100,9,No
Rule-Based vs Rule-Based (control),617,,,0,800,0.002,0.100,8,Yes
Rule-Based vs Rule-Based (control),618,3,rule,10,28,0.000,0.000,9,No
Rule-Based vs Rule-Based (control),619,,,0,800,0.000,0.000,8,Yes
Rule-Based vs Rule-Based (control),620,,,0,800,0.002,0.100,8,Yes
Rule-Based vs Rule-Based (control),621,,,0,800,0.003,0.100,7,Yes
Rule-Based vs Rule-Based (control),622,,,0,800,0.001,0.100,5,Yes
Rule-Based vs Rule-Based (control),623,1,rule,10,42,0.000,0.000,9,No
Rule-Based vs Rule-Based (control),624,,,0,800,0.000,0.000,8,Yes
Rule-Based vs Rule-Based (control),625,,,0,800,0.002,0.100,8,Yes
Rule-Based vs Rule-Based (control),626,,,0,800,0.004,0.200,7,Yes
Rule-Based vs Rule-Based (control),627,1,rule,10,18,0.000,0.000,7,No
Rule-Based vs Rule-Based (control),628,,,0,800,0.002,0.100,7,Yes
Rule-Based vs Rule-Based (control),629,0,rule,15,25,0.000,0.000,5,No
Rule-Based vs Rule-Based (control),630,,,0,800,0.001,0.100,7,Yes
Rule-Based vs Rule-Based (control),631,1,rule,10,30,0.000,0.000,8,No
Rule-Based vs Rule-Based (control),632,,,0,800,0.001,0.100,7,Yes
Rule-Based vs Rule-Based (control),633,,,0,800,0.000,0.000,8,Yes
Rule-Based vs Rule-Based (control),634,,,0,800,0.003,0.100,8,Yes
Rule-Based vs Rule-Based (control),635,1,rule,10,18,0.000,0.000,6,No
Rule-Based vs Rule-Based (control),636,,,0,800,0.003,0.100,7,Yes
Rule-Based vs Rule-Based (control),637,0,rule,10,41,0.000,0.000,9,No
Rule-Based vs Rule-Based (control),638,0,rule,15,25,0.000,0.000,9,No
Rule-Based vs Rule-Based (control),639,1,rule,15,34,0.003,0.100,9,No
Rule-Based vs Rule-Based (control),640,2,rule,10,35,0.000,0.000,7,No
Rule-Based vs Rule-Based (control),641,1,rule,15,42,0.007,0.100,9,No
Rule-Based vs Rule-Based (control),642,,,0,800,0.001,0.100,7,Yes
Rule-Based vs Rule-Based (control),643,0,rule,10,21,0.004,0.100,8,No
Rule-Based vs Rule-Based (control),644,3,rule,10,24,0.000,0.000,8,No
Rule-Based vs Rule-Based (control),645,,,0,800,0.002,0.100,8,Yes
Rule-Based vs Rule-Based (control),646,,,0,800,0.002,0.100,8,Yes
Rule-Based vs Rule-Based (control),647,3,rule,10,44,0.000,0.000,9,No
Rule-Based vs Rule-Based (control),648,,,0,800,0.000,0.000,8,Yes
Rule-Based vs Rule-Based (control),649,1,rule,10,22,0.000,0.000,6,No
Rule-Based vs Rule-Based (control),650,0,rule,15,21,0.000,0.000,8,No
Rule-Based vs Rule-Based (control),651,2,rule,10,31,0.000,0.000,8,No
Rule-Based vs Rule-Based (control),652,,,0,800,0.001,0.100,8,Yes
Rule-Based vs Rule-Based (control),653,3,rule,10,32,0.003,0.100,8,No
Rule-Based vs Rule-Based (control),654,,,0,800,0.002,0.100,8,Yes
Rule-Based vs Rule-Based (control),655,,,0,800,0.001,0.100,6,Yes
Rule-Based vs Rule-Based (control),656,,,0,800,0.002,0.100,8,Yes
Rule-Based vs Rule-Based (control),657,,,0,800,0.002,0.100,8,Yes
Rule-Based vs Rule-Based (control),658,,,0,800,0.000,0.000,6,Yes
Rule-Based vs Rule-Based (control),659,,,0,800,0.000,0.000,8,Yes
Rule-Based vs Rule-Based (control),660,0,rule,10,21,0.004,0.100,6,No
Rule-Based vs Rule-Based (control),661,2,rule,10,19,0.004,0.100,7,No
Rule-Based vs Rule-Based (control),662,,,0,800,0.002,0.100,8,Yes
Rule-Based vs Rule-Based (control),663,0,rule,10,17,0.005,0.100,6,No
Rule-Based vs Rule-Based (control),664,2,rule,10,39,0.000,0.000,7,No
Rule-Based vs Rule-Based (control),665,0,rule,15,25,0.000,0.000,9,No
Rule-Based vs Rule-Based (control),666,3,rule,10,36,0.003,0.100,8,No
Rule-Based vs Rule-Based (control),667,,,0,800,0.000,0.000,8,Yes
Rule-Based vs Rule-Based (control),668,,,0,800,0.001,0.100,8,Yes
Rule-Based vs Rule-Based (control),669,2,rule,10,31,0.003,0.100,6,No
Rule-Based vs Rule-Based (control),670,,,0,800,0.000,0.000,8,Yes
Rule-Based vs Rule-Based (control),671,0,rule,10,29,0.003,0.100,7,No
Rule-Based vs Rule-Based (control),672,,,0,800,0.000,0.000,8,Yes
Rule-Based vs Rule-Based (control),673,,,0,800,0.000,0.000,8,Yes
Rule-Based vs Rule-Based (control),674,,,0,800,0.000,0.000,6,Yes
Rule-Based vs Rule-Based (control),675,2,rule,10,35,0.000,0.000,9,No
Rule-Based vs Rule-Based (control),676,3,rule,10,20,0.000,0.000,8,No
Rule-Based vs Rule-Based (control),677,,,0,800,0.000,0.000,8,Yes
Rule-Based vs Rule-Based (control),678,0,rule,10,41,0.000,0.000,8,No
Rule-Based vs Rule-Based (control),679,,,0,800,0.000,0.000,7,Yes
Rule-Based vs Rule-Based (control),680,1,rule,10,46,0.000,0.000,9,No
Rule-Based vs Rule-Based (control),681,2,rule,15,47,0.004,0.100,9,No
Rule-Based vs Rule-Based (control),682,,,0,800,0.006,0.100,8,Yes
Rule-Based vs Rule-Based (control),683,,,0,800,0.004,0.100,8,Yes
Rule-Based vs Rule-Based (control),684,0,rule,15,33,0.003,0.100,9,No
Rule-Based vs Rule-Based (control),685,0,rule,15,41,0.007,0.100,9,No
Rule-Based vs Rule-Based (control),686,2,rule,10,35,0.008,0.100,8,No
Rule-Based vs Rule-Based (control),687,2,rule,15,39,0.002,0.100,8,No
Rule-Based vs Rule-Based (control),688,3,rule,15,32,0.003,0.100,8,No
Rule-Based vs Rule-Based (control),689,1,rule,10,46,0.002,0.100,8,No
Rule-Based vs Rule-Based (control),690,3,rule,10,44,0.006,0.100,8,No
Rule-Based vs Rule-Based (control),691,1,rule,10,42,0.002,0.100,9,No
Rule-Based vs Rule-Based (control),692,,,0,800,0.008,0.100,5,Yes
Rule-Based vs Rule-Based (control),693,0,rule,10,41,0.013,0.100,8,No
Rule-Based vs Rule-Based (control),694,3,rule,10,20,0.004,0.100,6,No
Rule-Based vs Rule-Based (control),695,,,0,800,0.007,0.100,7,Yes
Rule-Based vs Rule-Based (control),696,,,0,800,0.002,0.100,8,Yes
Rule-Based vs Rule-Based (control),697,1,rule,10,10,0.007,0.100,5,No
Rule-Based vs Rule-Based (control),698,3,rule,10,24,0.000,0.000,9,No
Rule-Based vs Rule-Based (control),699,1,rule,15,30,0.006,0.100,9,No
Rule-Based vs Rule-Based (control),700,2,rule,10,47,0.004,0.100,8,No
Rule-Based vs Rule-Based (control),701,,,0,800,0.006,0.100,8,Yes
Rule-Based vs Rule-Based (control),702,3,rule,10,12,0.000,0.000,7,No
Rule-Based vs Rule-Based (control),703,,,0,800,0.004,0.100,6,Yes
Rule-Based vs Rule-Based (control),704,1,rule,15,26,0.004,0.100,7,No
Rule-Based vs Rule-Based (control),705,2,rule,15,31,0.003,0.100,8,No
Rule-Based vs Rule-Based (control),706,1,rule,10,30,0.006,0.100,8,No
Rule-Based vs Rule-Based (control),707,2,rule,10,27,0.000,0.000,7,No
Rule-Based vs Rule-Based (control),708,,,0,800,0.004,0.100,8,Yes
Rule-Based vs Rule-Based (control),709,1,rule,10,42,0.004,0.100,9,No
Rule-Based vs Rule-Based (control),710,2,rule,10,39,0.002,0.100,8,No
Rule-Based vs Rule-Based (control),711,,,0,800,0.006,0.100,8,Yes
Rule-Based vs Rule-Based (control),712,2,rule,10,35,0.003,0.100,7,No
Rule-Based vs Rule-Based (control),713,0,rule,15,9,0.000,0.000,6,No
Rule-Based vs Rule-Based (control),714,0,rule,10,21,0.008,0.100,8,No
Rule-Based vs Rule-Based (control),715,,,0,800,0.002,0.100,7,Yes
Rule-Based vs Rule-Based (control),716,1,rule,10,30,0.000,0.000,6,No
Rule-Based vs Rule-Based (control),717,1,rule,15,34,0.003,0.100,9,No
Rule-Based vs Rule-Based (control),718,3,rule,15,24,0.000,0.000,8,No
Rule-Based vs Rule-Based (control),719,2,rule,15,23,0.000,0.000,8,No
Rule-Based vs Rule-Based (control),720,3,rule,15,20,0.005,0.100,9,No
Rule-Based vs Rule-Based (control),721,,,0,800,0.003,0.100,8,Yes
Rule-Based vs Rule-Based (control),722,1,rule,10,10,0.000,0.000,5,No
Rule-Based vs Rule-Based (control),723,3,rule,10,48,0.004,0.100,8,No
Rule-Based vs Rule-Based (control),724,2,rule,10,35,0.003,0.100,8,No
Rule-Based vs Rule-Based (control),725,,,0,800,0.000,0.000,7,Yes
Rule-Based vs Rule-Based (control),726,,,0,800,0.006,0.300,7,Yes
Rule-Based vs Rule-Based (control),727,,,0,800,0.000,0.000,7,Yes
Rule-Based vs Rule-Based (control),728,0,rule,10,13,0.007,0.100,6,No
Rule-Based vs Rule-Based (control),729,,,0,800,0.001,0.100,8,Yes
Rule-Based vs Rule-Based (control),730,,,0,800,0.002,0.100,8,Yes
Rule-Based vs Rule-Based (control),731,,,0,800,0.002,0.100,8,Yes
Rule-Based vs Rule-Based (control),732,2,rule,10,31,0.006,0.100,6,No
Rule-Based vs Rule-Based (control),733,,,0,800,0.001,0.100,6,Yes
Rule-Based vs Rule-Based (control),734,2,rule,10,23,0.012,0.100,7,No
Rule-Based vs Rule-Based (control),735,0,rule,10,41,0.000,0.000,7,No
Rule-Based vs Rule-Based (control),736,3,rule,10,16,0.006,0.100,5,No
Rule-Based vs Rule-Based (control),737,1,rule,10,46,0.008,0.100,9,No
Rule-Based vs Rule-Based (control),738,3,rule,10,24,0.004,0.100,8,No
Rule-Based vs Rule-Based (control),739,,,0,800,0.002,0.100,8,Yes
Rule-Based vs Rule-Based (control),740,3,rule,10,20,0.000,0.000,7,No
Rule-Based vs Rule-Based (control),741,2,rule,15,7,0.000,0.000,4,No
Rule-Based vs Rule-Based (control),742,1,rule,10,18,0.000,0.000,6,No
Rule-Based vs Rule-Based (control),743,,,0,800,0.002,0.100,7,Yes
Rule-Based vs Rule-Based (control),744,1,rule,10,30,0.003,0.100,7,No
Rule-Based vs Rule-Based (control),745,3,rule,15,24,0.004,0.100,8,No
Rule-Based vs Rule-Based (control),746,1,rule,15,26,0.004,0.100,7,No
Rule-Based vs Rule-Based (control),747,0,rule,10,17,0.005,0.100,7,No
Rule-Based vs Rule-Based (control),748,,,0,800,0.004,0.100,5,Yes
Rule-Based vs Rule-Based (control),749,2,rule,15,39,0.005,0.100,9,No
Rule-Based vs Rule-Based (control),750,2,rule,10,31,0.003,0.100,9,No
Rule-Based vs Rule-Based (control),751,0,rule,10,29,0.000,0.000,8,No
Rule-Based vs Rule-Based (control),752,,,0,800,0.001,0.100,7,Yes
Rule-Based vs Rule-Based (control),753,0,rule,15,5,0.000,0.000,5,No
Rule-Based vs Rule-Based (control),754,,,0,800,0.000,0.000,8,Yes
Rule-Based vs Rule-Based (control),755,1,rule,10,38,0.002,0.100,9,No
Rule-Based vs Rule-Based (control),756,,,0,800,0.004,0.100,7,Yes
Rule-Based vs Rule-Based (control),757,0,rule,15,37,0.000,0.000,8,No
Rule-Based vs Rule-Based (control),758,3,rule,15,16,0.012,0.100,5,No
Rule-Based vs Rule-Based (control),759,0,rule,10,25,0.000,0.000,7,No
Rule-Based vs Rule-Based (control),760,1,rule,10,10,0.000,0.000,6,No
Rule-Based vs Rule-Based (control),761,3,rule,10,44,0.002,0.100,9,No
Rule-Based vs Rule-Based (control),762,2,rule,10,27,0.003,0.100,9,No
Rule-Based vs Rule-Based (control),763,2,rule,15,19,0.000,0.000,7,No
Rule-Based vs Rule-Based (control),764,1,rule,10,42,0.002,0.100,9,No
Rule-Based vs Rule-Based (control),765,0,rule,10,17,0.000,0.000,6,No
Rule-Based vs Rule-Based (control),766,,,0,800,0.003,0.100,7,Yes
Rule-Based vs Rule-Based (control),767,3,rule,10,8,0.000,0.000,4,No
Rule-Based vs Rule-Based (control),768,2,rule,15,19,0.000,0.000,7,No
Rule-Based vs Rule-Based (control),769,2,rule,10,35,0.000,0.000,9,No
Rule-Based vs Rule-Based (control),770,,,0,800,0.000,0.000,8,Yes
Rule-Based vs Rule-Based (control),771,3,rule,15,36,0.003,0.100,9,No
Rule-Based vs Rule-Based (control),772,0,rule,15,25,0.000,0.000,6,No
Rule-Based vs Rule-Based (control),773,,,0,800,0.000,0.000,7,Yes
Rule-Based vs Rule-Based (control),774,0,rule,15,21,0.000,0.000,7,No
Rule-Based vs Rule-Based (control),775,,,0,800,0.001,0.100,8,Yes
Rule-Based vs Rule-Based (control),776,,,0,800,0.001,0.100,7,Yes
Rule-Based vs Rule-Based (control),777,,,0,800,0.004,0.100,8,Yes
Rule-Based vs Rule-Based (control),778,3,rule,15,20,0.005,0.100,6,No
Rule-Based vs Rule-Based (control),779,1,rule,15,30,0.003,0.100,9,No
Rule-Based vs Rule-Based (control),780,3,rule,10,40,0.002,0.100,8,No
Rule-Based vs Rule-Based (control),781,2,rule,10,27,0.003,0.100,9,No
Rule-Based vs Rule-Based (control),782,3,rule,10,40,0.002,0.100,9,No
Rule-Based vs Rule-Based (control),783,0,rule,10,41,0.000,0.000,9,No
Rule-Based vs Rule-Based (control),784,,,0,800,0.000,0.000,8,Yes
Rule-Based vs Rule-Based (control),785,,,0,800,0.002,0.100,8,Yes
Rule-Based vs Rule-Based (control),786,2,rule,10,15,0.000,0.000,7,No
Rule-Based vs Rule-Based (control),787,0,rule,15,13,0.007,0.100,6,No
Rule-Based vs Rule-Based (control),788,1,rule,10,18,0.000,0.000,6,No
Rule-Based vs Rule-Based (control),789,,,0,800,0.003,0.100,6,Yes
Rule-Based vs Rule-Based (control),790,0,rule,10,37,0.000,0.000,7,No
Rule-Based vs Rule-Based (control),791,1,rule,15,6,0.000,0.000,6,No
Rule-Based vs Rule-Based (control),792,1,rule,10,34,0.000,0.000,9,No
Rule-Based vs Rule-Based (control),793,0,rule,10,17,0.000,0.000,7,No
Rule-Based vs Rule-Based (control),794,3,rule,15,36,0.006,0.100,7,No
Rule-Based vs Rule-Based (control),795,,,0,800,0.002,0.100,7,Yes
Rule-Based vs Rule-Based (control),796,,,0,800,0.002,0.100,8,Yes
Rule-Based vs Rule-Based (control),797,,,0,800,0.001,0.100,8,Yes
Rule-Based vs Rule-Based (control),798,0,rule,10,13,0.000,0.000,7,No
Rule-Based vs Rule-Based (control),799,,,0,800,0.001,0.100,7,Yes
Rule-Based vs Rule-Based (control),800,0,rule,10,29,0.003,0.100,9,No
Rule-Based vs Rule-Based (control),801,,,0,800,0.002,0.100,8,Yes
Rule-Based vs Rule-Based (control),802,2,rule,15,31,0.000,0.000,8,No
Rule-Based vs Rule-Based (control),803,,,0,800,0.000,0.000,7,Yes
Rule-Based vs Rule-Based (control),804,,,0,800,0.000,0.000,7,Yes
Rule-Based vs Rule-Based (control),805,,,0,800,0.002,0.100,8,Yes
Rule-Based vs Rule-Based (control),806,,,0,800,0.000,0.000,7,Yes
Rule-Based vs Rule-Based (control),807,,,0,800,0.000,0.000,8,Yes
Rule-Based vs Rule-Based (control),808,,,0,800,0.001,0.100,8,Yes
Rule-Based vs Rule-Based (control),809,1,rule,10,38,0.002,0.100,9,No
Rule-Based vs Rule-Based (control),810,3,rule,10,8,0.000,0.000,5,No
Rule-Based vs Rule-Based (control),811,0,rule,15,21,0.000,0.000,6,No
Rule-Based vs Rule-Based (control),812,,,0,800,0.003,0.100,8,Yes
Rule-Based vs Rule-Based (control),813,2,rule,15,47,0.004,0.100,9,No
Rule-Based vs Rule-Based (control),814,2,rule,15,47,0.010,0.100,6,No
Rule-Based vs Rule-Based (control),815,3,rule,15,48,0.006,0.100,8,No
Rule-Based vs Rule-Based (control),816,2,rule,10,3,0.025,0.100,4,No
Rule-Based vs Rule-Based (control),817,0,rule,10,37,0.005,0.100,7,No
Rule-Based vs Rule-Based (control),818,3,rule,10,44,0.006,0.100,9,No
Rule-Based vs Rule-Based (control),819,,,0,800,0.008,0.100,8,Yes
Rule-Based vs Rule-Based (control),820,,,0,800,0.005,0.100,8,Yes
Rule-Based vs Rule-Based (control),821,3,rule,10,32,0.005,0.100,9,No
Rule-Based vs Rule-Based (control),822,0,rule,15,29,0.006,0.100,8,No
Rule-Based vs Rule-Based (control),823,,,0,800,0.003,0.100,8,Yes
Rule-Based vs Rule-Based (control),824,,,0,800,0.003,0.100,5,Yes
Rule-Based vs Rule-Based (control),825,2,rule,10,19,0.005,0.100,6,No
Rule-Based vs Rule-Based (control),826,,,0,800,0.005,0.100,8,Yes
Rule-Based vs Rule-Based (control),827,1,rule,10,26,0.004,0.100,8,No
Rule-Based vs Rule-Based (control),828,,,0,800,0.005,0.100,8,Yes
Rule-Based vs Rule-Based (control),829,,,0,800,0.000,0.000,8,Yes
Rule-Based vs Rule-Based (control),830,,,0,800,0.001,0.100,7,Yes
Rule-Based vs Rule-Based (control),831,1,rule,10,14,0.007,0.100,3,No
Rule-Based vs Rule-Based (control),832,,,0,800,0.000,0.000,8,Yes
Rule-Based vs Rule-Based (control),833,2,rule,10,43,0.000,0.000,8,No
Rule-Based vs Rule-Based (control),834,0,rule,10,33,0.000,0.000,9,No
Rule-Based vs Rule-Based (control),835,1,rule,15,46,0.000,0.000,8,No
Rule-Based vs Rule-Based (control),836,3,rule,15,28,0.000,0.000,9,No
Rule-Based vs Rule-Based (control),837,0,rule,10,25,0.000,0.000,8,No
Rule-Based vs Rule-Based (control),838,2,rule,10,35,0.000,0.000,6,No
Rule-Based vs Rule-Based (control),839,,,0,800,0.000,0.000,7,Yes
Rule-Based vs Rule-Based (control),840,,,0,800,0.002,0.100,8,Yes
Rule-Based vs Rule-Based (control),841,2,rule,10,27,0.006,0.100,7,No
Rule-Based vs Rule-Based (control),842,2,rule,10,11,0.000,0.000,4,No
Rule-Based vs Rule-Based (control),843,3,rule,15,32,0.000,0.000,8,No
Rule-Based vs Rule-Based (control),844,3,rule,10,40,0.000,0.000,8,No
Rule-Based vs Rule-Based (control),845,2,rule,15,39,0.002,0.100,9,No
Rule-Based vs Rule-Based (control),846,3,rule,10,48,0.002,0.100,9,No
Rule-Based vs Rule-Based (control),847,0,rule,15,45,0.000,0.000,9,No
Rule-Based vs Rule-Based (control),848,3,rule,10,12,0.000,0.000,6,No
Rule-Based vs Rule-Based (control),849,,,0,800,0.002,0.100,8,Yes
Rule-Based vs Rule-Based (control),850,1,rule,15,14,0.006,0.100,6,No
Rule-Based vs Rule-Based (control),851,,,0,800,0.002,0.100,8,Yes
Rule-Based vs Rule-Based (control),852,0,rule,10,45,0.004,0.100,8,No
Rule-Based vs Rule-Based (control),853,,,0,800,0.003,0.100,8,Yes
Rule-Based vs Rule-Based (control),854,,,0,800,0.000,0.000,8,Yes
Rule-Based vs Rule-Based (control),855,,,0,800,0.001,0.100,6,Yes
Rule-Based vs Rule-Based (control),856,,,0,800,0.003,0.100,8,Yes
Rule-Based vs Rule-Based (control),857,,,0,800,0.003,0.100,7,Yes
Rule-Based vs Rule-Based (control),858,2,rule,10,3,0.025,0.100,3,No
Rule-Based vs Rule-Based (control),859,2,rule,10,47,0.004,0.100,9,No
Rule-Based vs Rule-Based (control),860,0,rule,10,37,0.010,0.100,9,No
Rule-Based vs Rule-Based (control),861,1,rule,10,34,0.008,0.100,9,No
Rule-Based vs Rule-Based (control),862,2,rule,10,11,0.008,0.100,6,No
Rule-Based vs Rule-Based (control),863,2,rule,10,43,0.006,0.100,9,No
Rule-Based vs Rule-Based (control),864,0,rule,10,17,0.000,0.000,6,No
Rule-Based vs Rule-Based (control),865,,,0,800,0.007,0.100,7,Yes
Rule-Based vs Rule-Based (control),866,,,0,800,0.004,0.100,6,Yes
Rule-Based vs Rule-Based (control),867,1,rule,10,46,0.004,0.100,8,No
Rule-Based vs Rule-Based (control),868,,,0,800,0.003,0.100,8,Yes
Rule-Based vs Rule-Based (control),869,,,0,800,0.003,0.100,8,Yes
Rule-Based vs Rule-Based (control),870,0,rule,10,25,0.003,0.100,9,No
Rule-Based vs Rule-Based (control),871,1,rule,15,42,0.007,0.100,8,No
Rule-Based vs Rule-Based (control),872,,,0,800,0.003,0.100,8,Yes
Rule-Based vs Rule-Based (control),873,1,rule,10,26,0.004,0.100,8,No
Rule-Based vs Rule-Based (control),874,2,rule,15,19,0.005,0.100,7,No
Rule-Based vs Rule-Based (control),875,,,0,800,0.000,0.000,8,Yes
Rule-Based vs Rule-Based (control),876,2,rule,10,35,0.002,0.100,8,No
Rule-Based vs Rule-Based (control),877,,,0,800,0.000,0.000,8,Yes
Rule-Based vs Rule-Based (control),878,2,rule,10,31,0.000,0.000,9,No
Rule-Based vs Rule-Based (control),879,2,rule,10,39,0.002,0.100,9,No
Rule-Based vs Rule-Based (control),880,2,rule,10,23,0.004,0.100,9,No
Rule-Based vs Rule-Based (control),881,1,rule,10,30,0.003,0.100,9,No
Rule-Based vs Rule-Based (control),882,,,0,800,0.001,0.100,7,Yes
Rule-Based vs Rule-Based (control),883,,,0,800,0.001,0.100,7,Yes
Rule-Based vs Rule-Based (control),884,2,rule,10,31,0.003,0.100,7,No
Rule-Based vs Rule-Based (control),885,0,rule,10,33,0.003,0.100,7,No
Rule-Based vs Rule-Based (control),886,3,rule,10,12,0.000,0.000,7,No
Rule-Based vs Rule-Based (control),887,,,0,800,0.005,0.100,8,Yes
Rule-Based vs Rule-Based (control),888,2,rule,10,15,0.005,0.100,6,No
Rule-Based vs Rule-Based (control),889,,,0,800,0.002,0.100,7,Yes
Rule-Based vs Rule-Based (control),890,3,rule,10,44,0.000,0.000,9,No
Rule-Based vs Rule-Based (control),891,3,rule,10,32,0.003,0.100,8,No
Rule-Based vs Rule-Based (control),892,1,rule,10,42,0.002,0.100,9,No
Rule-Based vs Rule-Based (control),893,3,rule,10,20,0.000,0.000,8,No
Rule-Based vs Rule-Based (control),894,,,0,800,0.000,0.000,7,Yes
Rule-Based vs Rule-Based (control),895,,,0,800,0.002,0.100,8,Yes
Rule-Based vs Rule-Based (control),896,,,0,800,0.003,0.100,8,Yes
Rule-Based vs Rule-Based (control),897,0,rule,10,37,0.000,0.000,6,No
Rule-Based vs Rule-Based (control),898,,,0,800,0.000,0.000,8,Yes
Rule-Based vs Rule-Based (control),899,3,rule,15,40,0.000,0.000,9,No
Rule-Based vs Rule-Based (control),900,0,rule,10,25,0.007,0.100,6,No
Rule-Based vs Rule-Based (control),901,,,0,800,0.002,0.100,8,Yes
Rule-Based vs Rule-Based (control),902,,,0,800,0.003,0.100,8,Yes
Rule-Based vs Rule-Based (control),903,,,0,800,0.000,0.000,5,Yes
Rule-Based vs Rule-Based (control),904,0,rule,15,33,0.000,0.000,8,No
Rule-Based vs Rule-Based (control),905,3,rule,10,12,0.000,0.000,9,No
Rule-Based vs Rule-Based (control),906,1,rule,15,34,0.000,0.000,9,No
Rule-Based vs Rule-Based (control),907,,,0,800,0.000,0.000,8,Yes
Rule-Based vs Rule-Based (control),908,2,rule,10,23,0.000,0.000,7,No
Rule-Based vs Rule-Based (control),909,3,rule,15,12,0.000,0.000,7,No
Rule-Based vs Rule-Based (control),910,0,rule,15,21,0.004,0.100,8,No
Rule-Based vs Rule-Based (control),911,2,rule,10,23,0.000,0.000,8,No
Rule-Based vs Rule-Based (control),912,,,0,800,0.002,0.100,8,Yes
Rule-Based vs Rule-Based (control),913,2,rule,10,15,0.000,0.000,3,No
Rule-Based vs Rule-Based (control),914,2,rule,10,31,0.003,0.100,7,No
Rule-Based vs Rule-Based (control),915,2,rule,10,19,0.004,0.100,6,No
Rule-Based vs Rule-Based (control),916,0,rule,15,17,0.011,0.100,6,No
Rule-Based vs Rule-Based (control),917,,,0,800,0.000,0.000,7,Yes
Rule-Based vs Rule-Based (control),918,2,rule,10,43,0.000,0.000,9,No
Rule-Based vs Rule-Based (control),919,3,rule,15,8,0.000,0.000,6,No
Rule-Based vs Rule-Based (control),920,,,0,800,0.000,0.000,8,Yes
Rule-Based vs Rule-Based (control),921,,,0,800,0.001,0.100,8,Yes
Rule-Based vs Rule-Based (control),922,1,rule,10,38,0.000,0.000,9,No
Rule-Based vs Rule-Based (control),923,3,rule,10,12,0.000,0.000,6,No
Rule-Based vs Rule-Based (control),924,,,0,800,0.000,0.000,8,Yes
Rule-Based vs Rule-Based (control),925,0,rule,10,29,0.000,0.000,9,No
Rule-Based vs Rule-Based (control),926,3,rule,10,28,0.003,0.100,8,No
Rule-Based vs Rule-Based (control),927,,,0,800,0.000,0.000,7,Yes
Rule-Based vs Rule-Based (control),928,,,0,800,0.001,0.100,6,Yes
Rule-Based vs Rule-Based (control),929,3,rule,10,36,0.003,0.100,9,No
Rule-Based vs Rule-Based (control),930,,,0,800,0.000,0.000,8,Yes
Rule-Based vs Rule-Based (control),931,,,0,800,0.000,0.000,7,Yes
Rule-Based vs Rule-Based (control),932,0,rule,10,17,0.000,0.000,5,No
Rule-Based vs Rule-Based (control),933,,,0,800,0.000,0.000,8,Yes
Rule-Based vs Rule-Based (control),934,,,0,800,0.001,0.100,7,Yes
Rule-Based vs Rule-Based (control),935,1,rule,10,42,0.002,0.100,8,No
Rule-Based vs Rule-Based (control),936,2,rule,10,35,0.008,0.100,8,No
Rule-Based vs Rule-Based (control),937,,,0,800,0.001,0.100,8,Yes
Rule-Based vs Rule-Based (control),938,0,rule,10,37,0.002,0.100,7,No
Rule-Based vs Rule-Based (control),939,,,0,800,0.005,0.100,8,Yes
Rule-Based vs Rule-Based (control),940,,,0,800,0.002,0.100,8,Yes
Rule-Based vs Rule-Based (control),941,1,rule,10,22,0.016,0.100,7,No
Rule-Based vs Rule-Based (control),942,0,rule,15,41,0.002,0.100,8,No
Rule-Based vs Rule-Based (control),943,0,rule,10,33,0.013,0.100,8,No
Rule-Based vs Rule-Based (control),944,3,rule,10,44,0.002,0.100,9,No
Rule-Based vs Rule-Based (control),945,,,0,800,0.003,0.100,8,Yes
Rule-Based vs Rule-Based (control),946,0,rule,10,37,0.002,0.100,9,No
Rule-Based vs Rule-Based (control),947,1,rule,10,42,0.002,0.100,9,No
Rule-Based vs Rule-Based (control),948,,,0,800,0.000,0.000,8,Yes
Rule-Based vs Rule-Based (control),949,2,rule,10,43,0.002,0.100,9,No
Rule-Based vs Rule-Based (control),950,2,rule,10,43,0.002,0.100,9,No
Rule-Based vs Rule-Based (control),951,,,0,800,0.001,0.100,8,Yes
Rule-Based vs Rule-Based (control),952,1,rule,10,14,0.012,0.100,7,No
Rule-Based vs Rule-Based (control),953,,,0,800,0.002,0.100,8,Yes
Rule-Based vs Rule-Based (control),954,,,0,800,0.002,0.100,8,Yes
Rule-Based vs Rule-Based (control),955,2,rule,10,39,0.000,0.000,9,No
Rule-Based vs Rule-Based (control),956,2,rule,10,27,0.006,0.100,7,No
Rule-Based vs Rule-Based (control),957,,,0,800,0.002,0.100,8,Yes
Rule-Based vs Rule-Based (control),958,2,rule,10,31,0.006,0.100,9,No
Rule-Based vs Rule-Based (control),959,1,rule,15,22,0.004,0.100,7,No
Rule-Based vs Rule-Based (control),960,2,rule,10,39,0.002,0.100,8,No
Rule-Based vs Rule-Based (control),961,3,rule,10,28,0.016,0.100,9,No
Rule-Based vs Rule-Based (control),962,1,rule,10,42,0.006,0.100,8,No
Rule-Based vs Rule-Based (control),963,,,0,800,0.007,0.100,8,Yes
Rule-Based vs Rule-Based (control),964,2,rule,15,11,0.000,0.000,5,No
Rule-Based vs Rule-Based (control),965,0,rule,15,13,0.000,0.000,7,No
Rule-Based vs Rule-Based (control),966,1,rule,15,6,0.000,0.000,5,No
Rule-Based vs Rule-Based (control),967,,,0,800,0.004,0.100,8,Yes
Rule-Based vs Rule-Based (control),968,0,rule,10,33,0.008,0.100,8,No
Rule-Based vs Rule-Based (control),969,2,rule,10,39,0.004,0.100,8,No
Rule-Based vs Rule-Based (control),970,,,0,800,0.001,0.100,8,Yes
Rule-Based vs Rule-Based (control),971,3,rule,10,16,0.005,0.100,6,No
Rule-Based vs Rule-Based (control),972,,,0,800,0.004,0.100,8,Yes
Rule-Based vs Rule-Based (control),973,2,rule,15,47,0.002,0.100,9,No
Rule-Based vs Rule-Based (control),974,,,0,800,0.003,0.100,8,Yes
Rule-Based vs Rule-Based (control),975,,,0,800,0.003,0.100,8,Yes
Rule-Based vs Rule-Based (control),976,0,rule,15,33,0.000,0.000,8,No
Rule-Based vs Rule-Based (control),977,2,rule,15,19,0.005,0.100,8,No
Rule-Based vs Rule-Based (control),978,,,0,800,0.000,0.000,8,Yes
Rule-Based vs Rule-Based (control),979,2,rule,15,43,0.000,0.000,8,No
Rule-Based vs Rule-Based (control),980,,,0,800,0.002,0.100,7,Yes
Rule-Based vs Rule-Based (control),981,1,rule,15,30,0.000,0.000,8,No
Rule-Based vs Rule-Based (control),982,,,0,800,0.002,0.100,8,Yes
Rule-Based vs Rule-Based (control),983,,,0,800,0.003,0.100,8,Yes
Rule-Based vs Rule-Based (control),984,1,rule,10,6,0.000,0.000,7,No
Rule-Based vs Rule-Based (control),985,,,0,800,0.000,0.000,7,Yes
Rule-Based vs Rule-Based (control),986,3,rule,10,44,0.000,0.000,7,No
Rule-Based vs Rule-Based (control),987,,,0,800,0.002,0.100,8,Yes
Rule-Based vs Rule-Based (control),988,2,rule,10,23,0.004,0.100,7,No
Rule-Based vs Rule-Based (control),989,3,rule,10,16,0.006,0.100,5,No
Rule-Based vs Rule-Based (control),990,0,rule,10,21,0.000,0.000,6,No
Rule-Based vs Rule-Based (control),991,2,rule,10,43,0.002,0.100,9,No
Rule-Based vs Rule-Based (control),992,0,rule,15,13,0.000,0.000,9,No
Rule-Based vs Rule-Based (control),993,,,0,800,0.000,0.000,8,Yes
Rule-Based vs Rule-Based (control),994,,,0,800,0.000,0.000,7,Yes
Rule-Based vs Rule-Based (control),995,,,0,800,0.002,0.100,8,Yes
Rule-Based vs Rule-Based (control),996,3,rule,15,48,0.002,0.100,8,No
Rule-Based vs Rule-Based (control),997,0,rule,10,33,0.000,0.000,8,No
Rule-Based vs Rule-Based (control),998,,,0,800,0.001,0.100,7,Yes
Rule-Based vs Rule-Based (control),999,3,rule,10,20,0.004,0.100,6,No
Rule-Based vs Rule-Based (control),1000,,,0,800,0.000,0.000,7,Yes
Rule-Based vs Rule-Based (control),1001,,,0,800,0.002,0.100,8,Yes
Rule-Based vs Rule-Based (control),1002,,,0,800,0.000,0.000,8,Yes
Rule-Based vs Rule-Based (control),1003,,,0,800,0.001,0.100,7,Yes
Rule-Based vs Rule-Based (control),1004,0,rule,15,21,0.000,0.000,7,No
Rule-Based vs Rule-Based (control),1005,1,rule,10,18,0.000,0.000,9,No
Rule-Based vs Rule-Based (control),1006,,,0,800,0.003,0.100,6,Yes
Rule-Based vs Rule-Based (control),1007,2,rule,10,23,0.004,0.100,6,No
Rule-Based vs Rule-Based (control),1008,,,0,800,0.003,0.100,8,Yes
Rule-Based vs Rule-Based (control),1009,3,rule,10,24,0.004,0.100,8,No
Rule-Based vs Rule-Based (control),1010,,,0,800,0.001,0.100,8,Yes
Rule-Based vs Rule-Based (control),1011,,,0,800,0.007,0.100,7,Yes
Rule-Based vs Rule-Based (control),1012,3,rule,10,48,0.006,0.100,8,No
Rule-Based vs Rule-Based (control),1013,3,rule,10,28,0.007,0.100,6,No
Rule-Based vs Rule-Based (control),1014,,,0,800,0.005,0.100,8,Yes
Rule-Based vs Rule-Based (control),1015,,,0,800,0.003,0.100,8,Yes
Rule-Based vs Rule-Based (control),1016,1,rule,15,34,0.005,0.100,8,No
Rule-Based vs Rule-Based (control),1017,0,rule,15,45,0.004,0.100,8,No
Rule-Based vs Rule-Based (control),1018,3,rule,10,20,0.000,0.000,7,No
Rule-Based vs Rule-Based (control),1019,,,0,800,0.006,0.100,7,Yes
Rule-Based vs Rule-Based (control),1020,,,0,800,0.003,0.100,8,Yes
Rule-Based vs Rule-Based (control),1021,0,rule,10,21,0.004,0.100,8,No
Rule-Based vs Rule-Based (control),1022,3,rule,10,28,0.000,0.000,9,No
Rule-Based vs Rule-Based (control),1023,0,rule,10,17,0.000,0.000,7,No
Rule-Based vs Rule-Based (control),1024,,,0,800,0.003,0.100,8,Yes
Rule-Based vs Rule-Based (control),1025,,,0,800,0.000,0.000,7,Yes
Rule-Based vs Rule-Based (control),1026,2,rule,10,23,0.004,0.100,8,No
Rule-Based vs Rule-Based (control),1027,,,0,800,0.006,0.100,8,Yes
Rule-Based vs Rule-Based (control),1028,2,rule,10,27,0.003,0.100,7,No
Rule-Based vs Rule-Based (control),1029,1,rule,10,34,0.003,0.100,8,No
Rule-Based vs Rule-Based (control),1030,3,rule,10,12,0.000,0.000,6,No
Rule-Based vs Rule-Based (control),1031,1,rule,10,22,0.008,0.100,5,No
Rule-Based vs Rule-Based (control),1032,1,rule,10,38,0.000,0.000,9,No
Rule-Based vs Rule-Based (control),1033,,,0,800,0.000,0.000,7,Yes
Rule-Based vs Rule-Based (control),1034,,,0,800,0.003,0.100,8,Yes
Rule-Based vs Rule-Based (control),1035,2,rule,15,39,0.000,0.000,9,No
Rule-Based vs Rule-Based (control),1036,,,0,800,0.000,0.000,7,Yes
Rule-Based vs Rule-Based (control),1037,,,0,800,0.003,0.100,7,Yes
Rule-Based vs Rule-Based (control),1038,0,rule,10,29,0.003,0.100,9,No
Rule-Based vs Rule-Based (control),1039,0,rule,15,9,0.009,0.100,6,No
Rule-Based vs Rule-Based (control),1040,1,rule,10,26,0.000,0.000,9,No
Rule-Based vs Rule-Based (control),1041,1,rule,10,10,0.008,0.100,6,No
Rule-Based vs Rule-Based (control),1042,3,rule,10,28,0.000,0.000,9,No
Rule-Based vs Rule-Based (control),1043,1,rule,10,10,0.000,0.000,6,No
Rule-Based vs Rule-Based (control),1044,2,rule,15,19,0.000,0.000,6,No
Rule-Based vs Rule-Based (control),1045,,,0,800,0.000,0.000,7,Yes
Rule-Based vs Rule-Based (control),1046,2,rule,15,27,0.011,0.100,6,No
Rule-Based vs Rule-Based (control),1047,,,0,800,0.000,0.000,8,Yes
Rule-Based vs Rule-Based (control),1048,,,0,800,0.000,0.000,8,Yes
Rule-Based vs Rule-Based (control),1049,0,rule,15,29,0.003,0.100,9,No
Rule-Based vs Rule-Based (control),1050,,,0,800,0.002,0.100,8,Yes
Rule-Based vs Rule-Based (control),1051,,,0,800,0.001,0.100,6,Yes
Rule-Based vs Rule-Based (control),1052,1,rule,10,18,0.000,0.000,7,No
Rule-Based vs Rule-Based (control),1053,3,rule,15,28,0.003,0.100,8,No
Rule-Based vs Rule-Based (control),1054,,,0,800,0.001,0.100,6,Yes
Rule-Based vs Rule-Based (control),1055,1,rule,15,30,0.000,0.000,8,No
Rule-Based vs Rule-Based (control),1056,,,0,800,0.001,0.100,5,Yes
Rule-Based vs Rule-Based (control),1057,,,0,800,0.001,0.100,7,Yes
Rule-Based vs Rule-Based (control),1058,0,rule,10,45,0.004,0.100,8,No
Rule-Based vs Rule-Based (control),1059,2,rule,10,31,0.003,0.100,7,No
Rule-Based vs Rule-Based (control),1060,,,0,800,0.003,0.100,8,Yes
Rule-Based vs Rule-Based (control),1061,1,rule,10,46,0.004,0.100,8,No
Rule-Based vs Rule-Based (control),1062,3,rule,15,44,0.000,0.000,9,No
Rule-Based vs Rule-Based (control),1063,0,rule,15,33,0.000,0.000,8,No
Rule-Based vs Rule-Based (control),1064,3,rule,10,28,0.003,0.100,9,No
Rule-Based vs Rule-Based (control),1065,,,0,800,0.003,0.100,8,Yes
Rule-Based vs Rule-Based (control),1066,2,rule,15,19,0.004,0.100,7,No
Rule-Based vs Rule-Based (control),1067,,,0,800,0.000,0.000,8,Yes
Rule-Based vs Rule-Based (control),1068,,,0,800,0.001,0.100,8,Yes
Rule-Based vs Rule-Based (control),1069,,,0,800,0.001,0.100,8,Yes
Rule-Based vs Rule-Based (control),1070,1,rule,10,22,0.000,0.000,9,No
Rule-Based vs Rule-Based (control),1071,,,0,800,0.003,0.100,7,Yes
Rule-Based vs Rule-Based (control),1072,1,rule,10,38,0.000,0.000,8,No
Rule-Based vs Rule-Based (control),1073,0,rule,15,13,0.006,0.100,7,No
Rule-Based vs Rule-Based (control),1074,,,0,800,0.001,0.100,6,Yes
Rule-Based vs Rule-Based (control),1075,,,0,800,0.002,0.100,7,Yes
Rule-Based vs Rule-Based (control),1076,3,rule,15,28,0.007,0.100,9,No
Rule-Based vs Rule-Based (control),1077,,,0,800,0.000,0.000,8,Yes
Rule-Based vs Rule-Based (control),1078,1,rule,15,10,0.000,0.000,5,No
Rule-Based vs Rule-Based (control),1079,3,rule,10,48,0.000,0.000,9,No
Rule-Based vs Rule-Based (control),1080,3,rule,15,28,0.003,0.100,8,No
Rule-Based vs Rule-Based (control),1081,0,rule,10,45,0.000,0.000,9,No
Rule-Based vs Rule-Based (control),1082,,,0,800,0.003,0.100,8,Yes
Rule-Based vs Rule-Based (control),1083,3,rule,10,20,0.000,0.000,7,No
Rule-Based vs Rule-Based (control),1084,,,0,800,0.002,0.100,8,Yes
Rule-Based vs Rule-Based (control),1085,,,0,800,0.002,0.100,7,Yes
Rule-Based vs Rule-Based (control),1086,0,rule,10,17,0.005,0.100,7,No
Rule-Based vs Rule-Based (control),1087,3,rule,15,24,0.000,0.000,7,No
Rule-Based vs Rule-Based (control),1088,,,0,800,0.002,0.100,8,Yes
Rule-Based vs Rule-Based (control),1089,0,rule,10,33,0.005,0.100,9,No
Rule-Based vs Rule-Based (control),1090,2,rule,10,27,0.003,0.100,8,No
Rule-Based vs Rule-Based (control),1091,,,0,800,0.003,0.100,8,Yes
Rule-Based vs Rule-Based (control),1092,,,0,800,0.000,0.000,8,Yes
Rule-Based vs Rule-Based (control),1093,,,0,800,0.002,0.100,8,Yes
Rule-Based vs Rule-Based (control),1094,,,0,800,0.001,0.100,7,Yes
Rule-Based vs Rule-Based (control),1095,,,0,800,0.002,0.100,8,Yes
Rule-Based vs Rule-Based (control),1096,2,rule,10,27,0.000,0.000,9,No
Rule-Based vs Rule-Based (control),1097,1,rule,10,38,0.000,0.000,9,No
Rule-Based vs Rule-Based (control),1098,2,rule,10,35,0.003,0.100,7,No
Rule-Based vs Rule-Based (control),1099,3,rule,10,16,0.000,0.000,6,No
Rule-Based vs Rule-Based (control),1100,1,rule,10,34,0.000,0.000,9,No
Rule-Based vs Rule-Based (control),1101,2,rule,10,35,0.000,0.000,8,No
Rule-Based vs Rule-Based (control),1102,,,0,800,0.003,0.100,8,Yes
Rule-Based vs Rule-Based (control),1103,0,rule,10,29,0.003,0.100,9,No
Rule-Based vs Rule-Based (control),1104,,,0,800,0.002,0.100,8,Yes
Rule-Based vs Rule-Based (control),1105,,,0,800,0.002,0.100,8,Yes
Rule-Based vs Rule-Based (control),1106,3,rule,10,8,0.009,0.100,6,No
Rule-Based vs Rule-Based (control),1107,2,rule,10,43,0.000,0.000,9,No
Rule-Based vs Rule-Based (control),1108,0,rule,10,17,0.000,0.000,6,No
Rule-Based vs Rule-Based (control),1109,,,0,800,0.001,0.100,6,Yes
Rule-Based vs Rule-Based (control),1110,,,0,800,0.000,0.000,8,Yes
Rule-Based vs Rule-Based (control),1111,1,rule,10,42,0.002,0.100,8,No
Rule-Based vs Rule-Based (control),1112,,,0,800,0.003,0.100,8,Yes
Rule-Based vs Rule-Based (control),1113,,,0,800,0.001,0.100,8,Yes
Rule-Based vs Rule-Based (control),1114,3,rule,10,16,0.005,0.100,7,No
Rule-Based vs Rule-Based (control),1115,0,rule,10,25,0.000,0.000,8,No
Rule-Based vs Rule-Based (control),1116,,,0,800,0.002,0.100,8,Yes
Rule-Based vs Rule-Based (control),1117,3,rule,15,40,0.000,0.000,9,No
Rule-Based vs Rule-Based (control),1118,1,rule,10,26,0.003,0.100,9,No
Rule-Based vs Rule-Based (control),1119,,,0,800,0.000,0.000,8,Yes
Rule-Based vs Rule-Based (control),1120,,,0,800,0.001,0.100,8,Yes
Rule-Based vs Rule-Based (control),1121,1,rule,10,42,0.002,0.100,6,No
Rule-Based vs Rule-Based (control),1122,,,0,800,0.000,0.000,8,Yes
Rule-Based vs Rule-Based (control),1123,3,rule,10,20,0.004,0.100,7,No
Rule-Based vs Rule-Based (control),1124,3,rule,10,20,0.004,0.100,8,No
Rule-Based vs Rule-Based (control),1125,3,rule,10,44,0.000,0.000,9,No
Rule-Based vs Rule-Based (control),1126,,,0,800,0.003,0.100,8,Yes
Rule-Based vs Rule-Based (control),1127,,,0,800,0.002,0.100,8,Yes
Rule-Based vs Rule-Based (control),1128,,,0,800,0.000,0.000,8,Yes
Rule-Based vs Rule-Based (control),1129,,,0,800,0.002,0.100,8,Yes
Rule-Based vs Rule-Based (control),1130,,,0,800,0.001,0.100,7,Yes
Rule-Based vs Rule-Based (control),1131,0,rule,10,9,0.000,0.000,5,No
Rule-Based vs Rule-Based (control),1132,2,rule,10,23,0.004,0.100,5,No
Rule-Based vs Rule-Based (control),1133,1,rule,10,38,0.002,0.100,7,No
Rule-Based vs Rule-Based (control),1134,,,0,800,0.000,0.000,8,Yes
Rule-Based vs Rule-Based (control),1135,,,0,800,0.002,0.100,8,Yes
Rule-Based vs Rule-Based (control),1136,,,0,800,0.000,0.000,8,Yes
Rule-Based vs Rule-Based (control),1137,,,0,800,0.002,0.100,8,Yes
Rule-Based vs Rule-Based (control),1138,3,rule,10,12,0.007,0.100,6,No
Rule-Based vs Rule-Based (control),1139,2,rule,15,47,0.002,0.100,8,No
Rule-Based vs Rule-Based (control),1140,,,0,800,0.003,0.100,8,Yes
Rule-Based vs Rule-Based (control),1141,1,rule,10,22,0.000,0.000,6,No
Rule-Based vs Rule-Based (control),1142,,,0,800,0.000,0.000,7,Yes
Rule-Based vs Rule-Based (control),1143,1,rule,10,42,0.002,0.100,9,No
Rule-Based vs Rule-Based (control),1144,,,0,800,0.000,0.000,8,Yes
Rule-Based vs Rule-Based (control),1145,,,0,800,0.000,0.000,7,Yes
Rule-Based vs Rule-Based (control),1146,2,rule,10,23,0.000,0.000,9,No
Rule-Based vs Rule-Based (control),1147,0,rule,10,17,0.005,0.100,4,No
Rule-Based vs Rule-Based (control),1148,3,rule,15,24,0.000,0.000,8,No
Rule-Based vs Rule-Based (control),1149,,,0,800,0.002,0.100,7,Yes
Rule-Based vs Rule-Based (control),1150,2,rule,15,43,0.004,0.100,8,No
Rule-Based vs Rule-Based (control),1151,,,0,800,0.003,0.100,8,Yes
Rule-Based vs Rule-Based (control),1152,1,rule,10,46,0.000,0.000,9,No
Rule-Based vs Rule-Based (control),1153,3,rule,15,32,0.000,0.000,7,No
Rule-Based vs Rule-Based (control),1154,2,rule,10,23,0.000,0.000,7,No
Rule-Based vs Rule-Based (control),1155,3,rule,10,20,0.000,0.000,7,No
Rule-Based vs Rule-Based (control),1156,1,rule,15,30,0.003,0.100,8,No
Rule-Based vs Rule-Based (control),1157,2,rule,10,47,0.000,0.000,9,No
Rule-Based vs Rule-Based (control),1158,2,rule,10,31,0.000,0.000,8,No
Rule-Based vs Rule-Based (control),1159,1,rule,10,26,0.000,0.000,8,No
Rule-Based vs Rule-Based (control),1160,2,rule,10,39,0.002,0.100,9,No
Rule-Based vs Rule-Based (control),1161,,,0,800,0.005,0.100,8,Yes
Rule-Based vs Rule-Based (control),1162,3,rule,10,24,0.004,0.100,7,No
Rule-Based vs Rule-Based (control),1163,,,0,800,0.000,0.000,8,Yes
Rule-Based vs Rule-Based (control),1164,3,rule,10,12,0.000,0.000,5,No
Rule-Based vs Rule-Based (control),1165,,,0,800,0.000,0.000,7,Yes
Rule-Based vs Rule-Based (control),1166,,,0,800,0.000,0.000,5,Yes
Rule-Based vs Rule-Based (control),1167,,,0,800,0.002,0.100,8,Yes
Rule-Based vs Rule-Based (control),1168,2,rule,15,31,0.000,0.000,8,No
Rule-Based vs Rule-Based (control),1169,0,rule,10,17,0.000,0.000,6,No
Rule-Based vs Rule-Based (control),1170,2,rule,15,27,0.000,0.000,7,No
Rule-Based vs Rule-Based (control),1171,,,0,800,0.000,0.000,7,Yes
Rule-Based vs Rule-Based (control),1172,3,rule,10,32,0.006,0.100,8,No
Rule-Based vs Rule-Based (control),1173,,,0,800,0.003,0.100,8,Yes
Rule-Based vs Rule-Based (control),1174,3,rule,10,44,0.000,0.000,8,No
Rule-Based vs Rule-Based (control),1175,,,0,800,0.002,0.100,8,Yes
Rule-Based vs Rule-Based (control),1176,,,0,800,0.005,0.100,8,Yes
Rule-Based vs Rule-Based (control),1177,1,rule,10,10,0.009,0.100,6,No
Rule-Based vs Rule-Based (control),1178,0,rule,10,29,0.000,0.000,7,No
Rule-Based vs Rule-Based (control),1179,1,rule,10,14,0.000,0.000,6,No
Rule-Based vs Rule-Based (control),1180,,,0,800,0.003,0.100,7,Yes
Rule-Based vs Rule-Based (control),1181,2,rule,10,27,0.000,0.000,9,No
Rule-Based vs Rule-Based (control),1182,0,rule,10,21,0.004,0.100,8,No
Rule-Based vs Rule-Based (control),1183,1,rule,10,10,0.000,0.000,4,No
Rule-Based vs Rule-Based (control),1184,,,0,800,0.002,0.100,8,Yes
Rule-Based vs Rule-Based (control),1185,3,rule,10,32,0.000,0.000,8,No
Rule-Based vs Rule-Based (control),1186,0,rule,10,45,0.004,0.100,9,No
Rule-Based vs Rule-Based (control),1187,0,rule,15,25,0.003,0.100,7,No
Rule-Based vs Rule-Based (control),1188,1,rule,10,14,0.000,0.000,5,No
Rule-Based vs Rule-Based (control),1189,3,rule,10,32,0.000,0.000,9,No
Rule-Based vs Rule-Based (control),1190,0,rule,15,25,0.004,0.100,7,No
Rule-Based vs Rule-Based (control),1191,1,rule,15,14,0.000,0.000,5,No
Rule-Based vs Rule-Based (control),1192,0,rule,10,37,0.000,0.000,7,No
Rule-Based vs Rule-Based (control),1193,3,rule,10,32,0.003,0.100,8,No
Rule-Based vs Rule-Based (control),1194,3,rule,10,36,0.000,0.000,7,No
Rule-Based vs Rule-Based (control),1195,2,rule,10,15,0.006,0.100,6,No
Rule-Based vs Rule-Based (control),1196,,,0,800,0.002,0.100,8,Yes
Rule-Based vs Rule-Based (control),1197,,,0,800,0.002,0.100,8,Yes
Rule-Based vs Rule-Based (control),1198,,,0,800,0.000,0.000,7,Yes
Rule-Based vs Rule-Based (control),1199,,,0,800,0.000,0.000,8,Yes
Rule-Based vs Rule-Based (control),1200,,,0,800,0.002,0.100,8,Yes
Rule-Based vs Rule-Based (control),1201,3,rule,10,28,0.003,0.100,8,No
Rule-Based vs Rule-Based (control),1202,,,0,800,0.002,0.100,7,Yes
Rule-Based vs Rule-Based (control),1203,2,rule,10,15,0.000,0.000,7,No
Rule-Based vs Rule-Based (control),1204,,,0,800,0.000,0.000,8,Yes
Rule-Based vs Rule-Based (control),1205,0,rule,10,21,0.000,0.000,7,No
Rule-Based vs Rule-Based (control),1206,,,0,800,0.000,0.000,7,Yes
Rule-Based vs Rule-Based (control),1207,2,rule,15,23,0.004,0.100,7,No
Rule-Based vs Rule-Based (control),1208,2,rule,10,31,0.009,0.100,8,No
Rule-Based vs Rule-Based (control),1209,3,rule,10,24,0.000,0.000,8,No
Rule-Based vs Rule-Based (control),1210,,,0,800,0.003,0.100,7,Yes
Rule-Based vs Rule-Based (control),1211,1,rule,10,18,0.000,0.000,7,No
Rule-Based vs Rule-Based (control),1212,,,0,800,0.000,0.000,8,Yes
Rule-Based vs Rule-Based (control),1213,1,rule,10,22,0.000,0.000,7,No
Rule-Based vs Rule-Based (control),1214,0,rule,10,37,0.000,0.000,8,No
Rule-Based vs Rule-Based (control),1215,3,rule,10,20,0.000,0.000,7,No
Rule-Based vs Rule-Based (control),1216,,,0,800,0.003,0.100,8,Yes
Rule-Based vs Rule-Based (control),1217,,,0,800,0.000,0.000,8,Yes
Rule-Based vs Rule-Based (control),1218,,,0,800,0.000,0.000,8,Yes
Rule-Based vs Rule-Based (control),1219,,,0,800,0.000,0.000,8,Yes
Rule-Based vs Rule-Based (control),1220,1,rule,10,42,0.000,0.000,9,No
Rule-Based vs Rule-Based (control),1221,,,0,800,0.002,0.100,8,Yes
Rule-Based vs Rule-Based (control),1222,,,0,800,0.000,0.000,8,Yes
Rule-Based vs Rule-Based (control),1223,1,rule,10,10,0.000,0.000,6,No
Rule-Based vs Rule-Based (control),1224,0,rule,15,25,0.000,0.000,8,No
Rule-Based vs Rule-Based (control),1225,2,rule,15,39,0.000,0.000,8,No
Rule-Based vs Rule-Based (control),1226,,,0,800,0.003,0.100,8,Yes
Rule-Based vs Rule-Based (control),1227,1,rule,15,30,0.003,0.100,9,No
Rule-Based vs Rule-Based (control),1228,,,0,800,0.000,0.000,8,Yes
Rule-Based vs Rule-Based (control),1229,0,rule,10,45,0.002,0.100,9,No
Rule-Based vs Rule-Based (control),1230,1,rule,10,34,0.006,0.100,9,No
Rule-Based vs Rule-Based (control),1231,2,rule,15,23,0.000,0.000,8,No
Rule-Based vs Rule-Based (control),1232,,,0,800,0.002,0.100,8,Yes
Rule-Based vs Rule-Based (control),1233,,,0,800,0.000,0.000,8,Yes
Rule-Based vs Rule-Based (control),1234,,,0,800,0.004,0.100,7,Yes
Rule-Based vs Rule-Based (control),1235,2,rule,10,39,0.002,0.100,8,No
Rule-Based vs Rule-Based (control),1236,0,rule,10,29,0.000,0.000,9,No
Rule-Based vs Rule-Based (control),1237,,,0,800,0.003,0.100,8,Yes
Rule-Based vs Rule-Based (control),1238,1,rule,15,42,0.000,0.000,8,No
Rule-Based vs Rule-Based (control),1239,,,0,800,0.001,0.100,8,Yes
Rule-Based vs Rule-Based (control),1240,2,rule,15,15,0.000,0.000,5,No
Rule-Based vs Rule-Based (control),1241,3,rule,10,40,0.002,0.100,8,No
Rule-Based vs Rule-Based (control),1242,,,0,800,0.000,0.000,8,Yes
Rule-Based vs Rule-Based (control),1243,0,rule,15,33,0.000,0.000,8,No
Rule-Based vs Rule-Based (control),1244,0,rule,15,29,0.000,0.000,6,No
Rule-Based vs Rule-Based (control),1245,,,0,800,0.002,0.100,8,Yes
Rule-Based vs Rule-Based (control),1246,,,0,800,0.000,0.000,7,Yes
Rule-Based vs Rule-Based (control),1247,,,0,800,0.001,0.100,8,Yes
Rule-Based vs Rule-Based (control),1248,2,rule,10,31,0.006,0.100,7,No
Rule-Based vs Rule-Based (control),1249,,,0,800,0.002,0.100,8,Yes
Rule-Based vs Rule-Based (control),1250,2,rule,10,27,0.003,0.100,9,No
Rule-Based vs Rule-Based (control),1251,0,rule,10,41,0.000,0.000,8,No
Rule-Based vs Rule-Based (control),1252,,,0,800,0.001,0.100,6,Yes
Rule-Based vs Rule-Based (control),1253,0,rule,10,45,0.000,0.000,8,No
Rule-Based vs Rule-Based (control),1254,3,rule,10,28,0.003,0.100,7,No
Rule-Based vs Rule-Based (control),1255,0,rule,10,45,0.000,0.000,7,No
Rule-Based vs Rule-Based (control),1256,,,0,800,0.002,0.100,8,Yes
Rule-Based vs Rule-Based (control),1257,3,rule,10,40,0.002,0.100,8,No
Rule-Based vs Rule-Based (control),1258,1,rule,10,30,0.000,0.000,9,No
Rule-Based vs Rule-Based (control),1259,2,rule,10,27,0.000,0.000,9,No
Rule-Based vs Rule-Based (control),1260,0,rule,15,21,0.000,0.000,7,No
Rule-Based vs Rule-Based (control),1261,,,0,800,0.002,0.100,8,Yes
Rule-Based vs Rule-Based (control),1262,,,0,800,0.002,0.100,7,Yes
Rule-Based vs Rule-Based (control),1263,2,rule,10,27,0.000,0.000,7,No
Rule-Based vs Rule-Based (control),1264,2,rule,10,47,0.002,0.100,8,No
Rule-Based vs Rule-Based (control),1265,2,rule,10,47,0.000,0.000,8,No
Rule-Based vs Rule-Based (control),1266,1,rule,10,22,0.004,0.100,8,No
Rule-Based vs Rule-Based (control),1267,2,rule,15,39,0.005,0.100,7,No
Rule-Based vs Rule-Based (control),1268,0,rule,10,37,0.000,0.000,8,No
Rule-Based vs Rule-Based (control),1269,1,rule,10,10,0.000,0.000,5,No
Rule-Based vs Rule-Based (control),1270,,,0,800,0.001,0.100,8,Yes
Rule-Based vs Rule-Based (control),1271,,,0,800,0.003,0.100,8,Yes
Rule-Based vs Rule-Based (control),1272,0,rule,15,9,0.000,0.000,6,No
Rule-Based vs Rule-Based (control),1273,3,rule,15,16,0.000,0.000,4,No
Rule-Based vs Rule-Based (control),1274,,,0,800,0.001,0.100,5,Yes
Rule-Based vs Rule-Based (control),1275,3,rule,10,36,0.003,0.100,7,No
Rule-Based vs Rule-Based (control),1276,3,rule,10,12,0.000,0.000,5,No
Rule-Based vs Rule-Based (control),1277,3,rule,10,48,0.004,0.100,9,No
Rule-Based vs Rule-Based (control),1278,1,rule,10,10,0.000,0.000,7,No
Rule-Based vs Rule-Based (control),1279,3,rule,10,16,0.000,0.000,6,No
Rule-Based vs Rule-Based (control),1280,,,0,800,0.000,0.000,7,Yes
Rule-Based vs Rule-Based (control),1281,2,rule,10,31,0.000,0.000,7,No
Rule-Based vs Rule-Based (control),1282,1,rule,10,34,0.002,0.100,9,No
Rule-Based vs Rule-Based (control),1283,0,rule,15,33,0.000,0.000,8,No
Rule-Based vs Rule-Based (control),1284,,,0,800,0.001,0.100,8,Yes
Rule-Based vs Rule-Based (control),1285,1,rule,10,30,0.003,0.100,7,No
Rule-Based vs Rule-Based (control),1286,2,rule,10,39,0.005,0.100,8,No
Rule-Based vs Rule-Based (control),1287,,,0,800,0.000,0.000,7,Yes
Rule-Based vs Rule-Based (control),1288,,,0,800,0.001,0.100,7,Yes
Rule-Based vs Rule-Based (control),1289,1,rule,10,14,0.000,0.000,7,No
Rule-Based vs Rule-Based (control),1290,2,rule,10,31,0.003,0.100,8,No
Rule-Based vs Rule-Based (control),1291,3,rule,10,28,0.003,0.100,9,No
Rule-Based vs Rule-Based (control),1292,1,rule,10,22,0.004,0.100,7,No
Rule-Based vs Rule-Based (control),1293,2,rule,15,43,0.000,0.000,9,No
Rule-Based vs Rule-Based (control),1294,0,rule,10,45,0.002,0.100,9,No
Rule-Based vs Rule-Based (control),1295,,,0,800,0.000,0.000,8,Yes
Rule-Based vs Rule-Based (control),1296,3,rule,10,32,0.008,0.100,9,No
Rule-Based vs Rule-Based (control),1297,1,rule,10,42,0.000,0.000,8,No
Rule-Based vs Rule-Based (control),1298,0,rule,10,25,0.000,0.000,8,No
Rule-Based vs Rule-Based (control),1299,,,0,800,0.000,0.000,8,Yes
Rule-Based vs Rule-Based (control),1300,3,rule,10,20,0.004,0.100,7,No
Rule-Based vs Rule-Based (control),1301,,,0,800,0.002,0.100,8,Yes
Rule-Based vs Rule-Based (control),1302,2,rule,10,7,0.000,0.000,4,No
Rule-Based vs Rule-Based (control),1303,2,rule,15,39,0.002,0.100,8,No
Rule-Based vs Rule-Based (control),1304,,,0,800,0.003,0.200,8,Yes
Rule-Based vs Rule-Based (control),1305,,,0,800,0.001,0.100,7,Yes
Rule-Based vs Rule-Based (control),1306,0,rule,10,21,0.004,0.100,5,No
Rule-Based vs Rule-Based (control),1307,,,0,800,0.002,0.100,8,Yes
Rule-Based vs Rule-Based (control),1308,,,0,800,0.003,0.100,7,Yes
Rule-Based vs Rule-Based (control),1309,1,rule,10,34,0.003,0.100,8,No
Rule-Based vs Rule-Based (control),1310,0,rule,10,13,0.000,0.000,4,No
Rule-Based vs Rule-Based (control),1311,,,0,800,0.000,0.000,7,Yes
Rule-Based vs Rule-Based (control),1312,3,rule,10,24,0.004,0.100,5,No
Rule-Based vs Rule-Based (control),1313,,,0,800,0.003,0.100,8,Yes
Rule-Based vs Rule-Based (control),1314,,,0,800,0.001,0.100,8,Yes
Rule-Based vs Rule-Based (control),1315,1,rule,10,46,0.002,0.100,9,No
Rule-Based vs Rule-Based (control),1316,,,0,800,0.001,0.100,7,Yes
Rule-Based vs Rule-Based (control),1317,2,rule,15,47,0.002,0.100,9,No
Rule-Based vs Rule-Based (control),1318,1,rule,10,10,0.008,0.100,4,No
Rule-Based vs Rule-Based (control),1319,,,0,800,0.002,0.100,8,Yes
Rule-Based vs Rule-Based (control),1320,,,0,800,0.002,0.100,8,Yes
Rule-Based vs Rule-Based (control),1321,,,0,800,0.000,0.000,8,Yes
Rule-Based vs Rule-Based (control),1322,,,0,800,0.001,0.100,8,Yes
Rule-Based vs Rule-Based (control),1323,3,rule,10,48,0.000,0.000,9,No
Rule-Based vs Rule-Based (control),1324,,,0,800,0.000,0.000,8,Yes
Rule-Based vs Rule-Based (control),1325,2,rule,10,11,0.000,0.000,5,No
Rule-Based vs Rule-Based (control),1326,2,rule,10,47,0.000,0.000,9,No
Rule-Based vs Rule-Based (control),1327,,,0,800,0.000,0.000,8,Yes
Rule-Based vs Rule-Based (control),1328,,,0,800,0.003,0.100,7,Yes
Rule-Based vs Rule-Based (control),1329,,,0,800,0.000,0.000,7,Yes
Rule-Based vs Rule-Based (control),1330,1,rule,15,18,0.000,0.000,7,No
Rule-Based vs Rule-Based (control),1331,2,rule,15,35,0.003,0.100,9,No
Rule-Based vs Rule-Based (control),1332,1,rule,15,34,0.003,0.100,8,No
Rule-Based vs Rule-Based (control),1333,,,0,800,0.003,0.100,8,Yes
Rule-Based vs Rule-Based (control),1334,1,rule,10,30,0.000,0.000,8,No
Rule-Based vs Rule-Based (control),1335,2,rule,10,7,0.000,0.000,4,No
Rule-Based vs Rule-Based (control),1336,,,0,800,0.003,0.100,8,Yes
Rule-Based vs Rule-Based (control),1337,,,0,800,0.003,0.100,8,Yes
Rule-Based vs Rule-Based (control),1338,,,0,800,0.000,0.000,8,Yes
Rule-Based vs Rule-Based (control),1339,1,rule,10,42,0.002,0.100,9,No
Rule-Based vs Rule-Based (control),1340,,,0,800,0.002,0.100,8,Yes
Rule-Based vs Rule-Based (control),1341,1,rule,10,22,0.004,0.100,6,No
Rule-Based vs Rule-Based (control),1342,1,rule,10,18,0.005,0.100,7,No
Rule-Based vs Rule-Based (control),1343,,,0,800,0.000,0.000,7,Yes
Rule-Based vs Rule-Based (control),1344,1,rule,10,34,0.000,0.000,8,No
Rule-Based vs Rule-Based (control),1345,2,rule,10,35,0.002,0.100,9,No
Rule-Based vs Rule-Based (control),1346,0,rule,10,21,0.000,0.000,8,No
Rule-Based vs Rule-Based (control),1347,1,rule,15,42,0.000,0.000,9,No
Rule-Based vs Rule-Based (control),1348,,,0,800,0.003,0.100,8,Yes
Rule-Based vs Rule-Based (control),1349,2,rule,15,27,0.000,0.000,9,No
Rule-Based vs Rule-Based (control),1350,1,rule,10,42,0.000,0.000,7,No
Rule-Based vs Rule-Based (control),1351,3,rule,15,40,0.002,0.100,7,No
Rule-Based vs Rule-Based (control),1352,,,0,800,0.000,0.000,5,Yes
Rule-Based vs Rule-Based (control),1353,0,rule,10,25,0.000,0.000,8,No
Rule-Based vs Rule-Based (control),1354,1,rule,10,22,0.004,0.100,6,No
Rule-Based vs Rule-Based (control),1355,,,0,800,0.000,0.000,6,Yes
Rule-Based vs Rule-Based (control),1356,,,0,800,0.003,0.100,6,Yes
Rule-Based vs Rule-Based (control),1357,,,0,800,0.002,0.100,8,Yes
Rule-Based vs Rule-Based (control),1358,0,rule,10,13,0.000,0.000,7,No
Rule-Based vs Rule-Based (control),1359,,,0,800,0.001,0.100,7,Yes
Rule-Based vs Rule-Based (control),1360,,,0,800,0.002,0.100,8,Yes
Rule-Based vs Rule-Based (control),1361,,,0,800,0.005,0.100,8,Yes
Rule-Based vs Rule-Based (control),1362,,,0,800,0.003,0.100,8,Yes
Rule-Based vs Rule-Based (control),1363,2,rule,15,7,0.014,0.100,4,No
Rule-Based vs Rule-Based (control),1364,,,0,800,0.001,0.100,8,Yes
Rule-Based vs Rule-Based (control),1365,,,0,800,0.003,0.100,8,Yes
Rule-Based vs Rule-Based (control),1366,1,rule,10,30,0.006,0.100,9,No
Rule-Based vs Rule-Based (control),1367,1,rule,10,42,0.002,0.100,9,No
Rule-Based vs Rule-Based (control),1368,1,rule,15,38,0.000,0.000,9,No
Rule-Based vs Rule-Based (control),1369,1,rule,15,38,0.002,0.100,6,No
Rule-Based vs Rule-Based (control),1370,,,0,800,0.006,0.100,8,Yes
Rule-Based vs Rule-Based (control),1371,,,0,800,0.001,0.100,8,Yes
Rule-Based vs Rule-Based (control),1372,2,rule,10,35,0.003,0.100,8,No
Rule-Based vs Rule-Based (control),1373,,,0,800,0.000,0.000,7,Yes
Rule-Based vs Rule-Based (control),1374,,,0,800,0.003,0.100,8,Yes
Rule-Based vs Rule-Based (control),1375,2,rule,10,47,0.000,0.000,9,No
Rule-Based vs Rule-Based (control),1376,,,0,800,0.003,0.100,7,Yes
Rule-Based vs Rule-Based (control),1377,3,rule,15,20,0.000,0.000,8,No
Rule-Based vs Rule-Based (control),1378,,,0,800,0.003,0.100,7,Yes
Rule-Based vs Rule-Based (control),1379,3,rule,10,24,0.000,0.000,8,No
Rule-Based vs Rule-Based (control),1380,,,0,800,0.004,0.100,8,Yes
Rule-Based vs Rule-Based (control),1381,1,rule,10,46,0.004,0.100,9,No
Rule-Based vs Rule-Based (control),1382,2,rule,10,27,0.007,0.100,6,No
Rule-Based vs Rule-Based (control),1383,2,rule,15,43,0.006,0.100,9,No
Rule-Based vs Rule-Based (control),1384,,,0,800,0.006,0.100,8,Yes
Rule-Based vs Rule-Based (control),1385,0,rule,10,37,0.002,0.100,7,No
Rule-Based vs Rule-Based (control),1386,,,0,800,0.002,0.100,8,Yes
Rule-Based vs Rule-Based (control),1387,0,rule,10,17,0.000,0.000,4,No
Rule-Based vs Rule-Based (control),1388,0,rule,10,25,0.007,0.100,9,No
Rule-Based vs Rule-Based (control),1389,,,0,800,0.000,0.000,7,Yes
Rule-Based vs Rule-Based (control),1390,,,0,800,0.002,0.100,8,Yes
Rule-Based vs Rule-Based (control),1391,,,0,800,0.001,0.100,8,Yes
Rule-Based vs Rule-Based (control),1392,3,rule,10,36,0.005,0.100,9,No
Rule-Based vs Rule-Based (control),1393,3,rule,10,40,0.000,0.000,9,No
Rule-Based vs Rule-Based (control),1394,1,rule,15,22,0.000,0.000,4,No
Rule-Based vs Rule-Based (control),1395,,,0,800,0.002,0.100,8,Yes
Rule-Based vs Rule-Based (control),1396,,,0,800,0.002,0.100,8,Yes
Rule-Based vs Rule-Based (control),1397,3,rule,10,28,0.000,0.000,9,No
Rule-Based vs Rule-Based (control),1398,3,rule,15,20,0.000,0.000,6,No
Rule-Based vs Rule-Based (control),1399,,,0,800,0.002,0.100,8,Yes
Rule-Based vs Rule-Based (control),1400,,,0,800,0.000,0.000,8,Yes
Rule-Based vs Rule-Based (control),1401,1,rule,10,38,0.000,0.000,8,No
Rule-Based vs Rule-Based (control),1402,2,rule,15,11,0.000,0.000,5,No
Rule-Based vs Rule-Based (control),1403,,,0,800,0.000,0.000,8,Yes
Rule-Based vs Rule-Based (control),1404,,,0,800,0.002,0.100,8,Yes
Rule-Based vs Rule-Based (control),1405,,,0,800,0.002,0.100,8,Yes
Rule-Based vs Rule-Based (control),1406,,,0,800,0.002,0.100,8,Yes
Rule-Based vs Rule-Based (control),1407,0,rule,10,25,0.000,0.000,8,No
Rule-Based vs Rule-Based (control),1408,1,rule,10,38,0.002,0.100,7,No
Rule-Based vs Rule-Based (control),1409,,,0,800,0.000,0.000,8,Yes
Rule-Based vs Rule-Based (control),1410,1,rule,10,46,0.004,0.100,9,No
Rule-Based vs Rule-Based (control),1411,2,rule,15,39,0.000,0.000,9,No
Rule-Based vs Rule-Based (control),1412,0,rule,15,21,0.000,0.000,7,No
Rule-Based vs Rule-Based (control),1413,2,rule,15,35,0.000,0.000,8,No
Rule-Based vs Rule-Based (control),1414,1,rule,10,34,0.000,0.000,8,No
Rule-Based vs Rule-Based (control),1415,0,rule,10,41,0.000,0.000,7,No
Rule-Based vs Rule-Based (control),1416,,,0,800,0.007,0.100,8,Yes
Rule-Based vs Rule-Based (control),1417,3,rule,15,28,0.007,0.100,8,No
Rule-Based vs Rule-Based (control),1418,,,0,800,0.001,0.100,7,Yes
Rule-Based vs Rule-Based (control),1419,,,0,800,0.002,0.100,8,Yes
Rule-Based vs Rule-Based (control),1420,,,0,800,0.001,0.100,8,Yes
Rule-Based vs Rule-Based (control),1421,,,0,800,0.000,0.000,8,Yes
Rule-Based vs Rule-Based (control),1422,2,rule,15,27,0.004,0.100,8,No
Rule-Based vs Rule-Based (control),1423,1,rule,15,46,0.000,0.000,7,No
Rule-Based vs Rule-Based (control),1424,1,rule,10,42,0.002,0.100,9,No
Rule-Based vs Rule-Based (control),1425,,,0,800,0.003,0.100,8,Yes
Rule-Based vs Rule-Based (control),1426,0,rule,10,13,0.000,0.000,7,No
Rule-Based vs Rule-Based (control),1427,0,rule,10,33,0.000,0.000,7,No
Rule-Based vs Rule-Based (control),1428,,,0,800,0.002,0.100,8,Yes
Rule-Based vs Rule-Based (control),1429,,,0,800,0.000,0.000,7,Yes
Rule-Based vs Rule-Based (control),1430,3,rule,10,20,0.000,0.000,6,No
Rule-Based vs Rule-Based (control),1431,3,rule,10,8,0.000,0.000,4,No
Rule-Based vs Rule-Based (control),1432,2,rule,15,35,0.000,0.000,7,No
Rule-Based vs Rule-Based (control),1433,2,rule,15,47,0.002,0.100,9,No
Rule-Based vs Rule-Based (control),1434,,,0,800,0.005,0.100,8,Yes
Rule-Based vs Rule-Based (control),1435,,,0,800,0.001,0.100,7,Yes
Rule-Based vs Rule-Based (control),1436,,,0,800,0.000,0.000,8,Yes
Rule-Based vs Rule-Based (control),1437,2,rule,10,47,0.000,0.000,8,No
Rule-Based vs Rule-Based (control),1438,0,rule,10,5,0.000,0.000,4,No
Rule-Based vs Rule-Based (control),1439,,,0,800,0.002,0.100,8,Yes
Rule-Based vs Rule-Based (control),1440,2,rule,10,31,0.000,0.000,9,No
Rule-Based vs Rule-Based (control),1441,1,rule,10,14,0.006,0.100,6,No
Rule-Based vs Rule-Based (control),1442,0,rule,15,25,0.000,0.000,9,No
Rule-Based vs Rule-Based (control),1443,1,rule,15,46,0.000,0.000,7,No
Rule-Based vs Rule-Based (control),1444,1,rule,10,34,0.000,0.000,9,No
Rule-Based vs Rule-Based (control),1445,2,rule,10,39,0.000,0.000,9,No
Rule-Based vs Rule-Based (control),1446,,,0,800,0.000,0.000,7,Yes
Rule-Based vs Rule-Based (control),1447,,,0,800,0.000,0.000,8,Yes
Rule-Based vs Rule-Based (control),1448,,,0,800,0.000,0.000,8,Yes
Rule-Based vs Rule-Based (control),1449,2,rule,10,15,0.006,0.100,6,No
Rule-Based vs Rule-Based (control),1450,3,rule,10,28,0.000,0.000,8,No
Rule-Based vs Rule-Based (control),1451,1,rule,15,46,0.004,0.100,9,No
Rule-Based vs Rule-Based (control),1452,3,rule,10,40,0.000,0.000,9,No
Rule-Based vs Rule-Based (control),1453,1,rule,10,34,0.002,0.100,8,No
Rule-Based vs Rule-Based (control),1454,,,0,800,0.003,0.100,7,Yes
Rule-Based vs Rule-Based (control),1455,3,rule,10,48,0.000,0.000,9,No
Rule-Based vs Rule-Based (control),1456,,,0,800,0.003,0.100,8,Yes
Rule-Based vs Rule-Based (control),1457,3,rule,10,12,0.000,0.000,8,No
Rule-Based vs Rule-Based (control),1458,1,rule,15,26,0.004,0.100,7,No
Rule-Based vs Rule-Based (control),1459,2,rule,10,35,0.003,0.100,9,No
Rule-Based vs Rule-Based (control),1460,3,rule,10,24,0.004,0.100,8,No
Rule-Based vs Rule-Based (control),1461,1,rule,15,34,0.006,0.100,6,No
Rule-Based vs Rule-Based (control),1462,,,0,800,0.008,0.100,6,Yes
Rule-Based vs Rule-Based (control),1463,,,0,800,0.006,0.100,8,Yes
Rule-Based vs Rule-Based (control),1464,,,0,800,0.004,0.100,8,Yes
Rule-Based vs Rule-Based (control),1465,3,rule,10,24,0.003,0.100,9,No
Rule-Based vs Rule-Based (control),1466,,,0,800,0.009,0.100,6,Yes
Rule-Based vs Rule-Based (control),1467,,,0,800,0.000,0.000,8,Yes
Rule-Based vs Rule-Based (control),1468,,,0,800,0.004,0.100,7,Yes
Rule-Based vs Rule-Based (control),1469,,,0,800,0.003,0.100,8,Yes
Rule-Based vs Rule-Based (control),1470,,,0,800,0.005,0.100,8,Yes
Rule-Based vs Rule-Based (control),1471,3,rule,10,44,0.002,0.100,9,No
Rule-Based vs Rule-Based (control),1472,0,rule,15,33,0.003,0.100,9,No
Rule-Based vs Rule-Based (control),1473,1,rule,15,18,0.000,0.000,5,No
Rule-Based vs Rule-Based (control),1474,2,rule,10,23,0.000,0.000,8,No
Rule-Based vs Rule-Based (control),1475,,,0,800,0.002,0.100,8,Yes
Rule-Based vs Rule-Based (control),1476,0,rule,10,17,0.000,0.000,6,No
Rule-Based vs Rule-Based (control),1477,3,rule,15,36,0.000,0.000,8,No
Rule-Based vs Rule-Based (control),1478,3,rule,10,36,0.003,0.100,7,No
Rule-Based vs Rule-Based (control),1479,1,rule,15,14,0.000,0.000,5,No
Rule-Based vs Rule-Based (control),1480,,,0,800,0.002,0.100,8,Yes
Rule-Based vs Rule-Based (control),1481,,,0,800,0.000,0.000,7,Yes
Rule-Based vs Rule-Based (control),1482,0,rule,10,37,0.000,0.000,9,No
Rule-Based vs Rule-Based (control),1483,1,rule,15,38,0.002,0.100,9,No
Rule-Based vs Rule-Based (control),1484,2,rule,10,39,0.002,0.100,9,No
Rule-Based vs Rule-Based (control),1485,0,rule,10,25,0.000,0.000,8,No
Rule-Based vs Rule-Based (control),1486,0,rule,10,41,0.006,0.100,9,No
Rule-Based vs Rule-Based (control),1487,3,rule,10,20,0.008,0.100,8,No
Rule-Based vs Rule-Based (control),1488,,,0,800,0.003,0.100,7,Yes
Rule-Based vs Rule-Based (control),1489,1,rule,10,26,0.000,0.000,8,No
Rule-Based vs Rule-Based (control),1490,,,0,800,0.006,0.100,7,Yes
Rule-Based vs Rule-Based (control),1491,3,rule,10,32,0.021,0.300,8,No
Rule-Based vs Rule-Based (control),1492,,,0,800,0.002,0.100,8,Yes
Rule-Based vs Rule-Based (control),1493,,,0,800,0.006,0.100,7,Yes
Rule-Based vs Rule-Based (control),1494,2,rule,10,39,0.002,0.100,6,No
Rule-Based vs Rule-Based (control),1495,,,0,800,0.002,0.100,8,Yes
Rule-Based vs Rule-Based (control),1496,,,0,800,0.004,0.100,7,Yes
Rule-Based vs Rule-Based (control),1497,3,rule,10,12,0.006,0.100,6,No
Rule-Based vs Rule-Based (control),1498,0,rule,10,29,0.003,0.100,6,No
Rule-Based vs Rule-Based (control),1499,0,rule,10,25,0.007,0.100,9,No
Rule-Based vs Rule-Based (control),1500,,,0,800,0.002,0.100,8,Yes
Rule-Based vs Rule-Based (control),1501,,,0,800,0.003,0.100,7,Yes
Rule-Based vs Rule-Based (control),1502,,,0,800,0.000,0.000,7,Yes
Rule-Based vs Rule-Based (control),1503,3,rule,10,44,0.000,0.000,8,No
Rule-Based vs Rule-Based (control),1504,,,0,800,0.002,0.100,8,Yes
Rule-Based vs Rule-Based (control),1505,,,0,800,0.003,0.100,7,Yes
Rule-Based vs Rule-Based (control),1506,,,0,800,0.000,0.000,7,Yes
Rule-Based vs Rule-Based (control),1507,1,rule,10,38,0.000,0.000,9,No
Rule-Based vs Rule-Based (control),1508,1,rule,10,14,0.007,0.100,5,No
Rule-Based vs Rule-Based (control),1509,,,0,800,0.000,0.000,7,Yes
Rule-Based vs Rule-Based (control),1510,3,rule,10,24,0.000,0.000,7,No
Rule-Based vs Rule-Based (control),1511,0,rule,10,25,0.004,0.100,9,No
Rule-Based vs Rule-Based (control),1512,2,rule,10,43,0.004,0.100,9,No
Rule-Based vs Rule-Based (control),1513,2,rule,10,27,0.006,0.100,8,No
Rule-Based vs Rule-Based (control),1514,3,rule,15,32,0.000,0.000,8,No
Rule-Based vs Rule-Based (control),1515,,,0,800,0.001,0.100,8,Yes
Rule-Based vs Rule-Based (control),1516,0,rule,10,33,0.003,0.100,9,No
Rule-Based vs Rule-Based (control),1517,1,rule,10,34,0.003,0.100,8,No
Rule-Based vs Rule-Based (control),1518,,,0,800,0.001,0.100,6,Yes
Rule-Based vs Rule-Based (control),1519,3,rule,10,24,0.004,0.100,6,No
Rule-Based vs Rule-Based (control),1520,1,rule,10,26,0.000,0.000,8,No
Rule-Based vs Rule-Based (control),1521,,,0,800,0.002,0.100,8,Yes
Rule-Based vs Rule-Based (control),1522,2,rule,10,19,0.008,0.100,8,No
Rule-Based vs Rule-Based (control),1523,2,rule,10,39,0.007,0.100,9,No
Rule-Based vs Rule-Based (control),1524,3,rule,10,48,0.002,0.100,9,No
Rule-Based vs Rule-Based (control),1525,0,rule,10,37,0.007,0.100,9,No
Rule-Based vs Rule-Based (control),1526,,,0,800,0.008,0.200,8,Yes
Rule-Based vs Rule-Based (control),1527,2,rule,10,35,0.008,0.100,6,No
Rule-Based vs Rule-Based (control),1528,,,0,800,0.004,0.100,8,Yes
Rule-Based vs Rule-Based (control),1529,,,0,800,0.002,0.100,8,Yes
Rule-Based vs Rule-Based (control),1530,,,0,800,0.009,0.300,8,Yes
Rule-Based vs Rule-Based (control),1531,3,rule,10,32,0.000,0.000,9,No
Rule-Based vs Rule-Based (control),1532,,,0,800,0.005,0.100,8,Yes
Rule-Based vs Rule-Based (control),1533,2,rule,10,27,0.003,0.100,9,No
Rule-Based vs Rule-Based (control),1534,3,rule,10,36,0.002,0.100,8,No
Rule-Based vs Rule-Based (control),1535,,,0,800,0.001,0.100,8,Yes
Rule-Based vs Rule-Based (control),1536,3,rule,10,28,0.000,0.000,7,No
Rule-Based vs Rule-Based (control),1537,3,rule,10,36,0.005,0.100,9,No
Rule-Based vs Rule-Based (control),1538,,,0,800,0.003,0.100,8,Yes
Rule-Based vs Rule-Based (control),1539,,,0,800,0.003,0.100,7,Yes
Rule-Based vs Rule-Based (control),1540,,,0,800,0.004,0.100,7,Yes
Rule-Based vs Rule-Based (control),1541,,,0,800,0.003,0.100,8,Yes
Rule-Based vs Rule-Based (control),1542,,,0,800,0.002,0.100,8,Yes
Rule-Based vs Rule-Based (control),1543,2,rule,10,43,0.002,0.100,9,No
Rule-Based vs Rule-Based (control),1544,1,rule,10,18,0.000,0.000,8,No
Rule-Based vs Rule-Based (control),1545,,,0,800,0.005,0.100,7,Yes
Rule-Based vs Rule-Based (control),1546,,,0,800,0.004,0.100,7,Yes
Rule-Based vs Rule-Based (control),1547,,,0,800,0.001,0.100,8,Yes
Rule-Based vs Rule-Based (control),1548,,,0,800,0.000,0.000,8,Yes
Rule-Based vs Rule-Based (control),1549,2,rule,10,15,0.005,0.100,6,No
Rule-Based vs Rule-Based (control),1550,,,0,800,0.001,0.100,8,Yes
Rule-Based vs Rule-Based (control),1551,2,rule,10,7,0.012,0.100,5,No
Rule-Based vs Rule-Based (control),1552,2,rule,15,31,0.000,0.000,7,No
Rule-Based vs Rule-Based (control),1553,2,rule,10,27,0.006,0.100,6,No
Rule-Based vs Rule-Based (control),1554,,,0,800,0.002,0.100,8,Yes
Rule-Based vs Rule-Based (control),1555,,,0,800,0.000,0.000,8,Yes
Rule-Based vs Rule-Based (control),1556,,,0,800,0.003,0.100,8,Yes
Rule-Based vs Rule-Based (control),1557,1,rule,10,34,0.005,0.100,7,No
Rule-Based vs Rule-Based (control),1558,,,0,800,0.002,0.100,8,Yes
Rule-Based vs Rule-Based (control),1559,,,0,800,0.003,0.100,8,Yes
Rule-Based vs Rule-Based (control),1560,3,rule,10,12,0.007,0.100,8,No
Rule-Based vs Rule-Based (control),1561,,,0,800,0.000,0.000,7,Yes
Rule-Based vs Rule-Based (control),1562,0,rule,15,21,0.004,0.100,6,No
Rule-Based vs Rule-Based (control),1563,1,rule,10,26,0.000,0.000,8,No
Rule-Based vs Rule-Based (control),1564,2,rule,10,23,0.000,0.000,9,No
Rule-Based vs Rule-Based (control),1565,3,rule,10,16,0.000,0.000,8,No
Rule-Based vs Rule-Based (control),1566,,,0,800,0.000,0.000,8,Yes
Rule-Based vs Rule-Based (control),1567,3,rule,10,20,0.000,0.000,8,No
Rule-Based vs Rule-Based (control),1568,0,rule,10,25,0.000,0.000,6,No
Rule-Based vs Rule-Based (control),1569,,,0,800,0.002,0.100,8,Yes
Rule-Based vs Rule-Based (control),1570,,,0,800,0.000,0.000,8,Yes
Rule-Based vs Rule-Based (control),1571,,,0,800,0.008,0.100,8,Yes
Rule-Based vs Rule-Based (control),1572,1,rule,10,34,0.011,0.100,9,No
Rule-Based vs Rule-Based (control),1573,1,rule,15,18,0.005,0.100,9,No
Rule-Based vs Rule-Based (control),1574,1,rule,10,34,0.010,0.100,9,No
Rule-Based vs Rule-Based (control),1575,,,0,800,0.002,0.100,8,Yes
Rule-Based vs Rule-Based (control),1576,2,rule,10,47,0.006,0.100,9,No
Rule-Based vs Rule-Based (control),1577,,,0,800,0.006,0.100,8,Yes
Rule-Based vs Rule-Based (control),1578,1,rule,10,46,0.000,0.000,9,No
Rule-Based vs Rule-Based (control),1579,1,rule,15,6,0.000,0.000,6,No
Rule-Based vs Rule-Based (control),1580,,,0,800,0.003,0.100,7,Yes
Rule-Based vs Rule-Based (control),1581,,,0,800,0.004,0.100,8,Yes
Rule-Based vs Rule-Based (control),1582,1,rule,15,34,0.005,0.100,7,No
Rule-Based vs Rule-Based (control),1583,1,rule,10,42,0.000,0.000,9,No
Rule-Based vs Rule-Based (control),1584,,,0,800,0.005,0.100,8,Yes
Rule-Based vs Rule-Based (control),1585,,,0,800,0.006,0.100,7,Yes
Rule-Based vs Rule-Based (control),1586,1,rule,10,18,0.000,0.000,6,No
Rule-Based vs Rule-Based (control),1587,1,rule,10,22,0.000,0.000,6,No
Rule-Based vs Rule-Based (control),1588,0,rule,10,45,0.000,0.000,9,No
Rule-Based vs Rule-Based (control),1589,,,0,800,0.003,0.100,7,Yes
Rule-Based vs Rule-Based (control),1590,0,rule,10,17,0.000,0.000,7,No
Rule-Based vs Rule-Based (control),1591,2,rule,15,23,0.004,0.100,8,No
Rule-Based vs Rule-Based (control),1592,0,rule,15,21,0.000,0.000,8,No
Rule-Based vs Rule-Based (control),1593,1,rule,10,42,0.000,0.000,7,No
Rule-Based vs Rule-Based (control),1594,,,0,800,0.003,0.100,8,Yes
Rule-Based vs Rule-Based (control),1595,2,rule,10,43,0.000,0.000,9,No
Rule-Based vs Rule-Based (control),1596,1,rule,15,30,0.003,0.100,7,No
Rule-Based vs Rule-Based (control),1597,1,rule,10,26,0.000,0.000,6,No
Rule-Based vs Rule-Based (control),1598,0,rule,10,33,0.003,0.100,7,No
Rule-Based vs Rule-Based (control),1599,,,0,800,0.000,0.000,8,Yes
Rule-Based vs Rule-Based (control),1600,1,rule,15,30,0.000,0.000,8,No
Rule-Based vs Rule-Based (control),1601,,,0,800,0.000,0.000,8,Yes
Rule-Based vs Rule-Based (control),1602,3,rule,10,40,0.000,0.000,8,No
Rule-Based vs Rule-Based (control),1603,,,0,800,0.002,0.100,8,Yes
Rule-Based vs Rule-Based (control),1604,,,0,800,0.002,0.100,8,Yes
Rule-Based vs Rule-Based (control),1605,1,rule,10,42,0.000,0.000,9,No
Rule-Based vs Rule-Based (control),1606,3,rule,10,28,0.003,0.100,6,No
Rule-Based vs Rule-Based (control),1607,1,rule,10,26,0.000,0.000,8,No
Rule-Based vs Rule-Based (control),1608,2,rule,10,47,0.000,0.000,9,No
Rule-Based vs Rule-Based (control),1609,3,rule,10,24,0.000,0.000,8,No
Rule-Based vs Rule-Based (control),1610,3,rule,10,40,0.000,0.000,8,No
Rule-Based vs Rule-Based (control),1611,1,rule,10,26,0.000,0.000,6,No
Rule-Based vs Rule-Based (control),1612,,,0,800,0.002,0.100,8,Yes
Rule-Based vs Rule-Based (control),1613,1,rule,15,26,0.000,0.000,7,No
Rule-Based vs Rule-Based (control),1614,,,0,800,0.000,0.000,8,Yes
Rule-Based vs Rule-Based (control),1615,1,rule,15,38,0.000,0.000,7,No
Rule-Based vs Rule-Based (control),1616,3,rule,15,32,0.000,0.000,9,No
Rule-Based vs Rule-Based (control),1617,1,rule,10,30,0.003,0.100,8,No
Rule-Based vs Rule-Based (control),1618,,,0,800,0.000,0.000,8,Yes
Rule-Based vs Rule-Based (control),1619,,,0,800,0.000,0.000,8,Yes
Rule-Based vs Rule-Based (control),1620,,,0,800,0.002,0.100,8,Yes
Rule-Based vs Rule-Based (control),1621,3,rule,15,48,0.004,0.100,9,No
Rule-Based vs Rule-Based (control),1622,2,rule,10,15,0.000,0.000,8,No
Rule-Based vs Rule-Based (control),1623,3,rule,15,24,0.004,0.100,8,No
Rule-Based vs Rule-Based (control),1624,,,0,800,0.005,0.100,8,Yes
Rule-Based vs Rule-Based (control),1625,,,0,800,0.001,0.100,8,Yes
Rule-Based vs Rule-Based (control),1626,0,rule,10,25,0.007,0.100,7,No
Rule-Based vs Rule-Based (control),1627,2,rule,10,39,0.005,0.100,8,No
Rule-Based vs Rule-Based (control),1628,,,0,800,0.003,0.100,8,Yes
Rule-Based vs Rule-Based (control),1629,2,rule,10,23,0.004,0.100,6,No
Rule-Based vs Rule-Based (control),1630,,,0,800,0.006,0.100,6,Yes
Rule-Based vs Rule-Based (control),1631,,,0,800,0.006,0.100,8,Yes
Rule-Based vs Rule-Based (control),1632,,,0,800,0.003,0.100,8,Yes
Rule-Based vs Rule-Based (control),1633,,,0,800,0.003,0.100,7,Yes
Rule-Based vs Rule-Based (control),1634,,,0,800,0.005,0.100,8,Yes
Rule-Based vs Rule-Based (control),1635,1,rule,10,34,0.006,0.100,8,No
Rule-Based vs Rule-Based (control),1636,0,rule,10,45,0.002,0.100,9,No
Rule-Based vs Rule-Based (control),1637,1,rule,10,18,0.000,0.000,7,No
Rule-Based vs Rule-Based (control),1638,2,rule,10,35,0.000,0.000,8,No
Rule-Based vs Rule-Based (control),1639,2,rule,15,19,0.005,0.100,7,No
Rule-Based vs Rule-Based (control),1640,3,rule,15,48,0.004,0.100,8,No
Rule-Based vs Rule-Based (control),1641,3,rule,10,40,0.007,0.100,6,No
Rule-Based vs Rule-Based (control),1642,3,rule,10,32,0.003,0.100,8,No
Rule-Based vs Rule-Based (control),1643,,,0,800,0.008,0.100,8,Yes
Rule-Based vs Rule-Based (control),1644,2,rule,10,47,0.000,0.000,8,No
Rule-Based vs Rule-Based (control),1645,3,rule,10,24,0.004,0.100,9,No
Rule-Based vs Rule-Based (control),1646,3,rule,10,16,0.011,0.100,8,No
Rule-Based vs Rule-Based (control),1647,,,0,800,0.002,0.100,8,Yes
Rule-Based vs Rule-Based (control),1648,,,0,800,0.003,0.100,8,Yes
Rule-Based vs Rule-Based (control),1649,,,0,800,0.006,0.100,8,Yes
Rule-Based vs Rule-Based (control),1650,3,rule,15,12,0.007,0.100,8,No
Rule-Based vs Rule-Based (control),1651,1,rule,10,30,0.003,0.100,8,No
Rule-Based vs Rule-Based (control),1652,,,0,800,0.005,0.100,8,Yes
Rule-Based vs Rule-Based (control),1653,2,rule,10,43,0.008,0.100,9,No
Rule-Based vs Rule-Based (control),1654,2,rule,10,15,0.016,0.100,8,No
Rule-Based vs Rule-Based (control),1655,2,rule,10,43,0.004,0.100,8,No
Rule-Based vs Rule-Based (control),1656,0,rule,15,21,0.000,0.000,9,No
Rule-Based vs Rule-Based (control),1657,,,0,800,0.005,0.100,8,Yes
Rule-Based vs Rule-Based (control),1658,1,rule,15,26,0.007,0.100,4,No
Rule-Based vs Rule-Based (control),1659,1,rule,10,22,0.004,0.100,7,No
Rule-Based vs Rule-Based (control),1660,,,0,800,0.004,0.100,7,Yes
Rule-Based vs Rule-Based (control),1661,,,0,800,0.000,0.000,6,Yes
Rule-Based vs Rule-Based (control),1662,3,rule,10,32,0.000,0.000,8,No
Rule-Based vs Rule-Based (control),1663,1,rule,15,38,0.002,0.100,9,No
Rule-Based vs Rule-Based (control),1664,3,rule,10,28,0.000,0.000,8,No
Rule-Based vs Rule-Based (control),1665,,,0,800,0.002,0.100,7,Yes
Rule-Based vs Rule-Based (control),1666,1,rule,10,14,0.000,0.000,9,No
Rule-Based vs Rule-Based (control),1667,2,rule,10,23,0.000,0.000,6,No
Rule-Based vs Rule-Based (control),1668,0,rule,15,25,0.004,0.100,8,No
Rule-Based vs Rule-Based (control),1669,2,rule,10,35,0.002,0.100,9,No
Rule-Based vs Rule-Based (control),1670,1,rule,10,46,0.002,0.100,8,No
Rule-Based vs Rule-Based (control),1671,3,rule,15,40,0.002,0.100,8,No
Rule-Based vs Rule-Based (control),1672,1,rule,15,34,0.003,0.100,8,No
Rule-Based vs Rule-Based (control),1673,0,rule,10,33,0.000,0.000,7,No
Rule-Based vs Rule-Based (control),1674,,,0,800,0.001,0.100,8,Yes
Rule-Based vs Rule-Based (control),1675,0,rule,10,17,0.000,0.000,7,No
Rule-Based vs Rule-Based (control),1676,1,rule,15,38,0.002,0.100,8,No
Rule-Based vs Rule-Based (control),1677,3,rule,10,28,0.000,0.000,9,No
Rule-Based vs Rule-Based (control),1678,3,rule,15,32,0.003,0.100,7,No
Rule-Based vs Rule-Based (control),1679,,,0,800,0.000,0.000,7,Yes
Rule-Based vs Rule-Based (control),1680,0,rule,15,29,0.003,0.100,7,No
Rule-Based vs Rule-Based (control),1681,,,0,800,0.003,0.100,8,Yes
Rule-Based vs Rule-Based (control),1682,,,0,800,0.000,0.000,8,Yes
Rule-Based vs Rule-Based (control),1683,2,rule,10,27,0.000,0.000,8,No
Rule-Based vs Rule-Based (control),1684,,,0,800,0.002,0.100,8,Yes
Rule-Based vs Rule-Based (control),1685,1,rule,10,34,0.003,0.100,8,No
Rule-Based vs Rule-Based (control),1686,,,0,800,0.000,0.000,8,Yes
Rule-Based vs Rule-Based (control),1687,,,0,800,0.002,0.100,7,Yes
Rule-Based vs Rule-Based (control),1688,1,rule,10,6,0.011,0.100,5,No
Rule-Based vs Rule-Based (control),1689,,,0,800,0.001,0.100,8,Yes
Rule-Based vs Rule-Based (control),1690,2,rule,10,19,0.000,0.000,8,No
Rule-Based vs Rule-Based (control),1691,3,rule,10,28,0.006,0.100,7,No
Rule-Based vs Rule-Based (control),1692,,,0,800,0.003,0.100,7,Yes
Rule-Based vs Rule-Based (control),1693,2,rule,10,19,0.000,0.000,5,No
Rule-Based vs Rule-Based (control),1694,2,rule,10,27,0.000,0.000,7,No
Rule-Based vs Rule-Based (control),1695,,,0,800,0.000,0.000,8,Yes
Rule-Based vs Rule-Based (control),1696,0,rule,10,17,0.005,0.100,7,No
Rule-Based vs Rule-Based (control),1697,2,rule,10,39,0.002,0.100,8,No
Rule-Based vs Rule-Based (control),1698,,,0,800,0.000,0.000,8,Yes
Rule-Based vs Rule-Based (control),1699,2,rule,10,23,0.004,0.100,7,No
Rule-Based vs Rule-Based (control),1700,1,rule,15,34,0.000,0.000,8,No
Rule-Based vs Rule-Based (control),1701,3,rule,15,40,0.000,0.000,9,No
Rule-Based vs Rule-Based (control),1702,3,rule,10,12,0.000,0.000,6,No
Rule-Based vs Rule-Based (control),1703,,,0,800,0.001,0.100,5,Yes
Rule-Based vs Rule-Based (control),1704,0,rule,10,41,0.002,0.100,9,No
Rule-Based vs Rule-Based (control),1705,1,rule,10,34,0.000,0.000,9,No
Rule-Based vs Rule-Based (control),1706,0,rule,10,9,0.008,0.100,7,No
Rule-Based vs Rule-Based (control),1707,,,0,800,0.000,0.000,7,Yes
Rule-Based vs Rule-Based (control),1708,,,0,800,0.003,0.100,7,Yes
Rule-Based vs Rule-Based (control),1709,1,rule,10,42,0.002,0.100,8,No
Rule-Based vs Rule-Based (control),1710,1,rule,10,26,0.000,0.000,9,No
Rule-Based vs Rule-Based (control),1711,,,0,800,0.003,0.100,8,Yes
Rule-Based vs Rule-Based (control),1712,,,0,800,0.000,0.000,7,Yes
Rule-Based vs Rule-Based (control),1713,,,0,800,0.000,0.000,6,Yes
Rule-Based vs Rule-Based (control),1714,1,rule,15,46,0.000,0.000,8,No
Rule-Based vs Rule-Based (control),1715,,,0,800,0.000,0.000,7,Yes
Rule-Based vs Rule-Based (control),1716,0,rule,10,17,0.010,0.100,7,No
Rule-Based vs Rule-Based (control),1717,2,rule,15,35,0.008,0.100,9,No
Rule-Based vs Rule-Based (control),1718,2,rule,10,27,0.003,0.100,5,No
Rule-Based vs Rule-Based (control),1719,2,rule,10,27,0.006,0.100,9,No
Rule-Based vs Rule-Based (control),1720,,,0,800,0.006,0.100,8,Yes
Rule-Based vs Rule-Based (control),1721,1,rule,15,18,0.010,0.100,7,No
Rule-Based vs Rule-Based (control),1722,,,0,800,0.008,0.300,8,Yes
Rule-Based vs Rule-Based (control),1723,1,rule,10,38,0.002,0.100,9,No
Rule-Based vs Rule-Based (control),1724,3,rule,10,8,0.010,0.100,6,No
Rule-Based vs Rule-Based (control),1725,0,rule,10,21,0.004,0.100,7,No
Rule-Based vs Rule-Based (control),1726,2,rule,10,27,0.000,0.000,7,No
Rule-Based vs Rule-Based (control),1727,3,rule,10,16,0.000,0.000,5,No
Rule-Based vs Rule-Based (control),1728,2,rule,15,43,0.004,0.100,9,No
Rule-Based vs Rule-Based (control),1729,2,rule,10,35,0.003,0.100,8,No
Rule-Based vs Rule-Based (control),1730,0,rule,10,25,0.003,0.100,9,No
Rule-Based vs Rule-Based (control),1731,2,rule,10,23,0.007,0.100,8,No
Rule-Based vs Rule-Based (control),1732,,,0,800,0.006,0.100,8,Yes
Rule-Based vs Rule-Based (control),1733,3,rule,10,40,0.000,0.000,8,No
Rule-Based vs Rule-Based (control),1734,1,rule,10,38,0.002,0.100,8,No
Rule-Based vs Rule-Based (control),1735,,,0,800,0.003,0.100,8,Yes
Rule-Based vs Rule-Based (control),1736,,,0,800,0.004,0.100,8,Yes
Rule-Based vs Rule-Based (control),1737,,,0,800,0.000,0.000,8,Yes
Rule-Based vs Rule-Based (control),1738,,,0,800,0.002,0.100,8,Yes
Rule-Based vs Rule-Based (control),1739,3,rule,10,36,0.000,0.000,9,No
Rule-Based vs Rule-Based (control),1740,2,rule,10,23,0.000,0.000,8,No
Rule-Based vs Rule-Based (control),1741,1,rule,10,10,0.000,0.000,7,No
Rule-Based vs Rule-Based (control),1742,,,0,800,0.003,0.100,8,Yes
Rule-Based vs Rule-Based (control),1743,,,0,800,0.002,0.100,8,Yes
Rule-Based vs Rule-Based (control),1744,,,0,800,0.000,0.000,8,Yes
Rule-Based vs Rule-Based (control),1745,,,0,800,0.001,0.100,7,Yes
Rule-Based vs Rule-Based (control),1746,2,rule,15,39,0.002,0.100,8,No
Rule-Based vs Rule-Based (control),1747,0,rule,15,37,0.002,0.100,9,No
Rule-Based vs Rule-Based (control),1748,,,0,800,0.000,0.000,7,Yes
Rule-Based vs Rule-Based (control),1749,,,0,800,0.000,0.000,8,Yes
Rule-Based vs Rule-Based (control),1750,2,rule,10,15,0.000,0.000,5,No
Rule-Based vs Rule-Based (control),1751,2,rule,10,31,0.000,0.000,7,No
Rule-Based vs Rule-Based (control),1752,,,0,800,0.004,0.100,7,Yes
Rule-Based vs Rule-Based (control),1753,0,rule,10,37,0.005,0.100,9,No
Rule-Based vs Rule-Based (control),1754,,,0,800,0.004,0.100,6,Yes
Rule-Based vs Rule-Based (control),1755,3,rule,10,44,0.004,0.100,9,No
Rule-Based vs Rule-Based (control),1756,3,rule,10,32,0.003,0.100,9,No
Rule-Based vs Rule-Based (control),1757,,,0,800,0.006,0.100,7,Yes
Rule-Based vs Rule-Based (control),1758,1,rule,10,26,0.003,0.100,6,No
Rule-Based vs Rule-Based (control),1759,,,0,800,0.005,0.100,8,Yes
Rule-Based vs Rule-Based (control),1760,3,rule,10,40,0.004,0.100,9,No
Rule-Based vs Rule-Based (control),1761,0,rule,10,29,0.000,0.000,8,No
Rule-Based vs Rule-Based (control),1762,0,rule,10,21,0.000,0.000,6,No
Rule-Based vs Rule-Based (control),1763,0,rule,15,41,0.005,0.100,9,No
Rule-Based vs Rule-Based (control),1764,3,rule,10,32,0.000,0.000,7,No
Rule-Based vs Rule-Based (control),1765,1,rule,15,38,0.003,0.100,8,No
Rule-Based vs Rule-Based (control),1766,3,rule,10,40,0.000,0.000,9,No
Rule-Based vs Rule-Based (control),1767,3,rule,15,36,0.002,0.100,7,No
Rule-Based vs Rule-Based (control),1768,,,0,800,0.002,0.100,8,Yes
Rule-Based vs Rule-Based (control),1769,,,0,800,0.001,0.100,8,Yes
Rule-Based vs Rule-Based (control),1770,0,rule,10,33,0.003,0.100,7,No
Rule-Based vs Rule-Based (control),1771,2,rule,15,11,0.000,0.000,6,No
Rule-Based vs Rule-Based (control),1772,3,rule,15,36,0.000,0.000,9,No
Rule-Based vs Rule-Based (control),1773,0,rule,10,25,0.000,0.000,8,No
Rule-Based vs Rule-Based (control),1774,,,0,800,0.000,0.000,8,Yes
Rule-Based vs Rule-Based (control),1775,,,0,800,0.005,0.100,8,Yes
Rule-Based vs Rule-Based (control),1776,,,0,800,0.002,0.100,8,Yes
Rule-Based vs Rule-Based (control),1777,,,0,800,0.001,0.100,8,Yes
Rule-Based vs Rule-Based (control),1778,3,rule,10,28,0.003,0.100,9,No
Rule-Based vs Rule-Based (control),1779,,,0,800,0.000,0.000,7,Yes
Rule-Based vs Rule-Based (control),1780,2,rule,15,47,0.000,0.000,9,No
Rule-Based vs Rule-Based (control),1781,0,rule,15,29,0.000,0.000,7,No
Rule-Based vs Rule-Based (control),1782,1,rule,10,22,0.004,0.100,9,No
Rule-Based vs Rule-Based (control),1783,2,rule,10,43,0.000,0.000,9,No
Rule-Based vs Rule-Based (control),1784,,,0,800,0.000,0.000,8,Yes
Rule-Based vs Rule-Based (control),1785,3,rule,10,16,0.000,0.000,7,No
Rule-Based vs Rule-Based (control),1786,0,rule,10,45,0.000,0.000,8,No
Rule-Based vs Rule-Based (control),1787,0,rule,10,37,0.000,0.000,9,No
Rule-Based vs Rule-Based (control),1788,,,0,800,0.000,0.000,6,Yes
Rule-Based vs Rule-Based (control),1789,2,rule,10,19,0.000,0.000,6,No
Rule-Based vs Rule-Based (control),1790,3,rule,10,28,0.006,0.100,7,No
Rule-Based vs Rule-Based (control),1791,,,0,800,0.002,0.100,8,Yes
Rule-Based vs Rule-Based (control),1792,,,0,800,0.000,0.000,6,Yes
Rule-Based vs Rule-Based (control),1793,1,rule,15,42,0.000,0.000,7,No
Rule-Based vs Rule-Based (control),1794,,,0,800,0.002,0.100,8,Yes
Rule-Based vs Rule-Based (control),1795,,,0,800,0.003,0.100,8,Yes
Rule-Based vs Rule-Based (control),1796,,,0,800,0.002,0.100,8,Yes
Rule-Based vs Rule-Based (control),1797,2,rule,10,11,0.014,0.100,5,No
Rule-Based vs Rule-Based (control),1798,,,0,800,0.000,0.000,8,Yes
Rule-Based vs Rule-Based (control),1799,,,0,800,0.002,0.100,8,Yes
Rule-Based vs Rule-Based (control),1800,,,0,800,0.003,0.100,8,Yes
Rule-Based vs Rule-Based (control),1801,3,rule,10,12,0.000,0.000,7,No
Rule-Based vs Rule-Based (control),1802,1,rule,10,42,0.002,0.100,8,No
Rule-Based vs Rule-Based (control),1803,2,rule,10,11,0.000,0.000,5,No
Rule-Based vs Rule-Based (control),1804,0,rule,10,33,0.000,0.000,9,No
Rule-Based vs Rule-Based (control),1805,0,rule,10,37,0.002,0.100,9,No
Rule-Based vs Rule-Based (control),1806,3,rule,15,16,0.000,0.000,5,No
Rule-Based vs Rule-Based (control),1807,1,rule,10,42,0.000,0.000,9,No
Rule-Based vs Rule-Based (control),1808,2,rule,10,43,0.002,0.100,9,No
Rule-Based vs Rule-Based (control),1809,0,rule,10,21,0.000,0.000,7,No
Rule-Based vs Rule-Based (control),1810,0,rule,10,17,0.000,0.000,7,No
Rule-Based vs Rule-Based (control),1811,3,rule,10,32,0.003,0.100,9,No
Rule-Based vs Rule-Based (control),1812,,,0,800,0.000,0.000,7,Yes
Rule-Based vs Rule-Based (control),1813,0,rule,10,21,0.004,0.100,8,No
Rule-Based vs Rule-Based (control),1814,3,rule,10,32,0.000,0.000,8,No
Rule-Based vs Rule-Based (control),1815,,,0,800,0.000,0.000,8,Yes
Rule-Based vs Rule-Based (control),1816,3,rule,10,20,0.009,0.100,8,No
Rule-Based vs Rule-Based (control),1817,3,rule,10,8,0.010,0.100,6,No
Rule-Based vs Rule-Based (control),1818,,,0,800,0.000,0.000,8,Yes
Rule-Based vs Rule-Based (control),1819,,,0,800,0.003,0.100,8,Yes
Rule-Based vs Rule-Based (control),1820,,,0,800,0.005,0.200,8,Yes
Rule-Based vs Rule-Based (control),1821,0,rule,10,9,0.010,0.100,6,No
Rule-Based vs Rule-Based (control),1822,1,rule,15,46,0.008,0.100,8,No
Rule-Based vs Rule-Based (control),1823,0,rule,15,41,0.002,0.100,7,No
Rule-Based vs Rule-Based (control),1824,1,rule,10,42,0.007,0.100,7,No
Rule-Based vs Rule-Based (control),1825,,,0,800,0.005,0.100,8,Yes
Rule-Based vs Rule-Based (control),1826,0,rule,15,25,0.000,0.000,8,No
Rule-Based vs Rule-Based (control),1827,1,rule,10,30,0.000,0.000,7,No
Rule-Based vs Rule-Based (control),1828,2,rule,10,15,0.010,0.100,7,No
Rule-Based vs Rule-Based (control),1829,1,rule,10,6,0.011,0.100,6,No
Rule-Based vs Rule-Based (control),1830,0,rule,10,33,0.009,0.100,8,No
Rule-Based vs Rule-Based (control),1831,2,rule,10,27,0.010,0.100,6,No
Rule-Based vs Rule-Based (control),1832,2,rule,10,47,0.004,0.100,9,No
Rule-Based vs Rule-Based (control),1833,,,0,800,0.000,0.000,7,Yes
Rule-Based vs Rule-Based (control),1834,1,rule,10,34,0.000,0.000,7,No
Rule-Based vs Rule-Based (control),1835,3,rule,10,40,0.002,0.100,9,No
Rule-Based vs Rule-Based (control),1836,0,rule,15,33,0.003,0.100,9,No
Rule-Based vs Rule-Based (control),1837,1,rule,10,22,0.000,0.000,9,No
Rule-Based vs Rule-Based (control),1838,,,0,800,0.000,0.000,7,Yes
Rule-Based vs Rule-Based (control),1839,3,rule,10,48,0.000,0.000,9,No
Rule-Based vs Rule-Based (control),1840,3,rule,10,36,0.000,0.000,8,No
Rule-Based vs Rule-Based (control),1841,2,rule,10,27,0.003,0.100,7,No
Rule-Based vs Rule-Based (control),1842,2,rule,10,31,0.000,0.000,8,No
Rule-Based vs Rule-Based (control),1843,3,rule,10,32,0.000,0.000,9,No
Rule-Based vs Rule-Based (control),1844,2,rule,10,35,0.003,0.100,8,No
Rule-Based vs Rule-Based (control),1845,1,rule,15,14,0.006,0.100,6,No
Rule-Based vs Rule-Based (control),1846,1,rule,15,34,0.005,0.100,9,No
Rule-Based vs Rule-Based (control),1847,3,rule,10,32,0.000,0.000,8,No
Rule-Based vs Rule-Based (control),1848,2,rule,10,27,0.003,0.100,6,No
Rule-Based vs Rule-Based (control),1849,,,0,800,0.001,0.100,8,Yes
Rule-Based vs Rule-Based (control),1850,,,0,800,0.001,0.100,7,Yes
Rule-Based vs Rule-Based (control),1851,3,rule,15,20,0.000,0.000,7,No
Rule-Based vs Rule-Based (control),1852,2,rule,10,39,0.005,0.100,9,No
Rule-Based vs Rule-Based (control),1853,,,0,800,0.001,0.100,8,Yes
Rule-Based vs Rule-Based (control),1854,,,0,800,0.000,0.000,7,Yes
Rule-Based vs Rule-Based (control),1855,,,0,800,0.001,0.100,7,Yes
Rule-Based vs Rule-Based (control),1856,3,rule,10,36,0.000,0.000,9,No
Rule-Based vs Rule-Based (control),1857,2,rule,10,43,0.000,0.000,5,No
Rule-Based vs Rule-Based (control),1858,1,rule,10,10,0.009,0.100,3,No
Rule-Based vs Rule-Based (control),1859,,,0,800,0.000,0.000,8,Yes
Rule-Based vs Rule-Based (control),1860,3,rule,15,48,0.000,0.000,9,No
Rule-Based vs Rule-Based (control),1861,0,rule,10,33,0.000,0.000,7,No
Rule-Based vs Rule-Based (control),1862,,,0,800,0.001,0.100,8,Yes
Rule-Based vs Rule-Based (control),1863,,,0,800,0.001,0.100,8,Yes
Rule-Based vs Rule-Based (control),1864,3,rule,15,36,0.003,0.100,9,No
Rule-Based vs Rule-Based (control),1865,1,rule,15,38,0.002,0.100,9,No
Rule-Based vs Rule-Based (control),1866,2,rule,10,31,0.000,0.000,8,No
Rule-Based vs Rule-Based (control),1867,,,0,800,0.000,0.000,8,Yes
Rule-Based vs Rule-Based (control),1868,2,rule,10,31,0.000,0.000,8,No
Rule-Based vs Rule-Based (control),1869,1,rule,10,26,0.000,0.000,9,No
Rule-Based vs Rule-Based (control),1870,,,0,800,0.002,0.100,8,Yes
Rule-Based vs Rule-Based (control),1871,,,0,800,0.000,0.000,8,Yes
Rule-Based vs Rule-Based (control),1872,2,rule,10,43,0.002,0.100,8,No
Rule-Based vs Rule-Based (control),1873,0,rule,10,25,0.000,0.000,8,No
Rule-Based vs Rule-Based (control),1874,0,rule,10,9,0.000,0.000,7,No
Rule-Based vs Rule-Based (control),1875,,,0,800,0.002,0.100,8,Yes
Rule-Based vs Rule-Based (control),1876,2,rule,15,31,0.003,0.100,8,No
Rule-Based vs Rule-Based (control),1877,,,0,800,0.001,0.100,8,Yes
Rule-Based vs Rule-Based (control),1878,2,rule,15,39,0.005,0.100,9,No
Rule-Based vs Rule-Based (control),1879,1,rule,10,34,0.003,0.100,7,No
Rule-Based vs Rule-Based (control),1880,,,0,800,0.000,0.000,8,Yes
Rule-Based vs Rule-Based (control),1881,2,rule,15,19,0.000,0.000,9,No
Rule-Based vs Rule-Based (control),1882,2,rule,10,31,0.000,0.000,7,No
Rule-Based vs Rule-Based (control),1883,1,rule,10,46,0.002,0.100,9,No
Rule-Based vs Rule-Based (control),1884,,,0,800,0.001,0.100,8,Yes
Rule-Based vs Rule-Based (control),1885,3,rule,10,28,0.003,0.100,7,No
Rule-Based vs Rule-Based (control),1886,1,rule,10,6,0.000,0.000,5,No
Rule-Based vs Rule-Based (control),1887,0,rule,10,37,0.000,0.000,8,No
Rule-Based vs Rule-Based (control),1888,1,rule,15,26,0.000,0.000,7,No
Rule-Based vs Rule-Based (control),1889,0,rule,10,33,0.003,0.100,9,No
Rule-Based vs Rule-Based (control),1890,0,rule,10,37,0.000,0.000,8,No
Rule-Based vs Rule-Based (control),1891,,,0,800,0.003,0.100,7,Yes
Rule-Based vs Rule-Based (control),1892,2,rule,10,35,0.003,0.100,9,No
Rule-Based vs Rule-Based (control),1893,,,0,800,0.000,0.000,8,Yes
Rule-Based vs Rule-Based (control),1894,,,0,800,0.003,0.100,8,Yes
Rule-Based vs Rule-Based (control),1895,3,rule,10,20,0.004,0.100,8,No
Rule-Based vs Rule-Based (control),1896,1,rule,10,10,0.008,0.100,7,No
Rule-Based vs Rule-Based (control),1897,3,rule,10,32,0.000,0.000,9,No
Rule-Based vs Rule-Based (control),1898,1,rule,10,18,0.000,0.000,6,No
Rule-Based vs Rule-Based (control),1899,,,0,800,0.000,0.000,8,Yes
Rule-Based vs Rule-Based (control),1900,3,rule,10,20,0.004,0.100,9,No
Rule-Based vs Rule-Based (control),1901,2,rule,15,27,0.000,0.000,7,No
Rule-Based vs Rule-Based (control),1902,1,rule,10,14,0.013,0.100,4,No
Rule-Based vs Rule-Based (control),1903,0,rule,10,45,0.000,0.000,9,No
Rule-Based vs Rule-Based (control),1904,3,rule,10,28,0.000,0.000,7,No
Rule-Based vs Rule-Based (control),1905,1,rule,10,10,0.000,0.000,3,No
Rule-Based vs Rule-Based (control),1906,3,rule,10,40,0.007,0.100,7,No
Rule-Based vs Rule-Based (control),1907,3,rule,10,12,0.000,0.000,6,No
Rule-Based vs Rule-Based (control),1908,2,rule,15,31,0.003,0.100,7,No
Rule-Based vs Rule-Based (control),1909,,,0,800,0.007,0.100,8,Yes
Rule-Based vs Rule-Based (control),1910,1,rule,15,34,0.000,0.000,7,No
Rule-Based vs Rule-Based (control),1911,,,0,800,0.011,0.100,8,Yes
Rule-Based vs Rule-Based (control),1912,3,rule,10,48,0.009,0.100,9,No
Rule-Based vs Rule-Based (control),1913,0,rule,15,37,0.005,0.100,9,No
Rule-Based vs Rule-Based (control),1914,,,0,800,0.002,0.100,7,Yes
Rule-Based vs Rule-Based (control),1915,3,rule,15,20,0.000,0.000,7,No
Rule-Based vs Rule-Based (control),1916,,,0,800,0.001,0.100,7,Yes
Rule-Based vs Rule-Based (control),1917,0,rule,15,5,0.000,0.000,4,No
Rule-Based vs Rule-Based (control),1918,,,0,800,0.003,0.100,8,Yes
Rule-Based vs Rule-Based (control),1919,1,rule,10,22,0.004,0.100,8,No
Rule-Based vs Rule-Based (control),1920,3,rule,10,20,0.005,0.100,6,No
Rule-Based vs Rule-Based (control),1921,3,rule,15,44,0.000,0.000,8,No
Rule-Based vs Rule-Based (control),1922,0,rule,10,9,0.000,0.000,4,No
Rule-Based vs Rule-Based (control),1923,,,0,800,0.002,0.100,8,Yes
Rule-Based vs Rule-Based (control),1924,2,rule,10,43,0.000,0.000,9,No
Rule-Based vs Rule-Based (control),1925,2,rule,10,47,0.000,0.000,9,No
Rule-Based vs Rule-Based (control),1926,,,0,800,0.003,0.100,8,Yes
Rule-Based vs Rule-Based (control),1927,,,0,800,0.000,0.000,8,Yes
Rule-Based vs Rule-Based (control),1928,0,rule,15,21,0.000,0.000,7,No
Rule-Based vs Rule-Based (control),1929,3,rule,15,32,0.000,0.000,8,No
Rule-Based vs Rule-Based (control),1930,,,0,800,0.002,0.100,8,Yes
Rule-Based vs Rule-Based (control),1931,0,rule,10,33,0.003,0.100,9,No
Rule-Based vs Rule-Based (control),1932,,,0,800,0.001,0.100,7,Yes
Rule-Based vs Rule-Based (control),1933,0,rule,10,29,0.003,0.100,7,No
Rule-Based vs Rule-Based (control),1934,3,rule,10,36,0.000,0.000,9,No
Rule-Based vs Rule-Based (control),1935,,,0,800,0.001,0.100,7,Yes
Rule-Based vs Rule-Based (control),1936,1,rule,10,46,0.000,0.000,8,No
Rule-Based vs Rule-Based (control),1937,0,rule,10,17,0.000,0.000,7,No
Rule-Based vs Rule-Based (control),1938,,,0,800,0.003,0.100,8,Yes
Rule-Based vs Rule-Based (control),1939,2,rule,15,43,0.000,0.000,9,No
Rule-Based vs Rule-Based (control),1940,3,rule,10,32,0.003,0.100,6,No
Rule-Based vs Rule-Based (control),1941,3,rule,10,32,0.003,0.100,8,No
Rule-Based vs Rule-Based (control),1942,3,rule,10,12,0.000,0.000,6,No
Rule-Based vs Rule-Based (control),1943,,,0,800,0.005,0.100,8,Yes
Rule-Based vs Rule-Based (control),1944,3,rule,10,24,0.007,0.100,9,No
Rule-Based vs Rule-Based (control),1945,2,rule,15,11,0.009,0.100,6,No
Rule-Based vs Rule-Based (control),1946,,,0,800,0.005,0.100,8,Yes
Rule-Based vs Rule-Based (control),1947,2,rule,10,47,0.000,0.000,7,No
Rule-Based vs Rule-Based (control),1948,3,rule,15,20,0.000,0.000,8,No
Rule-Based vs Rule-Based (control),1949,,,0,800,0.003,0.100,6,Yes
Rule-Based vs Rule-Based (control),1950,,,0,800,0.002,0.100,8,Yes
Rule-Based vs Rule-Based (control),1951,,,0,800,0.003,0.100,8,Yes
Rule-Based vs Rule-Based (control),1952,1,rule,10,22,0.003,0.100,8,No
Rule-Based vs Rule-Based (control),1953,3,rule,10,20,0.005,0.100,7,No
Rule-Based vs Rule-Based (control),1954,,,0,800,0.004,0.100,7,Yes
Rule-Based vs Rule-Based (control),1955,3,rule,10,20,0.000,0.000,8,No
Rule-Based vs Rule-Based (control),1956,1,rule,10,30,0.009,0.100,7,No
Rule-Based vs Rule-Based (control),1957,2,rule,10,31,0.000,0.000,8,No
Rule-Based vs Rule-Based (control),1958,,,0,800,0.002,0.100,8,Yes
Rule-Based vs Rule-Based (control),1959,,,0,800,0.001,0.100,8,Yes
Rule-Based vs Rule-Based (control),1960,0,rule,10,33,0.003,0.100,8,No
Rule-Based vs Rule-Based (control),1961,2,rule,15,31,0.006,0.100,8,No
Rule-Based vs Rule-Based (control),1962,0,rule,10,33,0.008,0.100,8,No
Rule-Based vs Rule-Based (control),1963,3,rule,10,40,0.005,0.100,8,No
Rule-Based vs Rule-Based (control),1964,,,0,800,0.005,0.100,8,Yes
Rule-Based vs Rule-Based (control),1965,,,0,800,0.006,0.100,8,Yes
Rule-Based vs Rule-Based (control),1966,1,rule,15,14,0.000,0.000,7,No
Rule-Based vs Rule-Based (control),1967,2,rule,15,27,0.003,0.100,9,No
Rule-Based vs Rule-Based (control),1968,2,rule,10,31,0.003,0.100,9,No
Rule-Based vs Rule-Based (control),1969,3,rule,10,32,0.000,0.000,8,No
Rule-Based vs Rule-Based (control),1970,,,0,800,0.003,0.100,8,Yes
Rule-Based vs Rule-Based (control),1971,0,rule,10,37,0.005,0.100,9,No
Rule-Based vs Rule-Based (control),1972,3,rule,15,40,0.000,0.000,8,No
Rule-Based vs Rule-Based (control),1973,0,rule,10,41,0.000,0.000,9,No
Rule-Based vs Rule-Based (control),1974,,,0,800,0.002,0.100,8,Yes
Rule-Based vs Rule-Based (control),1975,0,rule,15,37,0.002,0.100,8,No
Rule-Based vs Rule-Based (control),1976,,,0,800,0.004,0.100,7,Yes
Rule-Based vs Rule-Based (control),1977,,,0,800,0.000,0.000,7,Yes
Rule-Based vs Rule-Based (control),1978,,,0,800,0.001,0.100,8,Yes
Rule-Based vs Rule-Based (control),1979,2,rule,10,19,0.000,0.000,7,No
Rule-Based vs Rule-Based (control),1980,2,rule,15,47,0.002,0.100,8,No
Rule-Based vs Rule-Based (control),1981,,,0,800,0.000,0.000,8,Yes
Rule-Based vs Rule-Based (control),1982,0,rule,10,37,0.000,0.000,8,No
Rule-Based vs Rule-Based (control),1983,3,rule,10,32,0.000,0.000,8,No
Rule-Based vs Rule-Based (control),1984,3,rule,10,28,0.003,0.100,6,No
Rule-Based vs Rule-Based (control),1985,2,rule,15,35,0.000,0.000,8,No
Rule-Based vs Rule-Based (control),1986,0,rule,15,37,0.000,0.000,8,No
Rule-Based vs Rule-Based (control),1987,,,0,800,0.002,0.100,8,Yes
Rule-Based vs Rule-Based (control),1988,2,rule,10,47,0.000,0.000,8,No
Rule-Based vs Rule-Based (control),1989,2,rule,15,35,0.003,0.100,8,No
Rule-Based vs Rule-Based (control),1990,,,0,800,0.003,0.100,8,Yes
Rule-Based vs Rule-Based (control),1991,,,0,800,0.002,0.100,8,Yes
Rule-Based vs Rule-Based (control),1992,1,rule,15,18,0.000,0.000,8,No
Rule-Based vs Rule-Based (control),1993,3,rule,10,44,0.000,0.000,8,No
Rule-Based vs Rule-Based (control),1994,2,rule,10,19,0.000,0.000,7,No
Rule-Based vs Rule-Based (control),1995,2,rule,15,19,0.000,0.000,4,No
Rule-Based vs Rule-Based (control),1996,3,rule,10,24,0.000,0.000,6,No
Rule-Based vs Rule-Based (control),1997,,,0,800,0.001,0.100,8,Yes
Rule-Based vs Rule-Based (control),1998,2,rule,10,47,0.000,0.000,7,No
Rule-Based vs Rule-Based (control),1999,,,0,800,0.003,0.100,6,Yes
Rule-Based vs Rule-Based (control),2000,0,rule,15,13,0.000,0.000,8,No
1SGS vs 1SGS (control),1,3,oneSGS,10,48,0.006,0.100,9,No
1SGS vs 1SGS (control),2,2,oneSGS,10,15,0.012,0.100,5,No
1SGS vs 1SGS (control),3,2,oneSGS,10,23,0.012,0.100,9,No
1SGS vs 1SGS (control),4,,,0,800,0.005,0.100,8,Yes
1SGS vs 1SGS (control),5,3,oneSGS,10,48,0.009,0.100,9,No
1SGS vs 1SGS (control),6,2,oneSGS,10,27,0.023,0.100,5,No
1SGS vs 1SGS (control),7,,,0,800,0.008,0.100,8,Yes
1SGS vs 1SGS (control),8,0,oneSGS,10,29,0.009,0.100,8,No
1SGS vs 1SGS (control),9,,,0,800,0.010,0.100,7,Yes
1SGS vs 1SGS (control),10,1,oneSGS,10,46,0.021,0.100,8,No
1SGS vs 1SGS (control),11,3,oneSGS,10,40,0.009,0.100,9,No
1SGS vs 1SGS (control),12,3,oneSGS,10,48,0.015,0.200,8,No
1SGS vs 1SGS (control),13,3,oneSGS,15,20,0.014,0.100,7,No
1SGS vs 1SGS (control),14,,,0,800,0.011,0.100,8,Yes
1SGS vs 1SGS (control),15,,,0,800,0.007,0.100,7,Yes
1SGS vs 1SGS (control),16,0,oneSGS,15,5,0.033,0.100,5,No
1SGS vs 1SGS (control),17,2,oneSGS,10,11,0.023,0.100,4,No
1SGS vs 1SGS (control),18,,,0,800,0.007,0.100,7,Yes
1SGS vs 1SGS (control),19,,,0,800,0.013,0.200,8,Yes
1SGS vs 1SGS (control),20,0,oneSGS,10,21,0.016,0.100,8,No
1SGS vs 1SGS (control),21,2,oneSGS,10,19,0.005,0.100,8,No
1SGS vs 1SGS (control),22,1,oneSGS,10,42,0.008,0.100,9,No
1SGS vs 1SGS (control),23,2,oneSGS,10,15,0.012,0.100,7,No
1SGS vs 1SGS (control),24,,,0,800,0.012,0.100,6,Yes
1SGS vs 1SGS (control),25,2,oneSGS,10,31,0.012,0.100,7,No
1SGS vs 1SGS (control),26,1,oneSGS,10,46,0.012,0.100,8,No
1SGS vs 1SGS (control),27,,,0,800,0.008,0.100,7,Yes
1SGS vs 1SGS (control),28,,,0,800,0.005,0.100,8,Yes
1SGS vs 1SGS (control),29,,,0,800,0.012,0.200,8,Yes
1SGS vs 1SGS (control),30,2,oneSGS,15,43,0.007,0.100,8,No
1SGS vs 1SGS (control),31,1,oneSGS,10,14,0.013,0.100,8,No
1SGS vs 1SGS (control),32,0,oneSGS,10,41,0.011,0.100,8,No
1SGS vs 1SGS (control),33,1,oneSGS,15,34,0.011,0.100,9,No
1SGS vs 1SGS (control),34,2,oneSGS,15,23,0.023,0.100,7,No
1SGS vs 1SGS (control),35,0,oneSGS,10,41,0.011,0.100,7,No
1SGS vs 1SGS (control),36,,,0,800,0.012,0.100,7,Yes
1SGS vs 1SGS (control),37,0,oneSGS,10,33,0.011,0.100,9,No
1SGS vs 1SGS (control),38,3,oneSGS,10,32,0.011,0.100,9,No
1SGS vs 1SGS (control),39,1,oneSGS,15,26,0.015,0.100,7,No
1SGS vs 1SGS (control),40,,,0,800,0.008,0.100,8,Yes
1SGS vs 1SGS (control),41,3,oneSGS,15,32,0.009,0.100,8,No
1SGS vs 1SGS (control),42,,,0,800,0.006,0.100,8,Yes
1SGS vs 1SGS (control),43,,,0,800,0.010,0.100,7,Yes
1SGS vs 1SGS (control),44,1,oneSGS,15,46,0.008,0.100,9,No
1SGS vs 1SGS (control),45,0,oneSGS,10,41,0.011,0.100,8,No
1SGS vs 1SGS (control),46,0,oneSGS,10,41,0.007,0.100,7,No
1SGS vs 1SGS (control),47,,,0,800,0.012,0.100,8,Yes
1SGS vs 1SGS (control),48,,,0,800,0.006,0.100,8,Yes
1SGS vs 1SGS (control),49,2,oneSGS,15,19,0.020,0.100,6,No
1SGS vs 1SGS (control),50,1,oneSGS,10,22,0.016,0.100,7,No
1SGS vs 1SGS (control),51,,,0,800,0.006,0.100,8,Yes
1SGS vs 1SGS (control),52,3,oneSGS,15,24,0.017,0.100,6,No
1SGS vs 1SGS (control),53,2,oneSGS,15,35,0.008,0.100,9,No
1SGS vs 1SGS (control),54,0,oneSGS,15,29,0.007,0.100,9,No
1SGS vs 1SGS (control),55,,,0,800,0.009,0.100,7,Yes
1SGS vs 1SGS (control),56,2,oneSGS,10,23,0.056,0.200,7,No
1SGS vs 1SGS (control),57,,,0,800,0.030,0.300,8,Yes
1SGS vs 1SGS (control),58,,,0,800,0.040,0.200,7,Yes
1SGS vs 1SGS (control),59,2,oneSGS,10,11,0.073,0.200,6,No
1SGS vs 1SGS (control),60,0,oneSGS,10,45,0.031,0.100,9,No
1SGS vs 1SGS (control),61,2,oneSGS,15,39,0.024,0.200,8,No
1SGS vs 1SGS (control),62,3,oneSGS,10,24,0.037,0.200,8,No
1SGS vs 1SGS (control),63,3,oneSGS,15,20,0.013,0.100,8,No
1SGS vs 1SGS (control),64,,,0,800,0.009,0.300,8,Yes
1SGS vs 1SGS (control),65,3,oneSGS,15,40,0.007,0.100,8,No
1SGS vs 1SGS (control),66,,,0,800,0.008,0.100,8,Yes
1SGS vs 1SGS (control),67,,,0,800,0.008,0.100,7,Yes
1SGS vs 1SGS (control),68,0,oneSGS,15,21,0.014,0.100,7,No
1SGS vs 1SGS (control),69,,,0,800,0.006,0.100,8,Yes
1SGS vs 1SGS (control),70,3,oneSGS,10,48,0.008,0.100,9,No
1SGS vs 1SGS (control),71,,,0,800,0.010,0.100,7,Yes
1SGS vs 1SGS (control),72,0,oneSGS,10,25,0.014,0.100,7,No
1SGS vs 1SGS (control),73,,,0,800,0.009,0.200,6,Yes
1SGS vs 1SGS (control),74,,,0,800,0.012,0.100,8,Yes
1SGS vs 1SGS (control),75,3,oneSGS,10,4,0.040,0.100,4,No
1SGS vs 1SGS (control),76,3,oneSGS,10,28,0.009,0.100,6,No
1SGS vs 1SGS (control),77,3,oneSGS,15,48,0.012,0.100,9,No
1SGS vs 1SGS (control),78,0,oneSGS,10,25,0.000,0.000,9,No
1SGS vs 1SGS (control),79,1,oneSGS,15,42,0.011,0.100,9,No
1SGS vs 1SGS (control),80,,,0,800,0.005,0.100,8,Yes
1SGS vs 1SGS (control),81,2,oneSGS,10,43,0.006,0.100,8,No
1SGS vs 1SGS (control),82,1,oneSGS,10,42,0.013,0.100,7,No
1SGS vs 1SGS (control),83,2,oneSGS,10,31,0.017,0.100,8,No
1SGS vs 1SGS (control),84,,,0,800,0.009,0.100,8,Yes
1SGS vs 1SGS (control),85,2,oneSGS,10,11,0.023,0.100,5,No
1SGS vs 1SGS (control),86,,,0,800,0.006,0.100,8,Yes
1SGS vs 1SGS (control),87,,,0,800,0.011,0.100,7,Yes
1SGS vs 1SGS (control),88,,,0,800,0.006,0.100,8,Yes
1SGS vs 1SGS (control),89,,,0,800,0.008,0.100,8,Yes
1SGS vs 1SGS (control),90,,,0,800,0.009,0.100,8,Yes
1SGS vs 1SGS (control),91,,,0,800,0.003,0.100,8,Yes
1SGS vs 1SGS (control),92,3,oneSGS,10,44,0.011,0.100,8,No
1SGS vs 1SGS (control),93,0,oneSGS,10,33,0.016,0.100,9,No
1SGS vs 1SGS (control),94,,,0,800,0.009,0.100,7,Yes
1SGS vs 1SGS (control),95,2,oneSGS,10,35,0.010,0.100,9,No
1SGS vs 1SGS (control),96,2,oneSGS,10,31,0.011,0.100,8,No
1SGS vs 1SGS (control),97,,,0,800,0.006,0.100,8,Yes
1SGS vs 1SGS (control),98,0,oneSGS,10,41,0.004,0.100,8,No
1SGS vs 1SGS (control),99,,,0,800,0.009,0.100,7,Yes
1SGS vs 1SGS (control),100,,,0,800,0.012,0.100,8,Yes
1SGS vs 1SGS (control),101,2,oneSGS,10,23,0.015,0.100,7,No
1SGS vs 1SGS (control),102,,,0,800,0.006,0.100,8,Yes
1SGS vs 1SGS (control),103,2,oneSGS,15,47,0.008,0.100,9,No
1SGS vs 1SGS (control),104,1,oneSGS,10,34,0.016,0.100,7,No
1SGS vs 1SGS (control),105,,,0,800,0.009,0.100,8,Yes
1SGS vs 1SGS (control),106,3,oneSGS,15,24,0.026,0.100,7,No
1SGS vs 1SGS (control),107,,,0,800,0.008,0.100,8,Yes
1SGS vs 1SGS (control),108,2,oneSGS,15,3,0.000,0.000,5,No
1SGS vs 1SGS (control),109,,,0,800,0.004,0.100,8,Yes
1SGS vs 1SGS (control),110,,,0,800,0.007,0.100,7,Yes
1SGS vs 1SGS (control),111,3,oneSGS,10,36,0.010,0.100,8,No
1SGS vs 1SGS (control),112,3,oneSGS,10,32,0.009,0.100,9,No
1SGS vs 1SGS (control),113,1,oneSGS,10,14,0.021,0.100,7,No
1SGS vs 1SGS (control),114,1,oneSGS,10,34,0.008,0.100,9,No
1SGS vs 1SGS (control),115,3,oneSGS,10,32,0.014,0.100,8,No
1SGS vs 1SGS (control),116,0,oneSGS,10,21,0.020,0.100,8,No
1SGS vs 1SGS (control),117,,,0,800,0.010,0.100,8,Yes
1SGS vs 1SGS (control),118,1,oneSGS,10,30,0.011,0.100,9,No
1SGS vs 1SGS (control),119,,,0,800,0.005,0.100,8,Yes
1SGS vs 1SGS (control),120,,,0,800,0.009,0.100,7,Yes
1SGS vs 1SGS (control),121,,,0,800,0.010,0.100,6,Yes
1SGS vs 1SGS (control),122,,,0,800,0.007,0.100,8,Yes
1SGS vs 1SGS (control),123,3,oneSGS,15,16,0.018,0.100,6,No
1SGS vs 1SGS (control),124,0,oneSGS,10,25,0.017,0.200,6,No
1SGS vs 1SGS (control),125,1,oneSGS,10,10,0.027,0.100,6,No
1SGS vs 1SGS (control),126,,,0,800,0.011,0.100,8,Yes
1SGS vs 1SGS (control),127,2,oneSGS,10,19,0.019,0.100,6,No
1SGS vs 1SGS (control),128,1,oneSGS,10,26,0.011,0.100,6,No
1SGS vs 1SGS (control),129,,,0,800,0.006,0.100,8,Yes
1SGS vs 1SGS (control),130,,,0,800,0.007,0.100,8,Yes
1SGS vs 1SGS (control),131,2,oneSGS,10,47,0.010,0.100,9,No
1SGS vs 1SGS (control),132,2,oneSGS,10,35,0.015,0.100,9,No
1SGS vs 1SGS (control),133,,,0,800,0.004,0.100,8,Yes
1SGS vs 1SGS (control),134,0,oneSGS,15,33,0.014,0.100,7,No
1SGS vs 1SGS (control),135,,,0,800,0.008,0.100,8,Yes
1SGS vs 1SGS (control),136,,,0,800,0.009,0.100,8,Yes
1SGS vs 1SGS (control),137,2,oneSGS,10,15,0.011,0.100,9,No
1SGS vs 1SGS (control),138,,,0,800,0.008,0.100,7,Yes
1SGS vs 1SGS (control),139,,,0,800,0.006,0.200,8,Yes
1SGS vs 1SGS (control),140,2,oneSGS,15,35,0.014,0.300,7,No
1SGS vs 1SGS (control),141,,,0,800,0.008,0.100,8,Yes
1SGS vs 1SGS (control),142,,,0,800,0.006,0.100,8,Yes
1SGS vs 1SGS (control),143,3,oneSGS,10,16,0.021,0.100,6,No
1SGS vs 1SGS (control),144,0,oneSGS,10,45,0.010,0.100,7,No
1SGS vs 1SGS (control),145,,,0,800,0.008,0.200,8,Yes
1SGS vs 1SGS (control),146,,,0,800,0.006,0.100,8,Yes
1SGS vs 1SGS (control),147,1,oneSGS,15,10,0.017,0.100,6,No
1SGS vs 1SGS (control),148,,,0,800,0.009,0.100,7,Yes
1SGS vs 1SGS (control),149,0,oneSGS,10,37,0.005,0.100,7,No
1SGS vs 1SGS (control),150,1,oneSGS,15,38,0.010,0.100,9,No
1SGS vs 1SGS (control),151,,,0,800,0.006,0.100,7,Yes
1SGS vs 1SGS (control),152,,,0,800,0.008,0.100,8,Yes
1SGS vs 1SGS (control),153,2,oneSGS,15,43,0.004,0.100,9,No
1SGS vs 1SGS (control),154,3,oneSGS,15,36,0.011,0.100,9,No
1SGS vs 1SGS (control),155,,,0,800,0.005,0.100,8,Yes
1SGS vs 1SGS (control),156,,,0,800,0.011,0.100,8,Yes
1SGS vs 1SGS (control),157,1,oneSGS,10,14,0.024,0.100,7,No
1SGS vs 1SGS (control),158,,,0,800,0.011,0.100,8,Yes
1SGS vs 1SGS (control),159,,,0,800,0.015,0.100,8,Yes
1SGS vs 1SGS (control),160,3,oneSGS,10,32,0.017,0.100,7,No
1SGS vs 1SGS (control),161,,,0,800,0.008,0.100,8,Yes
1SGS vs 1SGS (control),162,,,0,800,0.011,0.100,8,Yes
1SGS vs 1SGS (control),163,,,0,800,0.012,0.100,8,Yes
1SGS vs 1SGS (control),164,3,oneSGS,10,20,0.020,0.100,8,No
1SGS vs 1SGS (control),165,1,oneSGS,10,22,0.012,0.100,8,No
1SGS vs 1SGS (control),166,3,oneSGS,10,28,0.015,0.100,8,No
1SGS vs 1SGS (control),167,2,oneSGS,10,11,0.029,0.100,7,No
1SGS vs 1SGS (control),168,3,oneSGS,10,20,0.033,0.100,7,No
1SGS vs 1SGS (control),169,0,oneSGS,15,17,0.050,0.400,7,No
1SGS vs 1SGS (control),170,3,oneSGS,15,36,0.032,0.100,6,No
1SGS vs 1SGS (control),171,1,oneSGS,10,26,0.020,0.100,7,No
1SGS vs 1SGS (control),172,,,0,800,0.008,0.100,8,Yes
1SGS vs 1SGS (control),173,2,oneSGS,10,11,0.023,0.100,4,No
1SGS vs 1SGS (control),174,,,0,800,0.009,0.100,7,Yes
1SGS vs 1SGS (control),175,0,oneSGS,10,25,0.014,0.100,7,No
1SGS vs 1SGS (control),176,0,oneSGS,10,33,0.006,0.100,8,No
1SGS vs 1SGS (control),177,2,oneSGS,10,27,0.017,0.100,8,No
1SGS vs 1SGS (control),178,1,oneSGS,15,18,0.017,0.100,6,No
1SGS vs 1SGS (control),179,,,0,800,0.012,0.100,8,Yes
1SGS vs 1SGS (control),180,2,oneSGS,10,31,0.009,0.100,9,No
1SGS vs 1SGS (control),181,,,0,800,0.014,0.100,8,Yes
1SGS vs 1SGS (control),182,,,0,800,0.006,0.100,8,Yes
1SGS vs 1SGS (control),183,1,oneSGS,10,22,0.017,0.100,8,No
1SGS vs 1SGS (control),184,1,oneSGS,15,14,0.011,0.100,9,No
1SGS vs 1SGS (control),185,1,oneSGS,10,26,0.007,0.100,9,No
1SGS vs 1SGS (control),186,,,0,800,0.003,0.100,8,Yes
1SGS vs 1SGS (control),187,3,oneSGS,10,44,0.010,0.100,8,No
1SGS vs 1SGS (control),188,1,oneSGS,10,42,0.015,0.100,7,No
1SGS vs 1SGS (control),189,0,oneSGS,15,25,0.018,0.100,7,No
1SGS vs 1SGS (control),190,2,oneSGS,10,19,0.021,0.100,7,No
1SGS vs 1SGS (control),191,0,oneSGS,10,17,0.016,0.100,5,No
1SGS vs 1SGS (control),192,,,0,800,0.009,0.100,8,Yes
1SGS vs 1SGS (control),193,,,0,800,0.009,0.100,8,Yes
1SGS vs 1SGS (control),194,1,oneSGS,10,38,0.012,0.100,8,No
1SGS vs 1SGS (control),195,,,0,800,0.008,0.100,8,Yes
1SGS vs 1SGS (control),196,,,0,800,0.015,0.100,8,Yes
1SGS vs 1SGS (control),197,3,oneSGS,10,40,0.022,0.100,8,No
1SGS vs 1SGS (control),198,2,oneSGS,10,47,0.006,0.100,9,No
1SGS vs 1SGS (control),199,0,oneSGS,10,9,0.023,0.100,8,No
1SGS vs 1SGS (control),200,0,oneSGS,10,33,0.011,0.100,9,No
1SGS vs 1SGS (control),201,1,oneSGS,10,26,0.000,0.000,7,No
1SGS vs 1SGS (control),202,0,oneSGS,10,13,0.014,0.100,6,No
1SGS vs 1SGS (control),203,1,oneSGS,15,26,0.007,0.100,8,No
1SGS vs 1SGS (control),204,1,oneSGS,15,34,0.011,0.100,8,No
1SGS vs 1SGS (control),205,2,oneSGS,10,27,0.013,0.200,8,No
1SGS vs 1SGS (control),206,1,oneSGS,15,10,0.010,0.100,5,No
1SGS vs 1SGS (control),207,,,0,800,0.006,0.100,8,Yes
1SGS vs 1SGS (control),208,,,0,800,0.009,0.100,8,Yes
1SGS vs 1SGS (control),209,3,oneSGS,10,16,0.030,0.100,9,No
1SGS vs 1SGS (control),210,,,0,800,0.007,0.100,7,Yes
1SGS vs 1SGS (control),211,,,0,800,0.012,0.200,8,Yes
1SGS vs 1SGS (control),212,1,oneSGS,10,38,0.010,0.100,9,No
1SGS vs 1SGS (control),213,0,oneSGS,15,37,0.016,0.100,8,No
1SGS vs 1SGS (control),214,0,oneSGS,10,33,0.008,0.100,7,No
1SGS vs 1SGS (control),215,,,0,800,0.012,0.100,7,Yes
1SGS vs 1SGS (control),216,,,0,800,0.012,0.100,7,Yes
1SGS vs 1SGS (control),217,2,oneSGS,10,23,0.011,0.100,8,No
1SGS vs 1SGS (control),218,0,oneSGS,10,21,0.013,0.100,6,No
1SGS vs 1SGS (control),219,0,oneSGS,10,25,0.021,0.100,6,No
1SGS vs 1SGS (control),220,,,0,800,0.009,0.100,8,Yes
1SGS vs 1SGS (control),221,1,oneSGS,15,18,0.016,0.100,7,No
1SGS vs 1SGS (control),222,2,oneSGS,10,43,0.013,0.100,8,No
1SGS vs 1SGS (control),223,3,oneSGS,10,48,0.013,0.100,9,No
1SGS vs 1SGS (control),224,,,0,800,0.006,0.100,7,Yes
1SGS vs 1SGS (control),225,3,oneSGS,10,28,0.009,0.100,8,No
1SGS vs 1SGS (control),226,0,oneSGS,10,45,0.012,0.100,8,No
1SGS vs 1SGS (control),227,0,oneSGS,10,33,0.008,0.100,8,No
1SGS vs 1SGS (control),228,,,0,800,0.006,0.100,8,Yes
1SGS vs 1SGS (control),229,,,0,800,0.008,0.100,7,Yes
1SGS vs 1SGS (control),230,0,oneSGS,15,41,0.020,0.100,8,No
1SGS vs 1SGS (control),231,1,oneSGS,15,30,0.013,0.100,7,No
1SGS vs 1SGS (control),232,3,oneSGS,10,44,0.012,0.100,9,No
1SGS vs 1SGS (control),233,1,oneSGS,10,18,0.005,0.100,7,No
1SGS vs 1SGS (control),234,3,oneSGS,10,48,0.004,0.100,9,No
1SGS vs 1SGS (control),235,,,0,800,0.007,0.100,7,Yes
1SGS vs 1SGS (control),236,,,0,800,0.017,0.100,8,Yes
1SGS vs 1SGS (control),237,,,0,800,0.017,0.200,8,Yes
1SGS vs 1SGS (control),238,,,0,800,0.011,0.100,8,Yes
1SGS vs 1SGS (control),239,3,oneSGS,10,44,0.004,0.100,9,No
1SGS vs 1SGS (control),240,2,oneSGS,10,35,0.013,0.100,8,No
1SGS vs 1SGS (control),241,1,oneSGS,10,34,0.011,0.100,9,No
1SGS vs 1SGS (control),242,,,0,800,0.006,0.100,8,Yes
1SGS vs 1SGS (control),243,3,oneSGS,10,24,0.012,0.100,8,No
1SGS vs 1SGS (control),244,,,0,800,0.008,0.100,8,Yes
1SGS vs 1SGS (control),245,1,oneSGS,10,18,0.015,0.100,5,No
1SGS vs 1SGS (control),246,0,oneSGS,15,37,0.013,0.100,8,No
1SGS vs 1SGS (control),247,3,oneSGS,15,28,0.011,0.100,6,No
1SGS vs 1SGS (control),248,2,oneSGS,10,19,0.010,0.100,6,No
1SGS vs 1SGS (control),249,3,oneSGS,10,44,0.008,0.100,9,No
1SGS vs 1SGS (control),250,0,oneSGS,10,33,0.014,0.100,8,No
1SGS vs 1SGS (control),251,,,0,800,0.006,0.100,8,Yes
1SGS vs 1SGS (control),252,2,oneSGS,15,19,0.005,0.100,5,No
1SGS vs 1SGS (control),253,2,oneSGS,10,19,0.019,0.100,6,No
1SGS vs 1SGS (control),254,1,oneSGS,15,46,0.014,0.100,8,No
1SGS vs 1SGS (control),255,1,oneSGS,10,46,0.010,0.100,8,No
1SGS vs 1SGS (control),256,0,oneSGS,10,29,0.015,0.100,8,No
1SGS vs 1SGS (control),257,3,oneSGS,10,28,0.009,0.100,9,No
1SGS vs 1SGS (control),258,,,0,800,0.011,0.100,8,Yes
1SGS vs 1SGS (control),259,1,oneSGS,10,30,0.015,0.100,8,No
1SGS vs 1SGS (control),260,,,0,800,0.008,0.100,8,Yes
1SGS vs 1SGS (control),261,,,0,800,0.005,0.100,8,Yes
1SGS vs 1SGS (control),262,,,0,800,0.008,0.100,8,Yes
1SGS vs 1SGS (control),263,2,oneSGS,10,31,0.014,0.100,9,No
1SGS vs 1SGS (control),264,,,0,800,0.008,0.100,8,Yes
1SGS vs 1SGS (control),265,1,oneSGS,10,34,0.005,0.100,8,No
1SGS vs 1SGS (control),266,0,oneSGS,10,33,0.017,0.100,8,No
1SGS vs 1SGS (control),267,1,oneSGS,10,26,0.019,0.100,6,No
1SGS vs 1SGS (control),268,,,0,800,0.011,0.100,8,Yes
1SGS vs 1SGS (control),269,1,oneSGS,15,38,0.021,0.100,7,No
1SGS vs 1SGS (control),270,,,0,800,0.008,0.100,7,Yes
1SGS vs 1SGS (control),271,1,oneSGS,10,46,0.012,0.100,9,No
1SGS vs 1SGS (control),272,0,oneSGS,10,9,0.009,0.100,7,No
1SGS vs 1SGS (control),273,1,oneSGS,10,30,0.012,0.100,8,No
1SGS vs 1SGS (control),274,3,oneSGS,10,32,0.016,0.100,9,No
1SGS vs 1SGS (control),275,1,oneSGS,10,26,0.014,0.100,8,No
1SGS vs 1SGS (control),276,,,0,800,0.007,0.100,7,Yes
1SGS vs 1SGS (control),277,,,0,800,0.010,0.100,6,Yes
1SGS vs 1SGS (control),278,0,oneSGS,10,33,0.023,0.100,6,No
1SGS vs 1SGS (control),279,,,0,800,0.014,0.200,6,Yes
1SGS vs 1SGS (control),280,3,oneSGS,10,48,0.014,0.100,8,No
1SGS vs 1SGS (control),281,,,0,800,0.019,0.100,8,Yes
1SGS vs 1SGS (control),282,3,oneSGS,10,16,0.026,0.100,7,No
1SGS vs 1SGS (control),283,,,0,800,0.009,0.100,8,Yes
1SGS vs 1SGS (control),284,0,oneSGS,10,37,0.009,0.100,9,No
1SGS vs 1SGS (control),285,1,oneSGS,10,22,0.012,0.100,7,No
1SGS vs 1SGS (control),286,,,0,800,0.006,0.100,7,Yes
1SGS vs 1SGS (control),287,0,oneSGS,15,45,0.013,0.100,8,No
1SGS vs 1SGS (control),288,,,0,800,0.009,0.100,8,Yes
1SGS vs 1SGS (control),289,3,oneSGS,10,24,0.011,0.100,8,No
1SGS vs 1SGS (control),290,3,oneSGS,10,48,0.006,0.100,9,No
1SGS vs 1SGS (control),291,1,oneSGS,10,14,0.019,0.200,6,No
1SGS vs 1SGS (control),292,,,0,800,0.014,0.100,7,Yes
1SGS vs 1SGS (control),293,1,oneSGS,10,34,0.022,0.100,7,No
1SGS vs 1SGS (control),294,,,0,800,0.011,0.100,8,Yes
1SGS vs 1SGS (control),295,,,0,800,0.018,0.200,8,Yes
1SGS vs 1SGS (control),296,1,oneSGS,10,30,0.020,0.200,9,No
1SGS vs 1SGS (control),297,1,oneSGS,10,6,0.033,0.100,5,No
1SGS vs 1SGS (control),298,3,oneSGS,10,4,0.000,0.000,5,No
1SGS vs 1SGS (control),299,0,oneSGS,15,29,0.019,0.100,8,No
1SGS vs 1SGS (control),300,0,oneSGS,10,33,0.014,0.100,8,No
1SGS vs 1SGS (control),301,1,oneSGS,10,6,0.037,0.100,5,No
1SGS vs 1SGS (control),302,0,oneSGS,15,25,0.007,0.100,8,No
1SGS vs 1SGS (control),303,2,oneSGS,10,35,0.010,0.100,8,No
1SGS vs 1SGS (control),304,1,oneSGS,10,22,0.007,0.100,9,No
1SGS vs 1SGS (control),305,0,oneSGS,10,29,0.018,0.100,8,No
1SGS vs 1SGS (control),306,,,0,800,0.011,0.100,8,Yes
1SGS vs 1SGS (control),307,,,0,800,0.008,0.100,8,Yes
1SGS vs 1SGS (control),308,,,0,800,0.008,0.100,7,Yes
1SGS vs 1SGS (control),309,1,oneSGS,10,30,0.017,0.100,6,No
1SGS vs 1SGS (control),310,,,0,800,0.009,0.100,8,Yes
1SGS vs 1SGS (control),311,,,0,800,0.008,0.100,8,Yes
1SGS vs 1SGS (control),312,,,0,800,0.008,0.100,8,Yes
1SGS vs 1SGS (control),313,,,0,800,0.014,0.100,7,Yes
1SGS vs 1SGS (control),314,3,oneSGS,10,40,0.007,0.100,7,No
1SGS vs 1SGS (control),315,,,0,800,0.010,0.100,8,Yes
1SGS vs 1SGS (control),316,1,oneSGS,10,38,0.010,0.100,8,No
1SGS vs 1SGS (control),317,0,oneSGS,10,25,0.014,0.100,7,No
1SGS vs 1SGS (control),318,,,0,800,0.008,0.100,8,Yes
1SGS vs 1SGS (control),319,2,oneSGS,15,35,0.008,0.100,8,No
1SGS vs 1SGS (control),320,3,oneSGS,10,32,0.011,0.100,6,No
1SGS vs 1SGS (control),321,1,oneSGS,10,6,0.022,0.100,6,No
1SGS vs 1SGS (control),322,2,oneSGS,15,7,0.022,0.100,6,No
1SGS vs 1SGS (control),323,2,oneSGS,10,47,0.016,0.100,7,No
1SGS vs 1SGS (control),324,,,0,800,0.014,0.200,8,Yes
1SGS vs 1SGS (control),325,3,oneSGS,10,40,0.002,0.100,9,No
1SGS vs 1SGS (control),326,2,oneSGS,10,43,0.007,0.100,8,No
1SGS vs 1SGS (control),327,0,oneSGS,10,21,0.017,0.100,5,No
1SGS vs 1SGS (control),328,3,oneSGS,15,32,0.006,0.100,6,No
1SGS vs 1SGS (control),329,1,oneSGS,10,38,0.010,0.100,9,No
1SGS vs 1SGS (control),330,3,oneSGS,10,28,0.012,0.100,8,No
1SGS vs 1SGS (control),331,,,0,800,0.011,0.100,8,Yes
1SGS vs 1SGS (control),332,,,0,800,0.007,0.100,8,Yes
1SGS vs 1SGS (control),333,1,oneSGS,15,38,0.009,0.100,9,No
1SGS vs 1SGS (control),334,1,oneSGS,10,18,0.010,0.100,8,No
1SGS vs 1SGS (control),335,1,oneSGS,10,18,0.018,0.100,5,No
1SGS vs 1SGS (control),336,2,oneSGS,15,39,0.009,0.100,9,No
1SGS vs 1SGS (control),337,,,0,800,0.010,0.100,8,Yes
1SGS vs 1SGS (control),338,1,oneSGS,10,18,0.020,0.100,6,No
1SGS vs 1SGS (control),339,3,oneSGS,10,44,0.010,0.100,9,No
1SGS vs 1SGS (control),340,,,0,800,0.006,0.100,7,Yes
1SGS vs 1SGS (control),341,1,oneSGS,10,30,0.006,0.100,8,No
1SGS vs 1SGS (control),342,,,0,800,0.005,0.100,8,Yes
1SGS vs 1SGS (control),343,0,oneSGS,10,5,0.029,0.100,5,No
1SGS vs 1SGS (control),344,2,oneSGS,15,35,0.008,0.100,9,No
1SGS vs 1SGS (control),345,2,oneSGS,10,27,0.013,0.100,8,No
1SGS vs 1SGS (control),346,,,0,800,0.013,0.100,8,Yes
1SGS vs 1SGS (control),347,,,0,800,0.010,0.100,8,Yes
1SGS vs 1SGS (control),348,,,0,800,0.009,0.100,8,Yes
1SGS vs 1SGS (control),349,,,0,800,0.006,0.100,8,Yes
1SGS vs 1SGS (control),350,2,oneSGS,10,47,0.006,0.100,9,No
1SGS vs 1SGS (control),351,1,oneSGS,15,26,0.014,0.100,9,No
1SGS vs 1SGS (control),352,,,0,800,0.009,0.100,8,Yes
1SGS vs 1SGS (control),353,,,0,800,0.013,0.100,8,Yes
1SGS vs 1SGS (control),354,,,0,800,0.006,0.100,8,Yes
1SGS vs 1SGS (control),355,0,oneSGS,10,33,0.014,0.100,8,No
1SGS vs 1SGS (control),356,,,0,800,0.011,0.100,8,Yes
1SGS vs 1SGS (control),357,,,0,800,0.013,0.100,7,Yes
1SGS vs 1SGS (control),358,1,oneSGS,15,30,0.011,0.100,9,No
1SGS vs 1SGS (control),359,0,oneSGS,10,5,0.000,0.000,4,No
1SGS vs 1SGS (control),360,,,0,800,0.010,0.100,7,Yes
1SGS vs 1SGS (control),361,1,oneSGS,10,46,0.008,0.100,9,No
1SGS vs 1SGS (control),362,,,0,800,0.009,0.100,7,Yes
1SGS vs 1SGS (control),363,1,oneSGS,10,46,0.012,0.100,8,No
1SGS vs 1SGS (control),364,3,oneSGS,10,36,0.013,0.100,8,No
1SGS vs 1SGS (control),365,2,oneSGS,10,15,0.024,0.100,5,No
1SGS vs 1SGS (control),366,,,0,800,0.012,0.200,8,Yes
1SGS vs 1SGS (control),367,,,0,800,0.013,0.100,7,Yes
1SGS vs 1SGS (control),368,1,oneSGS,10,38,0.016,0.100,9,No
1SGS vs 1SGS (control),369,0,oneSGS,10,33,0.014,0.100,7,No
1SGS vs 1SGS (control),370,,,0,800,0.006,0.100,7,Yes
1SGS vs 1SGS (control),371,,,0,800,0.011,0.100,7,Yes
1SGS vs 1SGS (control),372,,,0,800,0.007,0.100,8,Yes
1SGS vs 1SGS (control),373,,,0,800,0.012,0.100,8,Yes
1SGS vs 1SGS (control),374,,,0,800,0.009,0.100,7,Yes
1SGS vs 1SGS (control),375,,,0,800,0.011,0.100,8,Yes
1SGS vs 1SGS (control),376,,,0,800,0.008,0.100,8,Yes
1SGS vs 1SGS (control),377,2,oneSGS,10,39,0.012,0.100,9,No
1SGS vs 1SGS (control),378,0,oneSGS,15,41,0.011,0.100,7,No
1SGS vs 1SGS (control),379,,,0,800,0.006,0.100,7,Yes
1SGS vs 1SGS (control),380,,,0,800,0.009,0.100,7,Yes
1SGS vs 1SGS (control),381,1,oneSGS,15,26,0.011,0.100,6,No
1SGS vs 1SGS (control),382,3,oneSGS,15,40,0.012,0.100,7,No
1SGS vs 1SGS (control),383,,,0,800,0.007,0.100,8,Yes
1SGS vs 1SGS (control),384,1,oneSGS,10,18,0.015,0.100,7,No
1SGS vs 1SGS (control),385,0,oneSGS,10,45,0.012,0.100,8,No
1SGS vs 1SGS (control),386,2,oneSGS,10,11,0.029,0.100,8,No
1SGS vs 1SGS (control),387,,,0,800,0.007,0.100,6,Yes
1SGS vs 1SGS (control),388,2,oneSGS,15,47,0.002,0.100,9,No
1SGS vs 1SGS (control),389,2,oneSGS,10,27,0.015,0.100,9,No
1SGS vs 1SGS (control),390,1,oneSGS,10,18,0.018,0.100,6,No
1SGS vs 1SGS (control),391,,,0,800,0.009,0.100,8,Yes
1SGS vs 1SGS (control),392,1,oneSGS,10,38,0.010,0.100,7,No
1SGS vs 1SGS (control),393,,,0,800,0.009,0.100,8,Yes
1SGS vs 1SGS (control),394,,,0,800,0.004,0.100,7,Yes
1SGS vs 1SGS (control),395,3,oneSGS,15,44,0.012,0.200,9,No
1SGS vs 1SGS (control),396,1,oneSGS,15,42,0.013,0.100,8,No
1SGS vs 1SGS (control),397,,,0,800,0.012,0.100,7,Yes
1SGS vs 1SGS (control),398,,,0,800,0.008,0.100,8,Yes
1SGS vs 1SGS (control),399,,,0,800,0.007,0.100,6,Yes
1SGS vs 1SGS (control),400,,,0,800,0.009,0.100,8,Yes
1SGS vs 1SGS (control),401,3,oneSGS,15,12,0.015,0.100,4,No
1SGS vs 1SGS (control),402,0,oneSGS,10,13,0.019,0.100,5,No
1SGS vs 1SGS (control),403,,,0,800,0.006,0.100,8,Yes
1SGS vs 1SGS (control),404,,,0,800,0.005,0.100,8,Yes
1SGS vs 1SGS (control),405,3,oneSGS,10,40,0.012,0.100,9,No
1SGS vs 1SGS (control),406,0,oneSGS,15,33,0.021,0.200,8,No
1SGS vs 1SGS (control),407,0,oneSGS,10,21,0.015,0.100,9,No
1SGS vs 1SGS (control),408,1,oneSGS,10,30,0.011,0.100,8,No
1SGS vs 1SGS (control),409,,,0,800,0.009,0.100,7,Yes
1SGS vs 1SGS (control),410,,,0,800,0.004,0.100,7,Yes
1SGS vs 1SGS (control),411,3,oneSGS,10,20,0.014,0.100,4,No
1SGS vs 1SGS (control),412,3,oneSGS,10,44,0.009,0.100,8,No
1SGS vs 1SGS (control),413,,,0,800,0.006,0.100,8,Yes
1SGS vs 1SGS (control),414,2,oneSGS,10,31,0.009,0.100,9,No
1SGS vs 1SGS (control),415,1,oneSGS,10,22,0.016,0.100,7,No
1SGS vs 1SGS (control),416,,,0,800,0.005,0.100,8,Yes
1SGS vs 1SGS (control),417,1,oneSGS,10,14,0.006,0.100,7,No
1SGS vs 1SGS (control),418,3,oneSGS,10,20,0.023,0.100,6,No
1SGS vs 1SGS (control),419,,,0,800,0.011,0.100,8,Yes
1SGS vs 1SGS (control),420,1,oneSGS,10,22,0.022,0.100,7,No
1SGS vs 1SGS (control),421,1,oneSGS,15,42,0.011,0.100,9,No
1SGS vs 1SGS (control),422,3,oneSGS,10,36,0.010,0.100,7,No
1SGS vs 1SGS (control),423,2,oneSGS,10,31,0.006,0.100,8,No
1SGS vs 1SGS (control),424,0,oneSGS,10,45,0.006,0.100,9,No
1SGS vs 1SGS (control),425,2,oneSGS,10,27,0.007,0.100,6,No
1SGS vs 1SGS (control),426,,,0,800,0.009,0.100,8,Yes
1SGS vs 1SGS (control),427,0,oneSGS,10,29,0.015,0.100,9,No
1SGS vs 1SGS (control),428,2,oneSGS,10,31,0.015,0.100,7,No
1SGS vs 1SGS (control),429,,,0,800,0.009,0.100,8,Yes
1SGS vs 1SGS (control),430,0,oneSGS,15,13,0.015,0.100,5,No
1SGS vs 1SGS (control),431,2,oneSGS,10,23,0.014,0.100,7,No
1SGS vs 1SGS (control),432,0,oneSGS,10,29,0.012,0.100,9,No
1SGS vs 1SGS (control),433,2,oneSGS,10,35,0.008,0.100,9,No
1SGS vs 1SGS (control),434,,,0,800,0.006,0.100,8,Yes
1SGS vs 1SGS (control),435,0,oneSGS,10,17,0.014,0.200,6,No
1SGS vs 1SGS (control),436,0,oneSGS,10,37,0.036,0.300,9,No
1SGS vs 1SGS (control),437,0,oneSGS,10,33,0.041,0.200,9,No
1SGS vs 1SGS (control),438,,,0,800,0.033,0.200,8,Yes
1SGS vs 1SGS (control),439,0,oneSGS,10,29,0.043,0.200,8,No
1SGS vs 1SGS (control),440,,,0,800,0.032,0.200,8,Yes
1SGS vs 1SGS (control),441,,,0,800,0.030,0.200,7,Yes
1SGS vs 1SGS (control),442,2,oneSGS,10,27,0.020,0.100,8,No
1SGS vs 1SGS (control),443,2,oneSGS,10,23,0.007,0.100,9,No
1SGS vs 1SGS (control),444,0,oneSGS,15,5,0.000,0.000,3,No
1SGS vs 1SGS (control),445,2,oneSGS,15,23,0.017,0.100,7,No
1SGS vs 1SGS (control),446,0,oneSGS,10,37,0.012,0.200,8,No
1SGS vs 1SGS (control),447,,,0,800,0.009,0.100,8,Yes
1SGS vs 1SGS (control),448,,,0,800,0.008,0.100,8,Yes
1SGS vs 1SGS (control),449,2,oneSGS,10,15,0.018,0.100,5,No
1SGS vs 1SGS (control),450,2,oneSGS,15,7,0.022,0.100,5,No
1SGS vs 1SGS (control),451,1,oneSGS,10,34,0.011,0.100,7,No
1SGS vs 1SGS (control),452,0,oneSGS,15,25,0.014,0.100,8,No
1SGS vs 1SGS (control),453,0,oneSGS,10,21,0.013,0.100,7,No
1SGS vs 1SGS (control),454,,,0,800,0.003,0.100,8,Yes
1SGS vs 1SGS (control),455,2,oneSGS,10,15,0.006,0.100,6,No
1SGS vs 1SGS (control),456,2,oneSGS,15,23,0.023,0.200,7,No
1SGS vs 1SGS (control),457,3,oneSGS,10,28,0.010,0.100,7,No
1SGS vs 1SGS (control),458,1,oneSGS,10,38,0.010,0.100,8,No
1SGS vs 1SGS (control),459,,,0,800,0.007,0.100,7,Yes
1SGS vs 1SGS (control),460,1,oneSGS,10,18,0.015,0.100,5,No
1SGS vs 1SGS (control),461,2,oneSGS,10,47,0.010,0.100,8,No
1SGS vs 1SGS (control),462,0,oneSGS,15,25,0.010,0.100,8,No
1SGS vs 1SGS (control),463,2,oneSGS,15,27,0.007,0.100,8,No
1SGS vs 1SGS (control),464,1,oneSGS,10,38,0.011,0.100,8,No
1SGS vs 1SGS (control),465,,,0,800,0.011,0.100,8,Yes
1SGS vs 1SGS (control),466,1,oneSGS,10,46,0.013,0.100,9,No
1SGS vs 1SGS (control),467,,,0,800,0.004,0.100,7,Yes
1SGS vs 1SGS (control),468,1,oneSGS,15,14,0.018,0.100,7,No
1SGS vs 1SGS (control),469,1,oneSGS,15,38,0.012,0.100,7,No
1SGS vs 1SGS (control),470,0,oneSGS,15,25,0.012,0.100,6,No
1SGS vs 1SGS (control),471,0,oneSGS,10,37,0.010,0.100,7,No
1SGS vs 1SGS (control),472,,,0,800,0.006,0.100,7,Yes
1SGS vs 1SGS (control),473,,,0,800,0.005,0.100,8,Yes
1SGS vs 1SGS (control),474,1,oneSGS,10,38,0.012,0.100,8,No
1SGS vs 1SGS (control),475,,,0,800,0.010,0.100,7,Yes
1SGS vs 1SGS (control),476,1,oneSGS,10,34,0.014,0.100,7,No
1SGS vs 1SGS (control),477,2,oneSGS,10,31,0.023,0.100,7,No
1SGS vs 1SGS (control),478,1,oneSGS,10,14,0.025,0.100,6,No
1SGS vs 1SGS (control),479,2,oneSGS,10,43,0.012,0.100,8,No
1SGS vs 1SGS (control),480,,,0,800,0.004,0.100,7,Yes
1SGS vs 1SGS (control),481,1,oneSGS,15,26,0.050,0.300,8,No
1SGS vs 1SGS (control),482,,,0,800,0.024,0.100,8,Yes
1SGS vs 1SGS (control),483,1,oneSGS,10,22,0.065,0.300,7,No
1SGS vs 1SGS (control),484,0,oneSGS,10,33,0.058,0.300,9,No
1SGS vs 1SGS (control),485,,,0,800,0.021,0.100,8,Yes
1SGS vs 1SGS (control),486,3,oneSGS,10,36,0.032,0.100,7,No
1SGS vs 1SGS (control),487,2,oneSGS,15,23,0.024,0.100,5,No
1SGS vs 1SGS (control),488,3,oneSGS,10,44,0.016,0.100,8,No
1SGS vs 1SGS (control),489,,,0,800,0.017,0.100,8,Yes
1SGS vs 1SGS (control),490,,,0,800,0.016,0.200,8,Yes
1SGS vs 1SGS (control),491,,,0,800,0.005,0.100,8,Yes
1SGS vs 1SGS (control),492,,,0,800,0.011,0.100,7,Yes
1SGS vs 1SGS (control),493,0,oneSGS,15,9,0.009,0.100,7,No
1SGS vs 1SGS (control),494,,,0,800,0.009,0.100,6,Yes
1SGS vs 1SGS (control),495,,,0,800,0.003,0.100,8,Yes
1SGS vs 1SGS (control),496,1,oneSGS,10,38,0.040,0.200,6,No
1SGS vs 1SGS (control),497,,,0,800,0.026,0.200,8,Yes
1SGS vs 1SGS (control),498,1,oneSGS,15,38,0.020,0.300,8,No
1SGS vs 1SGS (control),499,1,oneSGS,10,18,0.021,0.100,5,No
1SGS vs 1SGS (control),500,3,oneSGS,10,44,0.020,0.100,9,No
1SGS vs 1SGS (control),501,1,oneSGS,10,38,0.022,0.200,8,No
1SGS vs 1SGS (control),502,2,oneSGS,10,35,0.011,0.100,8,No
1SGS vs 1SGS (control),503,2,oneSGS,10,19,0.018,0.100,5,No
1SGS vs 1SGS (control),504,2,oneSGS,10,35,0.015,0.100,8,No
1SGS vs 1SGS (control),505,1,oneSGS,15,18,0.015,0.100,8,No
1SGS vs 1SGS (control),506,,,0,800,0.006,0.100,8,Yes
1SGS vs 1SGS (control),507,0,oneSGS,10,45,0.006,0.100,9,No
1SGS vs 1SGS (control),508,,,0,800,0.012,0.100,8,Yes
1SGS vs 1SGS (control),509,3,oneSGS,10,20,0.009,0.100,7,No
1SGS vs 1SGS (control),510,1,oneSGS,10,14,0.017,0.100,6,No
1SGS vs 1SGS (control),511,,,0,800,0.006,0.100,8,Yes
1SGS vs 1SGS (control),512,,,0,800,0.007,0.100,8,Yes
1SGS vs 1SGS (control),513,,,0,800,0.007,0.100,8,Yes
1SGS vs 1SGS (control),514,,,0,800,0.007,0.100,8,Yes
1SGS vs 1SGS (control),515,2,oneSGS,10,47,0.008,0.100,8,No
1SGS vs 1SGS (control),516,1,oneSGS,10,6,0.037,0.100,4,No
1SGS vs 1SGS (control),517,,,0,800,0.008,0.200,8,Yes
1SGS vs 1SGS (control),518,2,oneSGS,10,39,0.016,0.100,8,No
1SGS vs 1SGS (control),519,1,oneSGS,10,26,0.010,0.100,8,No
1SGS vs 1SGS (control),520,,,0,800,0.008,0.100,8,Yes
1SGS vs 1SGS (control),521,0,oneSGS,10,25,0.017,0.100,7,No
1SGS vs 1SGS (control),522,,,0,800,0.007,0.100,6,Yes
1SGS vs 1SGS (control),523,2,oneSGS,10,11,0.007,0.100,5,No
1SGS vs 1SGS (control),524,2,oneSGS,15,11,0.015,0.100,5,No
1SGS vs 1SGS (control),525,2,oneSGS,10,23,0.019,0.100,7,No
1SGS vs 1SGS (control),526,1,oneSGS,10,30,0.024,0.100,5,No
1SGS vs 1SGS (control),527,2,oneSGS,15,15,0.020,0.100,6,No
1SGS vs 1SGS (control),528,,,0,800,0.008,0.100,8,Yes
1SGS vs 1SGS (control),529,3,oneSGS,10,28,0.018,0.100,8,No
1SGS vs 1SGS (control),530,2,oneSGS,10,19,0.009,0.100,7,No
1SGS vs 1SGS (control),531,1,oneSGS,10,14,0.006,0.100,8,No
1SGS vs 1SGS (control),532,3,oneSGS,10,48,0.004,0.100,9,No
1SGS vs 1SGS (control),533,0,oneSGS,10,17,0.024,0.100,7,No
1SGS vs 1SGS (control),534,1,oneSGS,10,26,0.007,0.100,7,No
1SGS vs 1SGS (control),535,,,0,800,0.007,0.100,8,Yes
1SGS vs 1SGS (control),536,2,oneSGS,10,19,0.010,0.100,6,No
1SGS vs 1SGS (control),537,,,0,800,0.005,0.100,8,Yes
1SGS vs 1SGS (control),538,,,0,800,0.008,0.100,7,Yes
1SGS vs 1SGS (control),539,0,oneSGS,10,9,0.009,0.100,7,No
1SGS vs 1SGS (control),540,,,0,800,0.008,0.100,7,Yes
1SGS vs 1SGS (control),541,2,oneSGS,10,19,0.019,0.200,5,No
1SGS vs 1SGS (control),542,1,oneSGS,10,34,0.010,0.100,9,No
1SGS vs 1SGS (control),543,1,oneSGS,10,10,0.018,0.100,4,No
1SGS vs 1SGS (control),544,,,0,800,0.007,0.100,7,Yes
1SGS vs 1SGS (control),545,,,0,800,0.009,0.100,8,Yes
1SGS vs 1SGS (control),546,,,0,800,0.010,0.100,7,Yes
1SGS vs 1SGS (control),547,1,oneSGS,10,6,0.029,0.100,4,No
1SGS vs 1SGS (control),548,0,oneSGS,10,29,0.016,0.100,7,No
1SGS vs 1SGS (control),549,,,0,800,0.012,0.200,8,Yes
1SGS vs 1SGS (control),550,1,oneSGS,10,26,0.011,0.100,8,No
1SGS vs 1SGS (control),551,2,oneSGS,15,31,0.013,0.200,6,No
1SGS vs 1SGS (control),552,2,oneSGS,15,27,0.010,0.100,8,No
1SGS vs 1SGS (control),553,,,0,800,0.005,0.100,8,Yes
1SGS vs 1SGS (control),554,0,oneSGS,10,29,0.003,0.100,8,No
1SGS vs 1SGS (control),555,2,oneSGS,10,31,0.011,0.100,9,No
1SGS vs 1SGS (control),556,0,oneSGS,10,33,0.016,0.100,9,No
1SGS vs 1SGS (control),557,2,oneSGS,10,7,0.013,0.100,5,No
1SGS vs 1SGS (control),558,,,0,800,0.008,0.100,8,Yes
1SGS vs 1SGS (control),559,3,oneSGS,10,16,0.011,0.100,7,No
1SGS vs 1SGS (control),560,,,0,800,0.009,0.100,7,Yes
1SGS vs 1SGS (control),561,3,oneSGS,10,28,0.009,0.100,9,No
1SGS vs 1SGS (control),562,2,oneSGS,10,39,0.007,0.100,9,No
1SGS vs 1SGS (control),563,3,oneSGS,10,32,0.008,0.100,8,No
1SGS vs 1SGS (control),564,1,oneSGS,15,42,0.006,0.100,9,No
1SGS vs 1SGS (control),565,1,oneSGS,10,26,0.004,0.100,8,No
1SGS vs 1SGS (control),566,,,0,800,0.004,0.100,8,Yes
1SGS vs 1SGS (control),567,0,oneSGS,10,21,0.012,0.100,7,No
1SGS vs 1SGS (control),568,0,oneSGS,10,29,0.006,0.100,7,No
1SGS vs 1SGS (control),569,2,oneSGS,15,47,0.010,0.100,9,No
1SGS vs 1SGS (control),570,,,0,800,0.012,0.100,7,Yes
1SGS vs 1SGS (control),571,,,0,800,0.006,0.100,8,Yes
1SGS vs 1SGS (control),572,,,0,800,0.009,0.100,8,Yes
1SGS vs 1SGS (control),573,2,oneSGS,15,47,0.010,0.100,9,No
1SGS vs 1SGS (control),574,,,0,800,0.008,0.100,7,Yes
1SGS vs 1SGS (control),575,3,oneSGS,10,20,0.017,0.100,7,No
1SGS vs 1SGS (control),576,,,0,800,0.009,0.100,8,Yes
1SGS vs 1SGS (control),577,,,0,800,0.008,0.100,8,Yes
1SGS vs 1SGS (control),578,0,oneSGS,10,21,0.013,0.100,6,No
1SGS vs 1SGS (control),579,2,oneSGS,10,15,0.018,0.100,7,No
1SGS vs 1SGS (control),580,1,oneSGS,10,14,0.006,0.100,6,No
1SGS vs 1SGS (control),581,2,oneSGS,10,19,0.024,0.100,8,No
1SGS vs 1SGS (control),582,3,oneSGS,15,40,0.010,0.100,7,No
1SGS vs 1SGS (control),583,1,oneSGS,10,46,0.010,0.100,9,No
1SGS vs 1SGS (control),584,,,0,800,0.002,0.100,8,Yes
1SGS vs 1SGS (control),585,,,0,800,0.008,0.100,8,Yes
1SGS vs 1SGS (control),586,2,oneSGS,10,31,0.008,0.100,9,No
1SGS vs 1SGS (control),587,,,0,800,0.006,0.100,8,Yes
1SGS vs 1SGS (control),588,1,oneSGS,10,6,0.020,0.100,5,No
1SGS vs 1SGS (control),589,2,oneSGS,10,35,0.011,0.100,9,No
1SGS vs 1SGS (control),590,1,oneSGS,10,26,0.012,0.100,8,No
1SGS vs 1SGS (control),591,,,0,800,0.015,0.100,7,Yes
1SGS vs 1SGS (control),592,1,oneSGS,10,30,0.013,0.100,7,No
1SGS vs 1SGS (control),593,3,oneSGS,10,32,0.021,0.100,9,No
1SGS vs 1SGS (control),594,0,oneSGS,10,29,0.006,0.100,9,No
1SGS vs 1SGS (control),595,,,0,800,0.012,0.100,7,Yes
1SGS vs 1SGS (control),596,3,oneSGS,15,12,0.017,0.200,5,No
1SGS vs 1SGS (control),597,0,oneSGS,10,17,0.010,0.100,8,No
1SGS vs 1SGS (control),598,3,oneSGS,10,12,0.031,0.100,6,No
1SGS vs 1SGS (control),599,2,oneSGS,10,43,0.011,0.100,8,No
1SGS vs 1SGS (control),600,0,oneSGS,10,17,0.028,0.100,5,No
1SGS vs 1SGS (control),601,,,0,800,0.011,0.100,7,Yes
1SGS vs 1SGS (control),602,2,oneSGS,10,27,0.013,0.100,8,No
1SGS vs 1SGS (control),603,3,oneSGS,15,20,0.014,0.100,5,No
1SGS vs 1SGS (control),604,3,oneSGS,10,28,0.012,0.100,9,No
1SGS vs 1SGS (control),605,1,oneSGS,10,26,0.018,0.100,6,No
1SGS vs 1SGS (control),606,,,0,800,0.009,0.100,8,Yes
1SGS vs 1SGS (control),607,1,oneSGS,10,22,0.011,0.100,8,No
1SGS vs 1SGS (control),608,2,oneSGS,10,15,0.006,0.100,7,No
1SGS vs 1SGS (control),609,2,oneSGS,10,19,0.014,0.100,7,No
1SGS vs 1SGS (control),610,,,0,800,0.012,0.100,6,Yes
1SGS vs 1SGS (control),611,,,0,800,0.012,0.100,7,Yes
1SGS vs 1SGS (control),612,2,oneSGS,15,39,0.007,0.100,9,No
1SGS vs 1SGS (control),613,2,oneSGS,15,27,0.010,0.100,9,No
1SGS vs 1SGS (control),614,0,oneSGS,15,33,0.011,0.100,7,No
1SGS vs 1SGS (control),615,0,oneSGS,15,17,0.022,0.100,5,No
1SGS vs 1SGS (control),616,,,0,800,0.011,0.100,8,Yes
1SGS vs 1SGS (control),617,,,0,800,0.006,0.100,8,Yes
1SGS vs 1SGS (control),618,1,oneSGS,10,14,0.013,0.100,4,No
1SGS vs 1SGS (control),619,3,oneSGS,10,36,0.017,0.100,9,No
1SGS vs 1SGS (control),620,2,oneSGS,15,15,0.012,0.100,6,No
1SGS vs 1SGS (control),621,0,oneSGS,15,25,0.017,0.100,9,No
1SGS vs 1SGS (control),622,3,oneSGS,10,24,0.015,0.100,6,No
1SGS vs 1SGS (control),623,3,oneSGS,10,28,0.018,0.100,9,No
1SGS vs 1SGS (control),624,,,0,800,0.007,0.100,8,Yes
1SGS vs 1SGS (control),625,,,0,800,0.009,0.100,8,Yes
1SGS vs 1SGS (control),626,,,0,800,0.011,0.200,8,Yes
1SGS vs 1SGS (control),627,,,0,800,0.013,0.100,7,Yes
1SGS vs 1SGS (control),628,,,0,800,0.011,0.100,8,Yes
1SGS vs 1SGS (control),629,1,oneSGS,10,34,0.018,0.100,9,No
1SGS vs 1SGS (control),630,0,oneSGS,10,37,0.012,0.100,7,No
1SGS vs 1SGS (control),631,2,oneSGS,10,47,0.014,0.200,9,No
1SGS vs 1SGS (control),632,,,0,800,0.012,0.100,8,Yes
1SGS vs 1SGS (control),633,,,0,800,0.010,0.100,6,Yes
1SGS vs 1SGS (control),634,2,oneSGS,10,23,0.015,0.100,8,No
1SGS vs 1SGS (control),635,3,oneSGS,10,24,0.021,0.100,8,No
1SGS vs 1SGS (control),636,,,0,800,0.006,0.100,8,Yes
1SGS vs 1SGS (control),637,,,0,800,0.004,0.100,7,Yes
1SGS vs 1SGS (control),638,2,oneSGS,15,19,0.018,0.100,7,No
1SGS vs 1SGS (control),639,2,oneSGS,10,7,0.013,0.100,8,No
1SGS vs 1SGS (control),640,0,oneSGS,10,25,0.010,0.100,7,No
1SGS vs 1SGS (control),641,0,oneSGS,10,37,0.017,0.100,8,No
1SGS vs 1SGS (control),642,,,0,800,0.006,0.100,8,Yes
1SGS vs 1SGS (control),643,0,oneSGS,10,25,0.011,0.100,7,No
1SGS vs 1SGS (control),644,1,oneSGS,10,26,0.017,0.100,9,No
1SGS vs 1SGS (control),645,,,0,800,0.003,0.100,8,Yes
1SGS vs 1SGS (control),646,,,0,800,0.013,0.100,7,Yes
1SGS vs 1SGS (control),647,3,oneSGS,10,32,0.008,0.100,9,No
1SGS vs 1SGS (control),648,1,oneSGS,15,18,0.010,0.100,8,No
1SGS vs 1SGS (control),649,2,oneSGS,10,35,0.013,0.100,7,No
1SGS vs 1SGS (control),650,3,oneSGS,15,12,0.020,0.100,7,No
1SGS vs 1SGS (control),651,0,oneSGS,10,21,0.023,0.200,5,No
1SGS vs 1SGS (control),652,3,oneSGS,10,28,0.012,0.100,7,No
1SGS vs 1SGS (control),653,0,oneSGS,10,33,0.008,0.100,9,No
1SGS vs 1SGS (control),654,2,oneSGS,10,23,0.015,0.100,8,No
1SGS vs 1SGS (control),655,0,oneSGS,15,29,0.006,0.100,8,No
1SGS vs 1SGS (control),656,2,oneSGS,10,35,0.013,0.100,7,No
1SGS vs 1SGS (control),657,3,oneSGS,10,36,0.007,0.100,9,No
1SGS vs 1SGS (control),658,3,oneSGS,15,28,0.014,0.100,7,No
1SGS vs 1SGS (control),659,3,oneSGS,15,40,0.007,0.100,9,No
1SGS vs 1SGS (control),660,3,oneSGS,10,16,0.016,0.100,7,No
1SGS vs 1SGS (control),661,2,oneSGS,10,47,0.012,0.100,9,No
1SGS vs 1SGS (control),662,,,0,800,0.006,0.100,8,Yes
1SGS vs 1SGS (control),663,0,oneSGS,10,17,0.026,0.100,8,No
1SGS vs 1SGS (control),664,,,0,800,0.011,0.100,8,Yes
1SGS vs 1SGS (control),665,0,oneSGS,10,37,0.015,0.100,6,No
1SGS vs 1SGS (control),666,2,oneSGS,15,23,0.024,0.100,6,No
1SGS vs 1SGS (control),667,,,0,800,0.009,0.100,8,Yes
1SGS vs 1SGS (control),668,3,oneSGS,10,16,0.011,0.100,8,No
1SGS vs 1SGS (control),669,3,oneSGS,10,36,0.008,0.100,9,No
1SGS vs 1SGS (control),670,,,0,800,0.009,0.100,8,Yes
1SGS vs 1SGS (control),671,1,oneSGS,10,26,0.017,0.200,7,No
1SGS vs 1SGS (control),672,,,0,800,0.010,0.100,8,Yes
1SGS vs 1SGS (control),673,,,0,800,0.011,0.100,8,Yes
1SGS vs 1SGS (control),674,1,oneSGS,10,34,0.005,0.100,9,No
1SGS vs 1SGS (control),675,,,0,800,0.008,0.100,7,Yes
1SGS vs 1SGS (control),676,,,0,800,0.009,0.100,7,Yes
1SGS vs 1SGS (control),677,1,oneSGS,10,42,0.010,0.100,8,No
1SGS vs 1SGS (control),678,1,oneSGS,10,26,0.014,0.100,8,No
1SGS vs 1SGS (control),679,,,0,800,0.006,0.100,8,Yes
1SGS vs 1SGS (control),680,,,0,800,0.009,0.100,7,Yes
1SGS vs 1SGS (control),681,2,oneSGS,10,27,0.045,0.200,9,No
1SGS vs 1SGS (control),682,,,0,800,0.037,0.200,7,Yes
1SGS vs 1SGS (control),683,2,oneSGS,10,27,0.048,0.300,9,No
1SGS vs 1SGS (control),684,3,oneSGS,15,32,0.041,0.200,6,No
1SGS vs 1SGS (control),685,3,oneSGS,10,28,0.068,0.200,7,No
1SGS vs 1SGS (control),686,,,0,800,0.013,0.300,8,Yes
1SGS vs 1SGS (control),687,3,oneSGS,15,44,0.029,0.400,9,No
1SGS vs 1SGS (control),688,1,oneSGS,10,10,0.017,0.100,8,No
1SGS vs 1SGS (control),689,1,oneSGS,10,30,0.034,0.100,7,No
1SGS vs 1SGS (control),690,,,0,800,0.024,0.200,7,Yes
1SGS vs 1SGS (control),691,,,0,800,0.010,0.200,7,Yes
1SGS vs 1SGS (control),692,1,oneSGS,10,30,0.006,0.100,9,No
1SGS vs 1SGS (control),693,0,oneSGS,10,25,0.015,0.100,8,No
1SGS vs 1SGS (control),694,2,oneSGS,10,35,0.013,0.100,9,No
1SGS vs 1SGS (control),695,,,0,800,0.006,0.100,7,Yes
1SGS vs 1SGS (control),696,,,0,800,0.016,0.200,7,Yes
1SGS vs 1SGS (control),697,3,oneSGS,15,44,0.025,0.200,9,No
1SGS vs 1SGS (control),698,3,oneSGS,15,32,0.037,0.200,7,No
1SGS vs 1SGS (control),699,1,oneSGS,10,34,0.016,0.100,8,No
1SGS vs 1SGS (control),700,0,oneSGS,15,29,0.030,0.100,6,No
1SGS vs 1SGS (control),701,3,oneSGS,15,20,0.033,0.200,8,No
1SGS vs 1SGS (control),702,1,oneSGS,15,34,0.029,0.200,6,No
1SGS vs 1SGS (control),703,1,oneSGS,10,26,0.020,0.200,9,No
1SGS vs 1SGS (control),704,,,0,800,0.014,0.100,8,Yes
1SGS vs 1SGS (control),705,,,0,800,0.015,0.100,8,Yes
1SGS vs 1SGS (control),706,3,oneSGS,15,28,0.022,0.100,8,No
1SGS vs 1SGS (control),707,,,0,800,0.014,0.100,8,Yes
1SGS vs 1SGS (control),708,0,oneSGS,15,13,0.013,0.100,6,No
1SGS vs 1SGS (control),709,2,oneSGS,10,43,0.009,0.100,9,No
1SGS vs 1SGS (control),710,,,0,800,0.009,0.200,8,Yes
1SGS vs 1SGS (control),711,1,oneSGS,15,30,0.020,0.200,9,No
1SGS vs 1SGS (control),712,2,oneSGS,10,31,0.014,0.100,8,No
1SGS vs 1SGS (control),713,,,0,800,0.012,0.100,8,Yes
1SGS vs 1SGS (control),714,0,oneSGS,10,17,0.020,0.100,8,No
1SGS vs 1SGS (control),715,,,0,800,0.009,0.100,8,Yes
1SGS vs 1SGS (control),716,,,0,800,0.006,0.100,8,Yes
1SGS vs 1SGS (control),717,,,0,800,0.006,0.100,8,Yes
1SGS vs 1SGS (control),718,3,oneSGS,15,28,0.017,0.100,7,No
1SGS vs 1SGS (control),719,1,oneSGS,10,34,0.008,0.100,8,No
1SGS vs 1SGS (control),720,1,oneSGS,10,30,0.014,0.100,9,No
1SGS vs 1SGS (control),721,,,0,800,0.009,0.100,8,Yes
1SGS vs 1SGS (control),722,0,oneSGS,10,21,0.004,0.100,7,No
1SGS vs 1SGS (control),723,1,oneSGS,10,38,0.010,0.100,9,No
1SGS vs 1SGS (control),724,3,oneSGS,10,44,0.011,0.100,7,No
1SGS vs 1SGS (control),725,1,oneSGS,10,38,0.010,0.100,9,No
1SGS vs 1SGS (control),726,,,0,800,0.027,0.200,8,Yes
1SGS vs 1SGS (control),727,2,oneSGS,10,35,0.053,0.200,9,No
1SGS vs 1SGS (control),728,2,oneSGS,10,27,0.057,0.200,7,No
1SGS vs 1SGS (control),729,2,oneSGS,10,23,0.080,0.500,7,No
1SGS vs 1SGS (control),730,0,oneSGS,10,33,0.049,0.200,7,No
1SGS vs 1SGS (control),731,,,0,800,0.007,0.100,8,Yes
1SGS vs 1SGS (control),732,1,oneSGS,10,46,0.009,0.100,9,No
1SGS vs 1SGS (control),733,,,0,800,0.009,0.100,8,Yes
1SGS vs 1SGS (control),734,0,oneSGS,15,5,0.000,0.000,6,No
1SGS vs 1SGS (control),735,,,0,800,0.007,0.100,8,Yes
1SGS vs 1SGS (control),736,,,0,800,0.009,0.100,8,Yes
1SGS vs 1SGS (control),737,0,oneSGS,15,37,0.010,0.100,8,No
1SGS vs 1SGS (control),738,0,oneSGS,15,9,0.011,0.100,4,No
1SGS vs 1SGS (control),739,,,0,800,0.006,0.100,7,Yes
1SGS vs 1SGS (control),740,3,oneSGS,10,48,0.009,0.100,8,No
1SGS vs 1SGS (control),741,1,oneSGS,10,42,0.013,0.100,8,No
1SGS vs 1SGS (control),742,2,oneSGS,10,19,0.014,0.100,8,No
1SGS vs 1SGS (control),743,,,0,800,0.009,0.100,8,Yes
1SGS vs 1SGS (control),744,0,oneSGS,15,37,0.010,0.100,8,No
1SGS vs 1SGS (control),745,0,oneSGS,15,17,0.011,0.100,6,No
1SGS vs 1SGS (control),746,,,0,800,0.005,0.100,8,Yes
1SGS vs 1SGS (control),747,,,0,800,0.006,0.100,8,Yes
1SGS vs 1SGS (control),748,,,0,800,0.012,0.100,8,Yes
1SGS vs 1SGS (control),749,0,oneSGS,15,37,0.007,0.100,9,No
1SGS vs 1SGS (control),750,0,oneSGS,15,21,0.013,0.100,9,No
1SGS vs 1SGS (control),751,2,oneSGS,10,23,0.007,0.100,9,No
1SGS vs 1SGS (control),752,,,0,800,0.006,0.100,8,Yes
1SGS vs 1SGS (control),753,2,oneSGS,10,39,0.009,0.100,8,No
1SGS vs 1SGS (control),754,0,oneSGS,10,37,0.012,0.100,9,No
1SGS vs 1SGS (control),755,0,oneSGS,15,13,0.013,0.100,7,No
1SGS vs 1SGS (control),756,,,0,800,0.014,0.200,7,Yes
1SGS vs 1SGS (control),757,,,0,800,0.008,0.100,7,Yes
1SGS vs 1SGS (control),758,,,0,800,0.009,0.100,8,Yes
1SGS vs 1SGS (control),759,3,oneSGS,15,16,0.013,0.100,7,No
1SGS vs 1SGS (control),760,2,oneSGS,15,19,0.019,0.100,7,No
1SGS vs 1SGS (control),761,0,oneSGS,10,45,0.010,0.100,8,No
1SGS vs 1SGS (control),762,,,0,800,0.009,0.100,8,Yes
1SGS vs 1SGS (control),763,1,oneSGS,10,38,0.012,0.100,9,No
1SGS vs 1SGS (control),764,0,oneSGS,10,21,0.008,0.100,8,No
1SGS vs 1SGS (control),765,,,0,800,0.006,0.100,8,Yes
1SGS vs 1SGS (control),766,,,0,800,0.008,0.100,8,Yes
1SGS vs 1SGS (control),767,,,0,800,0.009,0.100,8,Yes
1SGS vs 1SGS (control),768,,,0,800,0.007,0.100,8,Yes
1SGS vs 1SGS (control),769,,,0,800,0.003,0.100,8,Yes
1SGS vs 1SGS (control),770,,,0,800,0.011,0.100,7,Yes
1SGS vs 1SGS (control),771,3,oneSGS,15,44,0.010,0.100,9,No
1SGS vs 1SGS (control),772,1,oneSGS,10,18,0.005,0.100,8,No
1SGS vs 1SGS (control),773,,,0,800,0.009,0.100,7,Yes
1SGS vs 1SGS (control),774,2,oneSGS,15,27,0.007,0.100,7,No
1SGS vs 1SGS (control),775,,,0,800,0.008,0.100,8,Yes
1SGS vs 1SGS (control),776,,,0,800,0.015,0.100,8,Yes
1SGS vs 1SGS (control),777,,,0,800,0.006,0.100,7,Yes
1SGS vs 1SGS (control),778,,,0,800,0.009,0.100,8,Yes
1SGS vs 1SGS (control),779,,,0,800,0.006,0.100,7,Yes
1SGS vs 1SGS (control),780,,,0,800,0.007,0.100,8,Yes
1SGS vs 1SGS (control),781,0,oneSGS,15,17,0.022,0.100,5,No
1SGS vs 1SGS (control),782,0,oneSGS,10,41,0.013,0.100,8,No
1SGS vs 1SGS (control),783,0,oneSGS,10,37,0.010,0.100,7,No
1SGS vs 1SGS (control),784,3,oneSGS,10,48,0.007,0.100,9,No
1SGS vs 1SGS (control),785,0,oneSGS,15,41,0.013,0.100,8,No
1SGS vs 1SGS (control),786,3,oneSGS,15,24,0.019,0.100,8,No
1SGS vs 1SGS (control),787,2,oneSGS,10,35,0.015,0.100,9,No
1SGS vs 1SGS (control),788,,,0,800,0.008,0.100,8,Yes
1SGS vs 1SGS (control),789,1,oneSGS,10,38,0.012,0.100,8,No
1SGS vs 1SGS (control),790,0,oneSGS,10,9,0.010,0.100,4,No
1SGS vs 1SGS (control),791,,,0,800,0.009,0.200,8,Yes
1SGS vs 1SGS (control),792,0,oneSGS,15,33,0.008,0.100,9,No
1SGS vs 1SGS (control),793,,,0,800,0.013,0.100,8,Yes
1SGS vs 1SGS (control),794,1,oneSGS,10,26,0.007,0.100,8,No
1SGS vs 1SGS (control),795,3,oneSGS,10,44,0.015,0.100,8,No
1SGS vs 1SGS (control),796,,,0,800,0.009,0.100,8,Yes
1SGS vs 1SGS (control),797,0,oneSGS,10,33,0.014,0.100,9,No
1SGS vs 1SGS (control),798,,,0,800,0.008,0.100,8,Yes
1SGS vs 1SGS (control),799,2,oneSGS,15,39,0.010,0.100,9,No
1SGS vs 1SGS (control),800,2,oneSGS,15,35,0.015,0.100,9,No
1SGS vs 1SGS (control),801,,,0,800,0.009,0.100,7,Yes
1SGS vs 1SGS (control),802,0,oneSGS,10,33,0.012,0.100,8,No
1SGS vs 1SGS (control),803,2,oneSGS,15,23,0.015,0.100,8,No
1SGS vs 1SGS (control),804,1,oneSGS,10,34,0.013,0.100,9,No
1SGS vs 1SGS (control),805,2,oneSGS,10,39,0.005,0.100,8,No
1SGS vs 1SGS (control),806,,,0,800,0.008,0.100,8,Yes
1SGS vs 1SGS (control),807,1,oneSGS,15,22,0.004,0.100,6,No
1SGS vs 1SGS (control),808,,,0,800,0.012,0.100,8,Yes
1SGS vs 1SGS (control),809,3,oneSGS,10,20,0.022,0.100,7,No
1SGS vs 1SGS (control),810,1,oneSGS,15,34,0.013,0.100,8,No
1SGS vs 1SGS (control),811,,,0,800,0.008,0.100,8,Yes
1SGS vs 1SGS (control),812,,,0,800,0.008,0.100,8,Yes
1SGS vs 1SGS (control),813,,,0,800,0.006,0.100,8,Yes
1SGS vs 1SGS (control),814,,,0,800,0.003,0.100,8,Yes
1SGS vs 1SGS (control),815,1,oneSGS,15,26,0.007,0.100,8,No
1SGS vs 1SGS (control),816,0,oneSGS,15,33,0.009,0.100,8,No
1SGS vs 1SGS (control),817,2,oneSGS,10,43,0.011,0.100,7,No
1SGS vs 1SGS (control),818,,,0,800,0.009,0.100,8,Yes
1SGS vs 1SGS (control),819,1,oneSGS,10,22,0.021,0.100,7,No
1SGS vs 1SGS (control),820,3,oneSGS,10,36,0.014,0.100,9,No
1SGS vs 1SGS (control),821,3,oneSGS,10,20,0.009,0.100,8,No
1SGS vs 1SGS (control),822,2,oneSGS,15,27,0.011,0.100,8,No
1SGS vs 1SGS (control),823,,,0,800,0.011,0.100,6,Yes
1SGS vs 1SGS (control),824,0,oneSGS,15,33,0.011,0.100,9,No
1SGS vs 1SGS (control),825,3,oneSGS,10,40,0.011,0.100,8,No
1SGS vs 1SGS (control),826,2,oneSGS,10,27,0.006,0.100,8,No
1SGS vs 1SGS (control),827,,,0,800,0.008,0.100,8,Yes
1SGS vs 1SGS (control),828,,,0,800,0.006,0.100,8,Yes
1SGS vs 1SGS (control),829,,,0,800,0.008,0.100,8,Yes
1SGS vs 1SGS (control),830,2,oneSGS,10,15,0.024,0.100,8,No
1SGS vs 1SGS (control),831,,,0,800,0.006,0.100,8,Yes
1SGS vs 1SGS (control),832,0,oneSGS,15,37,0.008,0.100,8,No
1SGS vs 1SGS (control),833,2,oneSGS,15,35,0.015,0.100,8,No
1SGS vs 1SGS (control),834,2,oneSGS,15,27,0.012,0.100,7,No
1SGS vs 1SGS (control),835,0,oneSGS,10,37,0.010,0.100,8,No
1SGS vs 1SGS (control),836,3,oneSGS,10,36,0.005,0.100,8,No
1SGS vs 1SGS (control),837,,,0,800,0.006,0.100,8,Yes
1SGS vs 1SGS (control),838,0,oneSGS,10,45,0.015,0.100,9,No
1SGS vs 1SGS (control),839,1,oneSGS,10,34,0.010,0.100,8,No
1SGS vs 1SGS (control),840,,,0,800,0.008,0.100,7,Yes
1SGS vs 1SGS (control),841,,,0,800,0.008,0.100,8,Yes
1SGS vs 1SGS (control),842,,,0,800,0.006,0.100,8,Yes
1SGS vs 1SGS (control),843,1,oneSGS,10,38,0.012,0.100,7,No
1SGS vs 1SGS (control),844,3,oneSGS,10,16,0.011,0.100,7,No
1SGS vs 1SGS (control),845,,,0,800,0.005,0.100,8,Yes
1SGS vs 1SGS (control),846,,,0,800,0.005,0.100,8,Yes
1SGS vs 1SGS (control),847,,,0,800,0.005,0.100,8,Yes
1SGS vs 1SGS (control),848,1,oneSGS,10,30,0.009,0.100,9,No
1SGS vs 1SGS (control),849,,,0,800,0.004,0.100,8,Yes
1SGS vs 1SGS (control),850,0,oneSGS,15,33,0.013,0.100,8,No
1SGS vs 1SGS (control),851,3,oneSGS,15,28,0.015,0.100,8,No
1SGS vs 1SGS (control),852,,,0,800,0.011,0.100,7,Yes
1SGS vs 1SGS (control),853,1,oneSGS,10,26,0.010,0.100,8,No
1SGS vs 1SGS (control),854,,,0,800,0.005,0.200,8,Yes
1SGS vs 1SGS (control),855,1,oneSGS,10,38,0.005,0.100,8,No
1SGS vs 1SGS (control),856,,,0,800,0.010,0.100,8,Yes
1SGS vs 1SGS (control),857,3,oneSGS,10,48,0.015,0.100,8,No
1SGS vs 1SGS (control),858,0,oneSGS,10,5,0.029,0.100,5,No
1SGS vs 1SGS (control),859,,,0,800,0.006,0.100,7,Yes
1SGS vs 1SGS (control),860,3,oneSGS,15,40,0.009,0.100,8,No
1SGS vs 1SGS (control),861,,,0,800,0.009,0.100,7,Yes
1SGS vs 1SGS (control),862,2,oneSGS,15,7,0.022,0.100,5,No
1SGS vs 1SGS (control),863,,,0,800,0.010,0.100,8,Yes
1SGS vs 1SGS (control),864,,,0,800,0.006,0.100,8,Yes
1SGS vs 1SGS (control),865,0,oneSGS,10,33,0.008,0.100,9,No
1SGS vs 1SGS (control),866,,,0,800,0.009,0.100,7,Yes
1SGS vs 1SGS (control),867,1,oneSGS,10,18,0.019,0.100,6,No
1SGS vs 1SGS (control),868,2,oneSGS,10,35,0.008,0.100,9,No
1SGS vs 1SGS (control),869,,,0,800,0.004,0.100,7,Yes
1SGS vs 1SGS (control),870,3,oneSGS,10,28,0.019,0.100,6,No
1SGS vs 1SGS (control),871,,,0,800,0.006,0.100,8,Yes
1SGS vs 1SGS (control),872,2,oneSGS,10,19,0.013,0.100,8,No
1SGS vs 1SGS (control),873,2,oneSGS,10,39,0.014,0.100,9,No
1SGS vs 1SGS (control),874,,,0,800,0.011,0.100,8,Yes
1SGS vs 1SGS (control),875,1,oneSGS,10,38,0.010,0.100,8,No
1SGS vs 1SGS (control),876,1,oneSGS,10,22,0.011,0.100,9,No
1SGS vs 1SGS (control),877,2,oneSGS,15,11,0.017,0.100,6,No
1SGS vs 1SGS (control),878,1,oneSGS,10,26,0.011,0.200,7,No
1SGS vs 1SGS (control),879,,,0,800,0.008,0.100,8,Yes
1SGS vs 1SGS (control),880,1,oneSGS,10,26,0.006,0.100,8,No
1SGS vs 1SGS (control),881,,,0,800,0.036,0.300,8,Yes
1SGS vs 1SGS (control),882,2,oneSGS,15,31,0.079,0.200,7,No
1SGS vs 1SGS (control),883,2,oneSGS,10,39,0.042,0.200,9,No
1SGS vs 1SGS (control),884,2,oneSGS,10,19,0.065,0.300,6,No
1SGS vs 1SGS (control),885,0,oneSGS,10,45,0.034,0.300,9,No
1SGS vs 1SGS (control),886,1,oneSGS,10,30,0.063,0.300,9,No
1SGS vs 1SGS (control),887,3,oneSGS,15,36,0.035,0.200,9,No
1SGS vs 1SGS (control),888,1,oneSGS,10,42,0.031,0.200,9,No
1SGS vs 1SGS (control),889,,,0,800,0.028,0.200,8,Yes
1SGS vs 1SGS (control),890,,,0,800,0.029,0.200,7,Yes
1SGS vs 1SGS (control),891,2,oneSGS,10,43,0.029,0.300,9,No
1SGS vs 1SGS (control),892,,,0,800,0.015,0.100,8,Yes
1SGS vs 1SGS (control),893,0,oneSGS,15,37,0.022,0.200,8,No
1SGS vs 1SGS (control),894,,,0,800,0.017,0.100,8,Yes
1SGS vs 1SGS (control),895,0,oneSGS,10,29,0.012,0.100,8,No
1SGS vs 1SGS (control),896,0,oneSGS,10,37,0.022,0.200,8,No
1SGS vs 1SGS (control),897,,,0,800,0.018,0.100,8,Yes
1SGS vs 1SGS (control),898,0,oneSGS,10,29,0.020,0.100,8,No
1SGS vs 1SGS (control),899,,,0,800,0.011,0.200,8,Yes
1SGS vs 1SGS (control),900,1,oneSGS,10,14,0.019,0.100,5,No
1SGS vs 1SGS (control),901,,,0,800,0.007,0.100,7,Yes
1SGS vs 1SGS (control),902,1,oneSGS,10,22,0.008,0.100,9,No
1SGS vs 1SGS (control),903,1,oneSGS,10,46,0.010,0.100,9,No
1SGS vs 1SGS (control),904,1,oneSGS,10,30,0.006,0.100,8,No
1SGS vs 1SGS (control),905,,,0,800,0.011,0.100,7,Yes
1SGS vs 1SGS (control),906,3,oneSGS,10,32,0.011,0.100,8,No
1SGS vs 1SGS (control),907,,,0,800,0.009,0.100,8,Yes
1SGS vs 1SGS (control),908,,,0,800,0.002,0.100,8,Yes
1SGS vs 1SGS (control),909,2,oneSGS,15,35,0.013,0.100,7,No
1SGS vs 1SGS (control),910,1,oneSGS,10,42,0.009,0.100,8,No
1SGS vs 1SGS (control),911,3,oneSGS,10,12,0.013,0.100,7,No
1SGS vs 1SGS (control),912,,,0,800,0.005,0.100,8,Yes
1SGS vs 1SGS (control),913,2,oneSGS,15,39,0.010,0.100,8,No
1SGS vs 1SGS (control),914,2,oneSGS,10,43,0.011,0.100,9,No
1SGS vs 1SGS (control),915,2,oneSGS,15,19,0.014,0.100,7,No
1SGS vs 1SGS (control),916,1,oneSGS,10,18,0.011,0.100,5,No
1SGS vs 1SGS (control),917,,,0,800,0.009,0.100,8,Yes
1SGS vs 1SGS (control),918,,,0,800,0.009,0.100,8,Yes
1SGS vs 1SGS (control),919,1,oneSGS,10,14,0.018,0.100,8,No
1SGS vs 1SGS (control),920,3,oneSGS,10,24,0.012,0.100,8,No
1SGS vs 1SGS (control),921,,,0,800,0.012,0.100,7,Yes
1SGS vs 1SGS (control),922,0,oneSGS,10,29,0.016,0.200,8,No
1SGS vs 1SGS (control),923,,,0,800,0.009,0.100,8,Yes
1SGS vs 1SGS (control),924,3,oneSGS,10,28,0.017,0.100,5,No
1SGS vs 1SGS (control),925,,,0,800,0.007,0.100,8,Yes
1SGS vs 1SGS (control),926,2,oneSGS,10,31,0.015,0.100,6,No
1SGS vs 1SGS (control),927,,,0,800,0.009,0.100,7,Yes
1SGS vs 1SGS (control),928,,,0,800,0.009,0.100,8,Yes
1SGS vs 1SGS (control),929,,,0,800,0.006,0.100,7,Yes
1SGS vs 1SGS (control),930,,,0,800,0.006,0.100,8,Yes
1SGS vs 1SGS (control),931,1,oneSGS,15,22,0.013,0.100,6,No
1SGS vs 1SGS (control),932,3,oneSGS,10,32,0.017,0.100,9,No
1SGS vs 1SGS (control),933,0,oneSGS,10,37,0.009,0.100,9,No
1SGS vs 1SGS (control),934,0,oneSGS,15,29,0.013,0.100,8,No
1SGS vs 1SGS (control),935,1,oneSGS,15,38,0.007,0.100,8,No
1SGS vs 1SGS (control),936,1,oneSGS,15,30,0.009,0.100,6,No
1SGS vs 1SGS (control),937,1,oneSGS,10,26,0.007,0.100,9,No
1SGS vs 1SGS (control),938,1,oneSGS,10,46,0.006,0.100,9,No
1SGS vs 1SGS (control),939,3,oneSGS,15,40,0.000,0.000,9,No
1SGS vs 1SGS (control),940,,,0,800,0.008,0.100,8,Yes
1SGS vs 1SGS (control),941,0,oneSGS,10,45,0.006,0.100,9,No
1SGS vs 1SGS (control),942,0,oneSGS,15,37,0.015,0.100,8,No
1SGS vs 1SGS (control),943,,,0,800,0.011,0.100,8,Yes
1SGS vs 1SGS (control),944,,,0,800,0.008,0.100,8,Yes
1SGS vs 1SGS (control),945,,,0,800,0.006,0.100,7,Yes
1SGS vs 1SGS (control),946,3,oneSGS,10,40,0.010,0.100,9,No
1SGS vs 1SGS (control),947,0,oneSGS,10,17,0.019,0.100,7,No
1SGS vs 1SGS (control),948,2,oneSGS,15,27,0.014,0.100,9,No
1SGS vs 1SGS (control),949,,,0,800,0.009,0.100,7,Yes
1SGS vs 1SGS (control),950,,,0,800,0.006,0.100,8,Yes
1SGS vs 1SGS (control),951,,,0,800,0.004,0.100,8,Yes
1SGS vs 1SGS (control),952,2,oneSGS,10,7,0.022,0.100,5,No
1SGS vs 1SGS (control),953,,,0,800,0.011,0.100,8,Yes
1SGS vs 1SGS (control),954,2,oneSGS,10,15,0.013,0.100,7,No
1SGS vs 1SGS (control),955,,,0,800,0.010,0.200,8,Yes
1SGS vs 1SGS (control),956,,,0,800,0.010,0.100,6,Yes
1SGS vs 1SGS (control),957,,,0,800,0.002,0.100,8,Yes
1SGS vs 1SGS (control),958,,,0,800,0.012,0.100,8,Yes
1SGS vs 1SGS (control),959,0,oneSGS,15,33,0.014,0.100,8,No
1SGS vs 1SGS (control),960,1,oneSGS,10,22,0.012,0.100,8,No
1SGS vs 1SGS (control),961,0,oneSGS,10,17,0.016,0.100,7,No
1SGS vs 1SGS (control),962,2,oneSGS,10,35,0.008,0.100,9,No
1SGS vs 1SGS (control),963,2,oneSGS,15,19,0.010,0.100,9,No
1SGS vs 1SGS (control),964,2,oneSGS,10,39,0.009,0.100,9,No
1SGS vs 1SGS (control),965,0,oneSGS,10,37,0.012,0.100,8,No
1SGS vs 1SGS (control),966,,,0,800,0.006,0.100,8,Yes
1SGS vs 1SGS (control),967,3,oneSGS,10,32,0.012,0.100,9,No
1SGS vs 1SGS (control),968,,,0,800,0.007,0.100,8,Yes
1SGS vs 1SGS (control),969,3,oneSGS,10,32,0.016,0.100,8,No
1SGS vs 1SGS (control),970,2,oneSGS,15,23,0.012,0.100,8,No
1SGS vs 1SGS (control),971,,,0,800,0.008,0.100,8,Yes
1SGS vs 1SGS (control),972,,,0,800,0.005,0.100,8,Yes
1SGS vs 1SGS (control),973,,,0,800,0.005,0.100,8,Yes
1SGS vs 1SGS (control),974,1,oneSGS,10,34,0.016,0.100,8,No
1SGS vs 1SGS (control),975,,,0,800,0.006,0.100,8,Yes
1SGS vs 1SGS (control),976,0,oneSGS,10,21,0.018,0.100,7,No
1SGS vs 1SGS (control),977,2,oneSGS,10,19,0.014,0.100,7,No
1SGS vs 1SGS (control),978,1,oneSGS,15,26,0.017,0.100,8,No
1SGS vs 1SGS (control),979,1,oneSGS,10,14,0.018,0.100,6,No
1SGS vs 1SGS (control),980,1,oneSGS,10,34,0.014,0.100,7,No
1SGS vs 1SGS (control),981,1,oneSGS,10,46,0.008,0.100,9,No
1SGS vs 1SGS (control),982,2,oneSGS,10,35,0.015,0.100,8,No
1SGS vs 1SGS (control),983,1,oneSGS,10,38,0.012,0.100,8,No
1SGS vs 1SGS (control),984,,,0,800,0.005,0.100,8,Yes
1SGS vs 1SGS (control),985,2,oneSGS,10,39,0.007,0.100,7,No
1SGS vs 1SGS (control),986,1,oneSGS,15,42,0.020,0.200,7,No
1SGS vs 1SGS (control),987,3,oneSGS,10,32,0.012,0.100,8,No
1SGS vs 1SGS (control),988,3,oneSGS,10,28,0.015,0.100,8,No
1SGS vs 1SGS (control),989,,,0,800,0.006,0.100,7,Yes
1SGS vs 1SGS (control),990,2,oneSGS,10,39,0.018,0.200,7,No
1SGS vs 1SGS (control),991,,,0,800,0.008,0.100,8,Yes
1SGS vs 1SGS (control),992,,,0,800,0.009,0.100,7,Yes
1SGS vs 1SGS (control),993,,,0,800,0.005,0.100,8,Yes
1SGS vs 1SGS (control),994,,,0,800,0.010,0.100,7,Yes
1SGS vs 1SGS (control),995,1,oneSGS,10,34,0.008,0.100,8,No
1SGS vs 1SGS (control),996,2,oneSGS,10,35,0.020,0.100,9,No
1SGS vs 1SGS (control),997,,,0,800,0.013,0.100,6,Yes
1SGS vs 1SGS (control),998,0,oneSGS,15,9,0.010,0.100,6,No
1SGS vs 1SGS (control),999,,,0,800,0.009,0.100,7,Yes
1SGS vs 1SGS (control),1000,1,oneSGS,10,18,0.020,0.100,6,No
1SGS vs 1SGS (control),1001,1,oneSGS,10,22,0.021,0.100,7,No
1SGS vs 1SGS (control),1002,,,0,800,0.014,0.100,6,Yes
1SGS vs 1SGS (control),1003,0,oneSGS,10,37,0.009,0.100,9,No
1SGS vs 1SGS (control),1004,,,0,800,0.009,0.100,8,Yes
1SGS vs 1SGS (control),1005,3,oneSGS,15,32,0.011,0.100,9,No
1SGS vs 1SGS (control),1006,1,oneSGS,10,46,0.012,0.100,9,No
1SGS vs 1SGS (control),1007,1,oneSGS,10,46,0.006,0.100,9,No
1SGS vs 1SGS (control),1008,,,0,800,0.006,0.100,8,Yes
1SGS vs 1SGS (control),1009,1,oneSGS,10,22,0.011,0.100,7,No
1SGS vs 1SGS (control),1010,,,0,800,0.009,0.100,8,Yes
1SGS vs 1SGS (control),1011,3,oneSGS,10,36,0.013,0.100,8,No
1SGS vs 1SGS (control),1012,0,oneSGS,10,33,0.013,0.200,8,No
1SGS vs 1SGS (control),1013,2,oneSGS,15,19,0.014,0.100,6,No
1SGS vs 1SGS (control),1014,,,0,800,0.007,0.100,8,Yes
1SGS vs 1SGS (control),1015,,,0,800,0.005,0.100,8,Yes
1SGS vs 1SGS (control),1016,3,oneSGS,15,40,0.012,0.100,7,No
1SGS vs 1SGS (control),1017,1,oneSGS,10,34,0.010,0.100,9,No
1SGS vs 1SGS (control),1018,3,oneSGS,10,28,0.015,0.100,7,No
1SGS vs 1SGS (control),1019,1,oneSGS,10,42,0.009,0.100,9,No
1SGS vs 1SGS (control),1020,,,0,800,0.006,0.100,8,Yes
1SGS vs 1SGS (control),1021,1,oneSGS,15,26,0.007,0.100,7,No
1SGS vs 1SGS (control),1022,,,0,800,0.004,0.100,7,Yes
1SGS vs 1SGS (control),1023,3,oneSGS,15,24,0.016,0.100,6,No
1SGS vs 1SGS (control),1024,,,0,800,0.008,0.100,8,Yes
1SGS vs 1SGS (control),1025,0,oneSGS,15,17,0.012,0.100,7,No
1SGS vs 1SGS (control),1026,0,oneSGS,15,21,0.013,0.100,8,No
1SGS vs 1SGS (control),1027,,,0,800,0.008,0.100,8,Yes
1SGS vs 1SGS (control),1028,,,0,800,0.011,0.200,7,Yes
1SGS vs 1SGS (control),1029,,,0,800,0.007,0.100,8,Yes
1SGS vs 1SGS (control),1030,3,oneSGS,10,40,0.009,0.100,5,No
1SGS vs 1SGS (control),1031,2,oneSGS,10,39,0.009,0.100,9,No
1SGS vs 1SGS (control),1032,1,oneSGS,10,22,0.013,0.100,6,No
1SGS vs 1SGS (control),1033,3,oneSGS,10,32,0.006,0.100,8,No
1SGS vs 1SGS (control),1034,0,oneSGS,10,41,0.006,0.100,9,No
1SGS vs 1SGS (control),1035,1,oneSGS,10,14,0.013,0.100,7,No
1SGS vs 1SGS (control),1036,1,oneSGS,10,22,0.042,0.100,6,No
1SGS vs 1SGS (control),1037,2,oneSGS,10,19,0.081,0.200,5,No
1SGS vs 1SGS (control),1038,3,oneSGS,15,12,0.053,0.200,7,No
1SGS vs 1SGS (control),1039,,,0,800,0.026,0.100,8,Yes
1SGS vs 1SGS (control),1040,,,0,800,0.032,0.200,8,Yes
1SGS vs 1SGS (control),1041,0,oneSGS,15,25,0.050,0.200,7,No
1SGS vs 1SGS (control),1042,,,0,800,0.019,0.200,7,Yes
1SGS vs 1SGS (control),1043,,,0,800,0.009,0.100,7,Yes
1SGS vs 1SGS (control),1044,0,oneSGS,15,29,0.010,0.100,8,No
1SGS vs 1SGS (control),1045,3,oneSGS,10,32,0.009,0.100,8,No
1SGS vs 1SGS (control),1046,0,oneSGS,10,29,0.009,0.100,9,No
1SGS vs 1SGS (control),1047,,,0,800,0.008,0.100,8,Yes
1SGS vs 1SGS (control),1048,,,0,800,0.011,0.100,8,Yes
1SGS vs 1SGS (control),1049,2,oneSGS,15,43,0.011,0.100,8,No
1SGS vs 1SGS (control),1050,3,oneSGS,10,16,0.017,0.100,7,No
1SGS vs 1SGS (control),1051,0,oneSGS,10,37,0.007,0.100,8,No
1SGS vs 1SGS (control),1052,0,oneSGS,10,41,0.015,0.100,9,No
1SGS vs 1SGS (control),1053,,,0,800,0.007,0.100,7,Yes
1SGS vs 1SGS (control),1054,0,oneSGS,10,17,0.014,0.100,9,No
1SGS vs 1SGS (control),1055,1,oneSGS,10,42,0.009,0.100,7,No
1SGS vs 1SGS (control),1056,,,0,800,0.009,0.100,7,Yes
1SGS vs 1SGS (control),1057,0,oneSGS,10,17,0.015,0.100,6,No
1SGS vs 1SGS (control),1058,0,oneSGS,10,25,0.017,0.100,8,No
1SGS vs 1SGS (control),1059,,,0,800,0.012,0.100,8,Yes
1SGS vs 1SGS (control),1060,,,0,800,0.006,0.100,8,Yes
1SGS vs 1SGS (control),1061,3,oneSGS,15,28,0.013,0.100,8,No
1SGS vs 1SGS (control),1062,0,oneSGS,10,29,0.016,0.100,8,No
1SGS vs 1SGS (control),1063,,,0,800,0.006,0.100,8,Yes
1SGS vs 1SGS (control),1064,,,0,800,0.009,0.100,7,Yes
1SGS vs 1SGS (control),1065,3,oneSGS,10,44,0.013,0.100,7,No
1SGS vs 1SGS (control),1066,,,0,800,0.014,0.100,7,Yes
1SGS vs 1SGS (control),1067,,,0,800,0.006,0.100,7,Yes
1SGS vs 1SGS (control),1068,2,oneSGS,10,47,0.006,0.100,9,No
1SGS vs 1SGS (control),1069,2,oneSGS,15,23,0.016,0.100,8,No
1SGS vs 1SGS (control),1070,0,oneSGS,10,13,0.012,0.100,6,No
1SGS vs 1SGS (control),1071,,,0,800,0.011,0.100,8,Yes
1SGS vs 1SGS (control),1072,,,0,800,0.009,0.100,8,Yes
1SGS vs 1SGS (control),1073,,,0,800,0.006,0.100,8,Yes
1SGS vs 1SGS (control),1074,0,oneSGS,10,37,0.014,0.100,8,No
1SGS vs 1SGS (control),1075,0,oneSGS,10,17,0.018,0.100,8,No
1SGS vs 1SGS (control),1076,2,oneSGS,10,39,0.007,0.100,9,No
1SGS vs 1SGS (control),1077,3,oneSGS,10,44,0.012,0.100,9,No
1SGS vs 1SGS (control),1078,,,0,800,0.006,0.100,8,Yes
1SGS vs 1SGS (control),1079,3,oneSGS,10,32,0.016,0.100,8,No
1SGS vs 1SGS (control),1080,,,0,800,0.007,0.100,7,Yes
1SGS vs 1SGS (control),1081,,,0,800,0.009,0.100,7,Yes
1SGS vs 1SGS (control),1082,0,oneSGS,10,21,0.017,0.100,7,No
1SGS vs 1SGS (control),1083,2,oneSGS,15,19,0.015,0.100,7,No
1SGS vs 1SGS (control),1084,,,0,800,0.008,0.100,7,Yes
1SGS vs 1SGS (control),1085,,,0,800,0.006,0.100,8,Yes
1SGS vs 1SGS (control),1086,1,oneSGS,15,18,0.030,0.100,9,No
1SGS vs 1SGS (control),1087,3,oneSGS,15,40,0.047,0.200,8,No
1SGS vs 1SGS (control),1088,,,0,800,0.026,0.200,8,Yes
1SGS vs 1SGS (control),1089,2,oneSGS,10,27,0.042,0.200,9,No
1SGS vs 1SGS (control),1090,2,oneSGS,10,11,0.067,0.100,6,No
1SGS vs 1SGS (control),1091,0,oneSGS,10,45,0.054,0.300,9,No
1SGS vs 1SGS (control),1092,1,oneSGS,10,6,0.063,0.200,6,No
1SGS vs 1SGS (control),1093,1,oneSGS,10,38,0.020,0.100,9,No
1SGS vs 1SGS (control),1094,3,oneSGS,15,28,0.027,0.100,8,No
1SGS vs 1SGS (control),1095,3,oneSGS,10,28,0.036,0.200,8,No
1SGS vs 1SGS (control),1096,,,0,800,0.017,0.200,8,Yes
1SGS vs 1SGS (control),1097,2,oneSGS,15,11,0.027,0.100,6,No
1SGS vs 1SGS (control),1098,2,oneSGS,10,39,0.022,0.200,9,No
1SGS vs 1SGS (control),1099,,,0,800,0.009,0.100,7,Yes
1SGS vs 1SGS (control),1100,,,0,800,0.017,0.100,8,Yes
1SGS vs 1SGS (control),1101,2,oneSGS,15,35,0.015,0.100,8,No
1SGS vs 1SGS (control),1102,,,0,800,0.009,0.100,8,Yes
1SGS vs 1SGS (control),1103,,,0,800,0.009,0.100,8,Yes
1SGS vs 1SGS (control),1104,,,0,800,0.016,0.100,7,Yes
1SGS vs 1SGS (control),1105,1,oneSGS,15,34,0.019,0.400,9,No
1SGS vs 1SGS (control),1106,1,oneSGS,10,2,0.067,0.100,3,No
1SGS vs 1SGS (control),1107,1,oneSGS,10,30,0.012,0.100,9,No
1SGS vs 1SGS (control),1108,2,oneSGS,10,27,0.017,0.100,6,No
1SGS vs 1SGS (control),1109,3,oneSGS,10,44,0.009,0.100,7,No
1SGS vs 1SGS (control),1110,,,0,800,0.008,0.100,8,Yes
1SGS vs 1SGS (control),1111,,,0,800,0.007,0.100,8,Yes
1SGS vs 1SGS (control),1112,1,oneSGS,10,26,0.010,0.100,6,No
1SGS vs 1SGS (control),1113,,,0,800,0.008,0.100,8,Yes
1SGS vs 1SGS (control),1114,1,oneSGS,15,26,0.033,0.100,8,No
1SGS vs 1SGS (control),1115,0,oneSGS,10,37,0.013,0.100,7,No
1SGS vs 1SGS (control),1116,,,0,800,0.012,0.100,7,Yes
1SGS vs 1SGS (control),1117,,,0,800,0.006,0.100,7,Yes
1SGS vs 1SGS (control),1118,2,oneSGS,10,39,0.013,0.100,9,No
1SGS vs 1SGS (control),1119,3,oneSGS,10,44,0.008,0.100,9,No
1SGS vs 1SGS (control),1120,0,oneSGS,10,25,0.013,0.100,9,No
1SGS vs 1SGS (control),1121,,,0,800,0.009,0.100,8,Yes
1SGS vs 1SGS (control),1122,0,oneSGS,10,5,0.000,0.000,4,No
1SGS vs 1SGS (control),1123,1,oneSGS,15,46,0.014,0.100,8,No
1SGS vs 1SGS (control),1124,3,oneSGS,15,44,0.016,0.100,9,No
1SGS vs 1SGS (control),1125,2,oneSGS,10,43,0.012,0.100,9,No
1SGS vs 1SGS (control),1126,,,0,800,0.005,0.100,8,Yes
1SGS vs 1SGS (control),1127,1,oneSGS,10,26,0.014,0.100,9,No
1SGS vs 1SGS (control),1128,3,oneSGS,15,40,0.009,0.100,8,No
1SGS vs 1SGS (control),1129,,,0,800,0.011,0.100,8,Yes
1SGS vs 1SGS (control),1130,,,0,800,0.006,0.100,7,Yes
1SGS vs 1SGS (control),1131,,,0,800,0.012,0.100,8,Yes
1SGS vs 1SGS (control),1132,0,oneSGS,10,33,0.016,0.100,7,No
1SGS vs 1SGS (control),1133,0,oneSGS,10,29,0.012,0.100,7,No
1SGS vs 1SGS (control),1134,,,0,800,0.010,0.100,7,Yes
1SGS vs 1SGS (control),1135,,,0,800,0.005,0.100,8,Yes
1SGS vs 1SGS (control),1136,2,oneSGS,15,23,0.009,0.100,6,No
1SGS vs 1SGS (control),1137,,,0,800,0.009,0.100,8,Yes
1SGS vs 1SGS (control),1138,0,oneSGS,10,25,0.007,0.100,8,No
1SGS vs 1SGS (control),1139,,,0,800,0.009,0.100,8,Yes
1SGS vs 1SGS (control),1140,3,oneSGS,10,24,0.014,0.100,7,No
1SGS vs 1SGS (control),1141,0,oneSGS,10,37,0.007,0.100,7,No
1SGS vs 1SGS (control),1142,2,oneSGS,15,31,0.012,0.100,7,No
1SGS vs 1SGS (control),1143,,,0,800,0.009,0.100,7,Yes
1SGS vs 1SGS (control),1144,,,0,800,0.007,0.100,8,Yes
1SGS vs 1SGS (control),1145,,,0,800,0.006,0.100,8,Yes
1SGS vs 1SGS (control),1146,,,0,800,0.009,0.100,7,Yes
1SGS vs 1SGS (control),1147,0,oneSGS,15,21,0.009,0.100,8,No
1SGS vs 1SGS (control),1148,3,oneSGS,10,12,0.020,0.100,6,No
1SGS vs 1SGS (control),1149,0,oneSGS,10,17,0.020,0.100,6,No
1SGS vs 1SGS (control),1150,,,0,800,0.007,0.100,7,Yes
1SGS vs 1SGS (control),1151,,,0,800,0.011,0.200,8,Yes
1SGS vs 1SGS (control),1152,,,0,800,0.004,0.100,8,Yes
1SGS vs 1SGS (control),1153,0,oneSGS,10,9,0.009,0.100,6,No
1SGS vs 1SGS (control),1154,2,oneSGS,10,23,0.023,0.100,6,No
1SGS vs 1SGS (control),1155,0,oneSGS,15,21,0.013,0.100,7,No
1SGS vs 1SGS (control),1156,,,0,800,0.009,0.100,8,Yes
1SGS vs 1SGS (control),1157,1,oneSGS,15,46,0.008,0.100,8,No
1SGS vs 1SGS (control),1158,3,oneSGS,10,36,0.013,0.100,8,No
1SGS vs 1SGS (control),1159,2,oneSGS,15,47,0.008,0.100,7,No
1SGS vs 1SGS (control),1160,2,oneSGS,15,43,0.013,0.100,9,No
1SGS vs 1SGS (control),1161,0,oneSGS,10,37,0.012,0.100,8,No
1SGS vs 1SGS (control),1162,3,oneSGS,15,40,0.014,0.100,9,No
1SGS vs 1SGS (control),1163,2,oneSGS,10,27,0.012,0.100,8,No
1SGS vs 1SGS (control),1164,0,oneSGS,15,9,0.020,0.100,6,No
1SGS vs 1SGS (control),1165,0,oneSGS,15,13,0.015,0.100,6,No
1SGS vs 1SGS (control),1166,2,oneSGS,10,43,0.011,0.100,9,No
1SGS vs 1SGS (control),1167,3,oneSGS,10,24,0.015,0.100,7,No
1SGS vs 1SGS (control),1168,1,oneSGS,10,22,0.011,0.100,8,No
1SGS vs 1SGS (control),1169,,,0,800,0.011,0.100,8,Yes
1SGS vs 1SGS (control),1170,1,oneSGS,10,46,0.013,0.100,8,No
1SGS vs 1SGS (control),1171,,,0,800,0.011,0.100,7,Yes
1SGS vs 1SGS (control),1172,1,oneSGS,10,10,0.018,0.100,4,No
1SGS vs 1SGS (control),1173,0,oneSGS,10,17,0.015,0.100,9,No
1SGS vs 1SGS (control),1174,,,0,800,0.010,0.100,8,Yes
1SGS vs 1SGS (control),1175,1,oneSGS,10,30,0.014,0.100,8,No
1SGS vs 1SGS (control),1176,,,0,800,0.010,0.100,8,Yes
1SGS vs 1SGS (control),1177,0,oneSGS,10,21,0.012,0.100,8,No
1SGS vs 1SGS (control),1178,2,oneSGS,10,27,0.017,0.100,6,No
1SGS vs 1SGS (control),1179,2,oneSGS,15,39,0.012,0.100,8,No
1SGS vs 1SGS (control),1180,,,0,800,0.007,0.100,7,Yes
1SGS vs 1SGS (control),1181,3,oneSGS,15,32,0.008,0.100,9,No
1SGS vs 1SGS (control),1182,0,oneSGS,10,33,0.016,0.100,8,No
1SGS vs 1SGS (control),1183,,,0,800,0.005,0.100,8,Yes
1SGS vs 1SGS (control),1184,0,oneSGS,10,37,0.010,0.100,8,No
1SGS vs 1SGS (control),1185,,,0,800,0.009,0.100,8,Yes
1SGS vs 1SGS (control),1186,1,oneSGS,10,38,0.064,0.300,9,No
1SGS vs 1SGS (control),1187,1,oneSGS,10,30,0.052,0.200,8,No
1SGS vs 1SGS (control),1188,,,0,800,0.031,0.200,8,Yes
1SGS vs 1SGS (control),1189,,,0,800,0.033,0.200,8,Yes
1SGS vs 1SGS (control),1190,3,oneSGS,10,28,0.057,0.200,7,No
1SGS vs 1SGS (control),1191,1,oneSGS,10,22,0.040,0.200,8,No
1SGS vs 1SGS (control),1192,2,oneSGS,10,47,0.035,0.200,8,No
1SGS vs 1SGS (control),1193,,,0,800,0.017,0.100,6,Yes
1SGS vs 1SGS (control),1194,3,oneSGS,15,36,0.026,0.200,8,No
1SGS vs 1SGS (control),1195,,,0,800,0.011,0.100,8,Yes
1SGS vs 1SGS (control),1196,1,oneSGS,15,22,0.021,0.100,6,No
1SGS vs 1SGS (control),1197,3,oneSGS,10,40,0.012,0.100,6,No
1SGS vs 1SGS (control),1198,,,0,800,0.010,0.200,8,Yes
1SGS vs 1SGS (control),1199,1,oneSGS,15,34,0.005,0.100,9,No
1SGS vs 1SGS (control),1200,3,oneSGS,10,40,0.016,0.100,8,No
1SGS vs 1SGS (control),1201,,,0,800,0.006,0.100,8,Yes
1SGS vs 1SGS (control),1202,0,oneSGS,15,33,0.009,0.100,5,No
1SGS vs 1SGS (control),1203,2,oneSGS,10,31,0.017,0.100,9,No
1SGS vs 1SGS (control),1204,3,oneSGS,15,16,0.011,0.100,6,No
1SGS vs 1SGS (control),1205,1,oneSGS,15,10,0.010,0.100,5,No
1SGS vs 1SGS (control),1206,,,0,800,0.006,0.100,8,Yes
1SGS vs 1SGS (control),1207,3,oneSGS,10,16,0.006,0.100,5,No
1SGS vs 1SGS (control),1208,,,0,800,0.010,0.100,7,Yes
1SGS vs 1SGS (control),1209,2,oneSGS,10,15,0.012,0.100,6,No
1SGS vs 1SGS (control),1210,,,0,800,0.008,0.100,8,Yes
1SGS vs 1SGS (control),1211,,,0,800,0.005,0.100,8,Yes
1SGS vs 1SGS (control),1212,2,oneSGS,10,35,0.005,0.100,9,No
1SGS vs 1SGS (control),1213,3,oneSGS,15,36,0.013,0.100,8,No
1SGS vs 1SGS (control),1214,0,oneSGS,10,21,0.017,0.100,4,No
1SGS vs 1SGS (control),1215,2,oneSGS,10,35,0.011,0.100,8,No
1SGS vs 1SGS (control),1216,0,oneSGS,10,33,0.011,0.100,7,No
1SGS vs 1SGS (control),1217,0,oneSGS,10,45,0.008,0.200,9,No
1SGS vs 1SGS (control),1218,2,oneSGS,10,15,0.017,0.100,6,No
1SGS vs 1SGS (control),1219,,,0,800,0.012,0.100,7,Yes
1SGS vs 1SGS (control),1220,0,oneSGS,10,37,0.009,0.100,8,No
1SGS vs 1SGS (control),1221,,,0,800,0.007,0.100,7,Yes
1SGS vs 1SGS (control),1222,,,0,800,0.009,0.100,7,Yes
1SGS vs 1SGS (control),1223,1,oneSGS,15,14,0.013,0.100,6,No
1SGS vs 1SGS (control),1224,3,oneSGS,10,48,0.007,0.100,9,No
1SGS vs 1SGS (control),1225,,,0,800,0.006,0.100,7,Yes
1SGS vs 1SGS (control),1226,0,oneSGS,15,21,0.009,0.100,8,No
1SGS vs 1SGS (control),1227,3,oneSGS,15,40,0.015,0.100,8,No
1SGS vs 1SGS (control),1228,3,oneSGS,10,28,0.023,0.100,5,No
1SGS vs 1SGS (control),1229,,,0,800,0.008,0.100,8,Yes
1SGS vs 1SGS (control),1230,2,oneSGS,10,27,0.013,0.100,7,No
1SGS vs 1SGS (control),1231,3,oneSGS,10,44,0.010,0.100,9,No
1SGS vs 1SGS (control),1232,1,oneSGS,10,38,0.017,0.100,8,No
1SGS vs 1SGS (control),1233,,,0,800,0.009,0.100,7,Yes
1SGS vs 1SGS (control),1234,1,oneSGS,10,26,0.013,0.100,8,No
1SGS vs 1SGS (control),1235,0,oneSGS,15,33,0.018,0.100,7,No
1SGS vs 1SGS (control),1236,0,oneSGS,15,13,0.015,0.100,6,No
1SGS vs 1SGS (control),1237,,,0,800,0.005,0.100,8,Yes
1SGS vs 1SGS (control),1238,,,0,800,0.009,0.100,7,Yes
1SGS vs 1SGS (control),1239,,,0,800,0.007,0.100,7,Yes
1SGS vs 1SGS (control),1240,,,0,800,0.009,0.100,8,Yes
1SGS vs 1SGS (control),1241,1,oneSGS,15,30,0.022,0.100,9,No
1SGS vs 1SGS (control),1242,,,0,800,0.012,0.100,7,Yes
1SGS vs 1SGS (control),1243,,,0,800,0.009,0.100,8,Yes
1SGS vs 1SGS (control),1244,0,oneSGS,10,37,0.010,0.100,9,No
1SGS vs 1SGS (control),1245,,,0,800,0.006,0.100,8,Yes
1SGS vs 1SGS (control),1246,2,oneSGS,15,47,0.012,0.100,9,No
1SGS vs 1SGS (control),1247,3,oneSGS,10,40,0.009,0.100,9,No
1SGS vs 1SGS (control),1248,0,oneSGS,10,45,0.010,0.100,7,No
1SGS vs 1SGS (control),1249,2,oneSGS,15,31,0.012,0.100,8,No
1SGS vs 1SGS (control),1250,1,oneSGS,10,22,0.012,0.100,7,No
1SGS vs 1SGS (control),1251,1,oneSGS,10,18,0.029,0.100,6,No
1SGS vs 1SGS (control),1252,2,oneSGS,10,39,0.014,0.100,9,No
1SGS vs 1SGS (control),1253,2,oneSGS,10,35,0.018,0.100,9,No
1SGS vs 1SGS (control),1254,,,0,800,0.014,0.100,7,Yes
1SGS vs 1SGS (control),1255,,,0,800,0.009,0.100,8,Yes
1SGS vs 1SGS (control),1256,0,oneSGS,10,25,0.018,0.100,8,No
1SGS vs 1SGS (control),1257,1,oneSGS,10,42,0.011,0.100,9,No
1SGS vs 1SGS (control),1258,0,oneSGS,10,37,0.016,0.100,8,No
1SGS vs 1SGS (control),1259,0,oneSGS,10,45,0.014,0.200,8,No
1SGS vs 1SGS (control),1260,0,oneSGS,15,37,0.015,0.100,9,No
1SGS vs 1SGS (control),1261,,,0,800,0.006,0.100,8,Yes
1SGS vs 1SGS (control),1262,3,oneSGS,10,20,0.014,0.100,6,No
1SGS vs 1SGS (control),1263,0,oneSGS,10,29,0.016,0.100,6,No
1SGS vs 1SGS (control),1264,2,oneSGS,10,31,0.015,0.100,7,No
1SGS vs 1SGS (control),1265,1,oneSGS,10,26,0.010,0.100,6,No
1SGS vs 1SGS (control),1266,2,oneSGS,10,47,0.008,0.100,8,No
1SGS vs 1SGS (control),1267,3,oneSGS,10,40,0.009,0.100,9,No
1SGS vs 1SGS (control),1268,,,0,800,0.012,0.100,8,Yes
1SGS vs 1SGS (control),1269,3,oneSGS,10,32,0.025,0.100,7,No
1SGS vs 1SGS (control),1270,3,oneSGS,10,28,0.023,0.100,7,No
1SGS vs 1SGS (control),1271,,,0,800,0.009,0.100,8,Yes
1SGS vs 1SGS (control),1272,3,oneSGS,10,40,0.011,0.100,9,No
1SGS vs 1SGS (control),1273,,,0,800,0.005,0.100,8,Yes
1SGS vs 1SGS (control),1274,2,oneSGS,10,19,0.022,0.100,7,No
1SGS vs 1SGS (control),1275,,,0,800,0.006,0.100,8,Yes
1SGS vs 1SGS (control),1276,3,oneSGS,15,28,0.013,0.100,7,No
1SGS vs 1SGS (control),1277,,,0,800,0.005,0.100,8,Yes
1SGS vs 1SGS (control),1278,2,oneSGS,10,31,0.011,0.100,8,No
1SGS vs 1SGS (control),1279,3,oneSGS,10,28,0.016,0.100,7,No
1SGS vs 1SGS (control),1280,1,oneSGS,15,22,0.013,0.100,7,No
1SGS vs 1SGS (control),1281,2,oneSGS,10,35,0.008,0.100,7,No
1SGS vs 1SGS (control),1282,1,oneSGS,10,38,0.010,0.100,8,No
1SGS vs 1SGS (control),1283,2,oneSGS,10,39,0.010,0.100,7,No
1SGS vs 1SGS (control),1284,0,oneSGS,15,17,0.017,0.100,5,No
1SGS vs 1SGS (control),1285,2,oneSGS,10,23,0.026,0.100,5,No
1SGS vs 1SGS (control),1286,,,0,800,0.008,0.100,8,Yes
1SGS vs 1SGS (control),1287,3,oneSGS,10,32,0.008,0.100,7,No
1SGS vs 1SGS (control),1288,2,oneSGS,10,35,0.010,0.100,8,No
1SGS vs 1SGS (control),1289,2,oneSGS,10,35,0.013,0.100,6,No
1SGS vs 1SGS (control),1290,1,oneSGS,10,42,0.009,0.100,7,No
1SGS vs 1SGS (control),1291,3,oneSGS,15,32,0.015,0.200,6,No
1SGS vs 1SGS (control),1292,,,0,800,0.014,0.100,7,Yes
1SGS vs 1SGS (control),1293,0,oneSGS,10,13,0.007,0.100,4,No
1SGS vs 1SGS (control),1294,,,0,800,0.005,0.100,8,Yes
1SGS vs 1SGS (control),1295,0,oneSGS,10,41,0.018,0.100,9,No
1SGS vs 1SGS (control),1296,0,oneSGS,15,41,0.015,0.100,8,No
1SGS vs 1SGS (control),1297,,,0,800,0.007,0.100,7,Yes
1SGS vs 1SGS (control),1298,,,0,800,0.010,0.100,7,Yes
1SGS vs 1SGS (control),1299,1,oneSGS,10,18,0.025,0.100,6,No
1SGS vs 1SGS (control),1300,,,0,800,0.009,0.100,8,Yes
1SGS vs 1SGS (control),1301,0,oneSGS,15,21,0.009,0.100,7,No
1SGS vs 1SGS (control),1302,3,oneSGS,10,32,0.014,0.100,9,No
1SGS vs 1SGS (control),1303,0,oneSGS,15,9,0.017,0.200,7,No
1SGS vs 1SGS (control),1304,,,0,800,0.005,0.100,8,Yes
1SGS vs 1SGS (control),1305,2,oneSGS,10,43,0.010,0.100,9,No
1SGS vs 1SGS (control),1306,,,0,800,0.014,0.100,8,Yes
1SGS vs 1SGS (control),1307,1,oneSGS,10,22,0.020,0.100,6,No
1SGS vs 1SGS (control),1308,2,oneSGS,15,43,0.011,0.100,9,No
1SGS vs 1SGS (control),1309,2,oneSGS,10,15,0.012,0.100,7,No
1SGS vs 1SGS (control),1310,0,oneSGS,15,29,0.012,0.100,9,No
1SGS vs 1SGS (control),1311,3,oneSGS,10,48,0.016,0.100,9,No
1SGS vs 1SGS (control),1312,0,oneSGS,10,17,0.014,0.100,7,No
1SGS vs 1SGS (control),1313,,,0,800,0.011,0.100,8,Yes
1SGS vs 1SGS (control),1314,3,oneSGS,10,32,0.011,0.100,9,No
1SGS vs 1SGS (control),1315,2,oneSGS,10,15,0.019,0.100,6,No
1SGS vs 1SGS (control),1316,2,oneSGS,10,27,0.003,0.100,7,No
1SGS vs 1SGS (control),1317,2,oneSGS,10,7,0.013,0.100,5,No
1SGS vs 1SGS (control),1318,3,oneSGS,10,24,0.021,0.100,8,No
1SGS vs 1SGS (control),1319,3,oneSGS,10,32,0.010,0.100,9,No
1SGS vs 1SGS (control),1320,0,oneSGS,10,33,0.014,0.100,9,No
1SGS vs 1SGS (control),1321,,,0,800,0.008,0.100,8,Yes
1SGS vs 1SGS (control),1322,0,oneSGS,10,17,0.016,0.100,6,No
1SGS vs 1SGS (control),1323,,,0,800,0.005,0.100,8,Yes
1SGS vs 1SGS (control),1324,3,oneSGS,10,12,0.000,0.000,9,No
1SGS vs 1SGS (control),1325,2,oneSGS,10,11,0.025,0.100,4,No
1SGS vs 1SGS (control),1326,,,0,800,0.009,0.100,8,Yes
1SGS vs 1SGS (control),1327,0,oneSGS,10,29,0.010,0.100,8,No
1SGS vs 1SGS (control),1328,0,oneSGS,15,25,0.019,0.100,7,No
1SGS vs 1SGS (control),1329,1,oneSGS,15,26,0.014,0.100,8,No
1SGS vs 1SGS (control),1330,,,0,800,0.010,0.100,8,Yes
1SGS vs 1SGS (control),1331,1,oneSGS,10,22,0.008,0.100,8,No
1SGS vs 1SGS (control),1332,2,oneSGS,10,43,0.004,0.100,9,No
1SGS vs 1SGS (control),1333,,,0,800,0.005,0.100,8,Yes
1SGS vs 1SGS (control),1334,2,oneSGS,15,35,0.019,0.100,6,No
1SGS vs 1SGS (control),1335,,,0,800,0.007,0.100,8,Yes
1SGS vs 1SGS (control),1336,2,oneSGS,10,35,0.021,0.100,8,No
1SGS vs 1SGS (control),1337,3,oneSGS,10,44,0.008,0.100,9,No
1SGS vs 1SGS (control),1338,,,0,800,0.009,0.100,7,Yes
1SGS vs 1SGS (control),1339,0,oneSGS,10,13,0.019,0.100,5,No
1SGS vs 1SGS (control),1340,3,oneSGS,15,32,0.014,0.100,8,No
1SGS vs 1SGS (control),1341,0,oneSGS,10,9,0.020,0.100,4,No
1SGS vs 1SGS (control),1342,3,oneSGS,10,32,0.023,0.200,9,No
1SGS vs 1SGS (control),1343,1,oneSGS,10,34,0.018,0.100,8,No
1SGS vs 1SGS (control),1344,1,oneSGS,10,38,0.018,0.100,9,No
1SGS vs 1SGS (control),1345,1,oneSGS,10,34,0.013,0.100,9,No
1SGS vs 1SGS (control),1346,,,0,800,0.014,0.100,8,Yes
1SGS vs 1SGS (control),1347,2,oneSGS,10,43,0.023,0.100,6,No
1SGS vs 1SGS (control),1348,,,0,800,0.016,0.100,7,Yes
1SGS vs 1SGS (control),1349,1,oneSGS,10,30,0.018,0.100,9,No
1SGS vs 1SGS (control),1350,,,0,800,0.012,0.100,8,Yes
1SGS vs 1SGS (control),1351,,,0,800,0.011,0.100,8,Yes
1SGS vs 1SGS (control),1352,2,oneSGS,10,11,0.027,0.100,7,No
1SGS vs 1SGS (control),1353,,,0,800,0.014,0.100,8,Yes
1SGS vs 1SGS (control),1354,1,oneSGS,10,46,0.014,0.100,9,No
1SGS vs 1SGS (control),1355,2,oneSGS,10,27,0.010,0.100,6,No
1SGS vs 1SGS (control),1356,,,0,800,0.009,0.100,8,Yes
1SGS vs 1SGS (control),1357,0,oneSGS,10,33,0.011,0.100,9,No
1SGS vs 1SGS (control),1358,,,0,800,0.014,0.100,6,Yes
1SGS vs 1SGS (control),1359,,,0,800,0.009,0.100,8,Yes
1SGS vs 1SGS (control),1360,2,oneSGS,10,31,0.012,0.100,7,No
1SGS vs 1SGS (control),1361,,,0,800,0.012,0.100,7,Yes
1SGS vs 1SGS (control),1362,0,oneSGS,15,25,0.024,0.100,8,No
1SGS vs 1SGS (control),1363,,,0,800,0.021,0.100,7,Yes
1SGS vs 1SGS (control),1364,,,0,800,0.012,0.100,7,Yes
1SGS vs 1SGS (control),1365,,,0,800,0.003,0.100,8,Yes
1SGS vs 1SGS (control),1366,1,oneSGS,10,26,0.015,0.200,8,No
1SGS vs 1SGS (control),1367,,,0,800,0.006,0.100,7,Yes
1SGS vs 1SGS (control),1368,0,oneSGS,10,33,0.011,0.100,9,No
1SGS vs 1SGS (control),1369,,,0,800,0.009,0.100,8,Yes
1SGS vs 1SGS (control),1370,2,oneSGS,10,27,0.015,0.100,7,No
1SGS vs 1SGS (control),1371,3,oneSGS,10,8,0.033,0.200,7,No
1SGS vs 1SGS (control),1372,2,oneSGS,10,35,0.015,0.100,8,No
1SGS vs 1SGS (control),1373,,,0,800,0.004,0.100,8,Yes
1SGS vs 1SGS (control),1374,0,oneSGS,10,33,0.008,0.100,8,No
1SGS vs 1SGS (control),1375,0,oneSGS,10,37,0.017,0.100,8,No
1SGS vs 1SGS (control),1376,3,oneSGS,10,16,0.019,0.100,9,No
1SGS vs 1SGS (control),1377,1,oneSGS,10,30,0.015,0.100,8,No
1SGS vs 1SGS (control),1378,3,oneSGS,10,44,0.016,0.100,8,No
1SGS vs 1SGS (control),1379,,,0,800,0.007,0.100,6,Yes
1SGS vs 1SGS (control),1380,2,oneSGS,15,35,0.008,0.100,9,No
1SGS vs 1SGS (control),1381,2,oneSGS,10,47,0.009,0.100,9,No
1SGS vs 1SGS (control),1382,0,oneSGS,15,41,0.010,0.100,7,No
1SGS vs 1SGS (control),1383,2,oneSGS,15,23,0.024,0.100,5,No
1SGS vs 1SGS (control),1384,2,oneSGS,10,43,0.011,0.100,7,No
1SGS vs 1SGS (control),1385,,,0,800,0.008,0.100,8,Yes
1SGS vs 1SGS (control),1386,3,oneSGS,10,32,0.011,0.100,9,No
1SGS vs 1SGS (control),1387,2,oneSGS,10,3,0.050,0.200,4,No
1SGS vs 1SGS (control),1388,3,oneSGS,10,4,0.000,0.000,5,No
1SGS vs 1SGS (control),1389,1,oneSGS,10,22,0.019,0.200,7,No
1SGS vs 1SGS (control),1390,1,oneSGS,10,30,0.013,0.100,9,No
1SGS vs 1SGS (control),1391,3,oneSGS,15,40,0.012,0.100,8,No
1SGS vs 1SGS (control),1392,,,0,800,0.009,0.100,8,Yes
1SGS vs 1SGS (control),1393,,,0,800,0.006,0.100,8,Yes
1SGS vs 1SGS (control),1394,,,0,800,0.007,0.100,8,Yes
1SGS vs 1SGS (control),1395,,,0,800,0.007,0.100,8,Yes
1SGS vs 1SGS (control),1396,0,oneSGS,15,21,0.018,0.100,5,No
1SGS vs 1SGS (control),1397,2,oneSGS,10,35,0.014,0.100,9,No
1SGS vs 1SGS (control),1398,3,oneSGS,10,36,0.007,0.100,9,No
1SGS vs 1SGS (control),1399,2,oneSGS,10,27,0.010,0.100,9,No
1SGS vs 1SGS (control),1400,1,oneSGS,10,38,0.012,0.200,8,No
1SGS vs 1SGS (control),1401,,,0,800,0.013,0.100,8,Yes
1SGS vs 1SGS (control),1402,,,0,800,0.009,0.100,8,Yes
1SGS vs 1SGS (control),1403,1,oneSGS,10,38,0.009,0.100,9,No
1SGS vs 1SGS (control),1404,2,oneSGS,10,27,0.010,0.100,7,No
1SGS vs 1SGS (control),1405,,,0,800,0.008,0.100,7,Yes
1SGS vs 1SGS (control),1406,2,oneSGS,10,19,0.018,0.100,7,No
1SGS vs 1SGS (control),1407,3,oneSGS,15,36,0.016,0.100,7,No
1SGS vs 1SGS (control),1408,,,0,800,0.009,0.100,8,Yes
1SGS vs 1SGS (control),1409,,,0,800,0.013,0.100,7,Yes
1SGS vs 1SGS (control),1410,1,oneSGS,15,46,0.010,0.200,9,No
1SGS vs 1SGS (control),1411,3,oneSGS,10,36,0.015,0.100,9,No
1SGS vs 1SGS (control),1412,,,0,800,0.009,0.100,8,Yes
1SGS vs 1SGS (control),1413,2,oneSGS,10,39,0.002,0.100,9,No
1SGS vs 1SGS (control),1414,,,0,800,0.013,0.200,6,Yes
1SGS vs 1SGS (control),1415,2,oneSGS,10,39,0.007,0.100,9,No
1SGS vs 1SGS (control),1416,2,oneSGS,10,23,0.015,0.100,8,No
1SGS vs 1SGS (control),1417,2,oneSGS,10,39,0.016,0.100,8,No
1SGS vs 1SGS (control),1418,,,0,800,0.008,0.100,8,Yes
1SGS vs 1SGS (control),1419,0,oneSGS,10,17,0.019,0.100,6,No
1SGS vs 1SGS (control),1420,,,0,800,0.009,0.100,8,Yes
1SGS vs 1SGS (control),1421,,,0,800,0.011,0.100,8,Yes
1SGS vs 1SGS (control),1422,3,oneSGS,10,28,0.020,0.100,6,No
1SGS vs 1SGS (control),1423,,,0,800,0.004,0.100,8,Yes
1SGS vs 1SGS (control),1424,,,0,800,0.010,0.100,7,Yes
1SGS vs 1SGS (control),1425,,,0,800,0.009,0.100,6,Yes
1SGS vs 1SGS (control),1426,1,oneSGS,10,46,0.014,0.100,9,No
1SGS vs 1SGS (control),1427,2,oneSGS,10,35,0.007,0.100,9,No
1SGS vs 1SGS (control),1428,0,oneSGS,10,21,0.009,0.100,6,No
1SGS vs 1SGS (control),1429,,,0,800,0.014,0.200,8,Yes
1SGS vs 1SGS (control),1430,0,oneSGS,10,45,0.008,0.100,9,No
1SGS vs 1SGS (control),1431,0,oneSGS,10,21,0.021,0.100,6,No
1SGS vs 1SGS (control),1432,0,oneSGS,15,25,0.017,0.100,8,No
1SGS vs 1SGS (control),1433,0,oneSGS,10,25,0.007,0.100,9,No
1SGS vs 1SGS (control),1434,3,oneSGS,10,44,0.013,0.100,9,No
1SGS vs 1SGS (control),1435,2,oneSGS,10,31,0.009,0.100,8,No
1SGS vs 1SGS (control),1436,2,oneSGS,15,43,0.011,0.100,8,No
1SGS vs 1SGS (control),1437,0,oneSGS,10,29,0.007,0.100,9,No
1SGS vs 1SGS (control),1438,,,0,800,0.012,0.200,8,Yes
1SGS vs 1SGS (control),1439,2,oneSGS,10,19,0.005,0.100,5,No
1SGS vs 1SGS (control),1440,3,oneSGS,15,20,0.024,0.200,6,No
1SGS vs 1SGS (control),1441,,,0,800,0.008,0.100,8,Yes
1SGS vs 1SGS (control),1442,,,0,800,0.009,0.100,7,Yes
1SGS vs 1SGS (control),1443,0,oneSGS,15,33,0.011,0.100,8,No
1SGS vs 1SGS (control),1444,,,0,800,0.006,0.100,8,Yes
1SGS vs 1SGS (control),1445,2,oneSGS,10,39,0.012,0.100,8,No
1SGS vs 1SGS (control),1446,3,oneSGS,10,24,0.018,0.100,6,No
1SGS vs 1SGS (control),1447,,,0,800,0.006,0.100,7,Yes
1SGS vs 1SGS (control),1448,,,0,800,0.005,0.100,8,Yes
1SGS vs 1SGS (control),1449,,,0,800,0.017,0.200,8,Yes
1SGS vs 1SGS (control),1450,1,oneSGS,10,14,0.017,0.100,8,No
1SGS vs 1SGS (control),1451,,,0,800,0.009,0.200,7,Yes
1SGS vs 1SGS (control),1452,0,oneSGS,10,13,0.012,0.100,6,No
1SGS vs 1SGS (control),1453,0,oneSGS,15,25,0.010,0.100,8,No
1SGS vs 1SGS (control),1454,,,0,800,0.007,0.100,8,Yes
1SGS vs 1SGS (control),1455,2,oneSGS,10,31,0.012,0.100,8,No
1SGS vs 1SGS (control),1456,,,0,800,0.009,0.100,6,Yes
1SGS vs 1SGS (control),1457,1,oneSGS,10,22,0.026,0.100,7,No
1SGS vs 1SGS (control),1458,,,0,800,0.008,0.100,8,Yes
1SGS vs 1SGS (control),1459,0,oneSGS,15,33,0.009,0.100,8,No
1SGS vs 1SGS (control),1460,2,oneSGS,10,23,0.012,0.100,7,No
1SGS vs 1SGS (control),1461,3,oneSGS,15,24,0.011,0.100,7,No
1SGS vs 1SGS (control),1462,,,0,800,0.008,0.100,8,Yes
1SGS vs 1SGS (control),1463,3,oneSGS,10,12,0.012,0.100,7,No
1SGS vs 1SGS (control),1464,1,oneSGS,10,10,0.008,0.100,5,No
1SGS vs 1SGS (control),1465,0,oneSGS,10,45,0.008,0.100,9,No
1SGS vs 1SGS (control),1466,1,oneSGS,10,22,0.008,0.100,8,No
1SGS vs 1SGS (control),1467,3,oneSGS,15,16,0.006,0.100,7,No
1SGS vs 1SGS (control),1468,,,0,800,0.006,0.100,7,Yes
1SGS vs 1SGS (control),1469,,,0,800,0.005,0.100,8,Yes
1SGS vs 1SGS (control),1470,1,oneSGS,10,22,0.012,0.200,7,No
1SGS vs 1SGS (control),1471,3,oneSGS,10,32,0.014,0.100,9,No
1SGS vs 1SGS (control),1472,1,oneSGS,15,38,0.013,0.100,8,No
1SGS vs 1SGS (control),1473,2,oneSGS,10,23,0.012,0.100,6,No
1SGS vs 1SGS (control),1474,,,0,800,0.008,0.100,8,Yes
1SGS vs 1SGS (control),1475,,,0,800,0.009,0.100,8,Yes
1SGS vs 1SGS (control),1476,2,oneSGS,10,11,0.014,0.100,5,No
1SGS vs 1SGS (control),1477,2,oneSGS,10,23,0.012,0.100,7,No
1SGS vs 1SGS (control),1478,2,oneSGS,10,19,0.014,0.100,9,No
1SGS vs 1SGS (control),1479,2,oneSGS,10,19,0.014,0.100,5,No
1SGS vs 1SGS (control),1480,2,oneSGS,10,15,0.000,0.000,7,No
1SGS vs 1SGS (control),1481,,,0,800,0.011,0.100,8,Yes
1SGS vs 1SGS (control),1482,3,oneSGS,10,40,0.007,0.100,9,No
1SGS vs 1SGS (control),1483,3,oneSGS,15,36,0.008,0.100,7,No
1SGS vs 1SGS (control),1484,,,0,800,0.006,0.100,7,Yes
1SGS vs 1SGS (control),1485,,,0,800,0.006,0.100,8,Yes
1SGS vs 1SGS (control),1486,,,0,800,0.008,0.100,8,Yes
1SGS vs 1SGS (control),1487,1,oneSGS,15,34,0.011,0.100,9,No
1SGS vs 1SGS (control),1488,0,oneSGS,10,9,0.015,0.100,6,No
1SGS vs 1SGS (control),1489,,,0,800,0.013,0.100,6,Yes
1SGS vs 1SGS (control),1490,3,oneSGS,10,36,0.003,0.100,9,No
1SGS vs 1SGS (control),1491,2,oneSGS,10,11,0.029,0.100,7,No
1SGS vs 1SGS (control),1492,2,oneSGS,10,35,0.008,0.100,6,No
1SGS vs 1SGS (control),1493,3,oneSGS,10,36,0.014,0.100,9,No
1SGS vs 1SGS (control),1494,,,0,800,0.010,0.100,7,Yes
1SGS vs 1SGS (control),1495,2,oneSGS,10,11,0.017,0.100,6,No
1SGS vs 1SGS (control),1496,2,oneSGS,10,43,0.011,0.100,9,No
1SGS vs 1SGS (control),1497,,,0,800,0.010,0.100,7,Yes
1SGS vs 1SGS (control),1498,0,oneSGS,10,45,0.010,0.100,8,No
1SGS vs 1SGS (control),1499,,,0,800,0.011,0.100,8,Yes
1SGS vs 1SGS (control),1500,2,oneSGS,15,31,0.012,0.100,8,No
1SGS vs 1SGS (control),1501,3,oneSGS,10,48,0.010,0.100,9,No
1SGS vs 1SGS (control),1502,,,0,800,0.005,0.100,8,Yes
1SGS vs 1SGS (control),1503,,,0,800,0.006,0.100,8,Yes
1SGS vs 1SGS (control),1504,1,oneSGS,10,46,0.008,0.100,8,No
1SGS vs 1SGS (control),1505,0,oneSGS,10,45,0.012,0.200,8,No
1SGS vs 1SGS (control),1506,,,0,800,0.009,0.100,8,Yes
1SGS vs 1SGS (control),1507,3,oneSGS,10,36,0.011,0.200,9,No
1SGS vs 1SGS (control),1508,,,0,800,0.009,0.100,8,Yes
1SGS vs 1SGS (control),1509,,,0,800,0.011,0.100,8,Yes
1SGS vs 1SGS (control),1510,2,oneSGS,10,47,0.014,0.200,9,No
1SGS vs 1SGS (control),1511,,,0,800,0.009,0.100,8,Yes
1SGS vs 1SGS (control),1512,0,oneSGS,10,25,0.011,0.100,7,No
1SGS vs 1SGS (control),1513,1,oneSGS,10,26,0.010,0.100,8,No
1SGS vs 1SGS (control),1514,,,0,800,0.009,0.100,8,Yes
1SGS vs 1SGS (control),1515,1,oneSGS,10,22,0.008,0.100,7,No
1SGS vs 1SGS (control),1516,3,oneSGS,15,20,0.013,0.100,9,No
1SGS vs 1SGS (control),1517,,,0,800,0.008,0.100,7,Yes
1SGS vs 1SGS (control),1518,,,0,800,0.004,0.100,7,Yes
1SGS vs 1SGS (control),1519,1,oneSGS,10,26,0.018,0.100,7,No
1SGS vs 1SGS (control),1520,,,0,800,0.006,0.100,8,Yes
1SGS vs 1SGS (control),1521,0,oneSGS,10,21,0.015,0.100,7,No
1SGS vs 1SGS (control),1522,2,oneSGS,10,39,0.004,0.100,9,No
1SGS vs 1SGS (control),1523,2,oneSGS,10,31,0.012,0.100,8,No
1SGS vs 1SGS (control),1524,0,oneSGS,10,17,0.005,0.100,8,No
1SGS vs 1SGS (control),1525,,,0,800,0.006,0.100,8,Yes
1SGS vs 1SGS (control),1526,3,oneSGS,10,28,0.017,0.100,7,No
1SGS vs 1SGS (control),1527,,,0,800,0.014,0.100,8,Yes
1SGS vs 1SGS (control),1528,2,oneSGS,10,3,0.000,0.000,5,No
1SGS vs 1SGS (control),1529,,,0,800,0.006,0.100,8,Yes
1SGS vs 1SGS (control),1530,,,0,800,0.006,0.100,7,Yes
1SGS vs 1SGS (control),1531,0,oneSGS,10,37,0.008,0.100,6,No
1SGS vs 1SGS (control),1532,3,oneSGS,10,48,0.012,0.100,8,No
1SGS vs 1SGS (control),1533,0,oneSGS,10,45,0.010,0.100,9,No
1SGS vs 1SGS (control),1534,3,oneSGS,10,28,0.015,0.100,8,No
1SGS vs 1SGS (control),1535,1,oneSGS,10,42,0.010,0.100,9,No
1SGS vs 1SGS (control),1536,0,oneSGS,10,29,0.009,0.100,8,No
1SGS vs 1SGS (control),1537,,,0,800,0.009,0.100,8,Yes
1SGS vs 1SGS (control),1538,,,0,800,0.012,0.100,8,Yes
1SGS vs 1SGS (control),1539,,,0,800,0.005,0.100,8,Yes
1SGS vs 1SGS (control),1540,1,oneSGS,10,22,0.014,0.100,8,No
1SGS vs 1SGS (control),1541,,,0,800,0.009,0.100,8,Yes
1SGS vs 1SGS (control),1542,,,0,800,0.003,0.100,8,Yes
1SGS vs 1SGS (control),1543,0,oneSGS,10,41,0.020,0.100,8,No
1SGS vs 1SGS (control),1544,1,oneSGS,10,34,0.015,0.100,9,No
1SGS vs 1SGS (control),1545,1,oneSGS,10,30,0.011,0.100,9,No
1SGS vs 1SGS (control),1546,2,oneSGS,10,47,0.013,0.100,9,No
1SGS vs 1SGS (control),1547,,,0,800,0.008,0.100,8,Yes
1SGS vs 1SGS (control),1548,,,0,800,0.006,0.100,8,Yes
1SGS vs 1SGS (control),1549,,,0,800,0.006,0.100,8,Yes
1SGS vs 1SGS (control),1550,0,oneSGS,10,21,0.017,0.100,9,No
1SGS vs 1SGS (control),1551,0,oneSGS,10,9,0.018,0.100,5,No
1SGS vs 1SGS (control),1552,3,oneSGS,10,28,0.012,0.100,8,No
1SGS vs 1SGS (control),1553,1,oneSGS,10,34,0.011,0.100,7,No
1SGS vs 1SGS (control),1554,1,oneSGS,10,22,0.004,0.100,6,No
1SGS vs 1SGS (control),1555,,,0,800,0.007,0.100,8,Yes
1SGS vs 1SGS (control),1556,,,0,800,0.010,0.100,7,Yes
1SGS vs 1SGS (control),1557,0,oneSGS,10,21,0.012,0.100,9,No
1SGS vs 1SGS (control),1558,,,0,800,0.003,0.100,8,Yes
1SGS vs 1SGS (control),1559,,,0,800,0.011,0.100,8,Yes
1SGS vs 1SGS (control),1560,,,0,800,0.011,0.200,8,Yes
1SGS vs 1SGS (control),1561,,,0,800,0.008,0.100,8,Yes
1SGS vs 1SGS (control),1562,3,oneSGS,10,16,0.006,0.100,8,No
1SGS vs 1SGS (control),1563,0,oneSGS,10,25,0.014,0.100,8,No
1SGS vs 1SGS (control),1564,0,oneSGS,10,17,0.005,0.100,8,No
1SGS vs 1SGS (control),1565,1,oneSGS,10,38,0.012,0.100,8,No
1SGS vs 1SGS (control),1566,3,oneSGS,10,12,0.020,0.100,7,No
1SGS vs 1SGS (control),1567,0,oneSGS,10,45,0.014,0.100,8,No
1SGS vs 1SGS (control),1568,,,0,800,0.004,0.100,7,Yes
1SGS vs 1SGS (control),1569,1,oneSGS,10,42,0.009,0.100,8,No
1SGS vs 1SGS (control),1570,1,oneSGS,15,30,0.015,0.100,8,No
1SGS vs 1SGS (control),1571,1,oneSGS,15,22,0.012,0.100,9,No
1SGS vs 1SGS (control),1572,2,oneSGS,10,35,0.010,0.100,9,No
1SGS vs 1SGS (control),1573,0,oneSGS,10,17,0.014,0.200,7,No
1SGS vs 1SGS (control),1574,3,oneSGS,10,28,0.013,0.100,6,No
1SGS vs 1SGS (control),1575,2,oneSGS,10,19,0.015,0.100,4,No
1SGS vs 1SGS (control),1576,,,0,800,0.012,0.100,8,Yes
1SGS vs 1SGS (control),1577,,,0,800,0.009,0.200,8,Yes
1SGS vs 1SGS (control),1578,,,0,800,0.009,0.100,8,Yes
1SGS vs 1SGS (control),1579,,,0,800,0.009,0.100,7,Yes
1SGS vs 1SGS (control),1580,2,oneSGS,10,11,0.014,0.100,5,No
1SGS vs 1SGS (control),1581,1,oneSGS,15,22,0.021,0.100,9,No
1SGS vs 1SGS (control),1582,3,oneSGS,15,32,0.011,0.100,8,No
1SGS vs 1SGS (control),1583,0,oneSGS,10,21,0.012,0.100,8,No
1SGS vs 1SGS (control),1584,1,oneSGS,15,34,0.009,0.100,8,No
1SGS vs 1SGS (control),1585,,,0,800,0.006,0.100,7,Yes
1SGS vs 1SGS (control),1586,,,0,800,0.010,0.100,7,Yes
1SGS vs 1SGS (control),1587,0,oneSGS,15,45,0.008,0.100,9,No
1SGS vs 1SGS (control),1588,0,oneSGS,15,25,0.011,0.100,8,No
1SGS vs 1SGS (control),1589,1,oneSGS,10,30,0.009,0.100,9,No
1SGS vs 1SGS (control),1590,2,oneSGS,10,43,0.008,0.100,9,No
1SGS vs 1SGS (control),1591,1,oneSGS,10,34,0.016,0.200,7,No
1SGS vs 1SGS (control),1592,,,0,800,0.006,0.200,8,Yes
1SGS vs 1SGS (control),1593,0,oneSGS,15,25,0.012,0.100,7,No
1SGS vs 1SGS (control),1594,,,0,800,0.009,0.100,8,Yes
1SGS vs 1SGS (control),1595,,,0,800,0.007,0.100,7,Yes
1SGS vs 1SGS (control),1596,,,0,800,0.012,0.100,8,Yes
1SGS vs 1SGS (control),1597,,,0,800,0.006,0.100,8,Yes
1SGS vs 1SGS (control),1598,,,0,800,0.009,0.100,8,Yes
1SGS vs 1SGS (control),1599,3,oneSGS,10,36,0.010,0.100,9,No
1SGS vs 1SGS (control),1600,0,oneSGS,10,21,0.012,0.100,7,No
1SGS vs 1SGS (control),1601,,,0,800,0.011,0.100,8,Yes
1SGS vs 1SGS (control),1602,,,0,800,0.006,0.100,8,Yes
1SGS vs 1SGS (control),1603,,,0,800,0.009,0.100,7,Yes
1SGS vs 1SGS (control),1604,,,0,800,0.012,0.100,7,Yes
1SGS vs 1SGS (control),1605,1,oneSGS,10,34,0.011,0.100,9,No
1SGS vs 1SGS (control),1606,2,oneSGS,10,27,0.016,0.100,8,No
1SGS vs 1SGS (control),1607,1,oneSGS,10,6,0.012,0.100,6,No
1SGS vs 1SGS (control),1608,,,0,800,0.007,0.100,7,Yes
1SGS vs 1SGS (control),1609,,,0,800,0.008,0.100,8,Yes
1SGS vs 1SGS (control),1610,0,oneSGS,10,41,0.013,0.100,9,No
1SGS vs 1SGS (control),1611,,,0,800,0.009,0.100,7,Yes
1SGS vs 1SGS (control),1612,,,0,800,0.006,0.100,8,Yes
1SGS vs 1SGS (control),1613,,,0,800,0.015,0.100,8,Yes
1SGS vs 1SGS (control),1614,1,oneSGS,15,6,0.000,0.000,7,No
1SGS vs 1SGS (control),1615,0,oneSGS,15,29,0.020,0.100,9,No
1SGS vs 1SGS (control),1616,,,0,800,0.008,0.100,8,Yes
1SGS vs 1SGS (control),1617,1,oneSGS,10,34,0.011,0.100,9,No
1SGS vs 1SGS (control),1618,,,0,800,0.003,0.100,8,Yes
1SGS vs 1SGS (control),1619,,,0,800,0.006,0.100,8,Yes
1SGS vs 1SGS (control),1620,,,0,800,0.009,0.100,7,Yes
1SGS vs 1SGS (control),1621,,,0,800,0.025,0.200,6,Yes
1SGS vs 1SGS (control),1622,,,0,800,0.010,0.100,8,Yes
1SGS vs 1SGS (control),1623,0,oneSGS,10,13,0.013,0.100,5,No
1SGS vs 1SGS (control),1624,,,0,800,0.005,0.100,8,Yes
1SGS vs 1SGS (control),1625,2,oneSGS,15,11,0.007,0.100,6,No
1SGS vs 1SGS (control),1626,0,oneSGS,15,33,0.014,0.100,8,No
1SGS vs 1SGS (control),1627,,,0,800,0.007,0.100,8,Yes
1SGS vs 1SGS (control),1628,0,oneSGS,10,21,0.017,0.100,6,No
1SGS vs 1SGS (control),1629,1,oneSGS,10,38,0.010,0.100,9,No
1SGS vs 1SGS (control),1630,,,0,800,0.009,0.100,7,Yes
1SGS vs 1SGS (control),1631,,,0,800,0.005,0.100,8,Yes
1SGS vs 1SGS (control),1632,2,oneSGS,10,19,0.010,0.100,8,No
1SGS vs 1SGS (control),1633,2,oneSGS,15,43,0.009,0.100,9,No
1SGS vs 1SGS (control),1634,,,0,800,0.009,0.100,8,Yes
1SGS vs 1SGS (control),1635,,,0,800,0.009,0.100,7,Yes
1SGS vs 1SGS (control),1636,1,oneSGS,10,38,0.013,0.100,7,No
1SGS vs 1SGS (control),1637,1,oneSGS,15,34,0.013,0.100,9,No
1SGS vs 1SGS (control),1638,,,0,800,0.010,0.100,7,Yes
1SGS vs 1SGS (control),1639,0,oneSGS,10,25,0.018,0.100,7,No
1SGS vs 1SGS (control),1640,1,oneSGS,10,30,0.011,0.100,9,No
1SGS vs 1SGS (control),1641,2,oneSGS,15,43,0.011,0.100,9,No
1SGS vs 1SGS (control),1642,,,0,800,0.009,0.100,8,Yes
1SGS vs 1SGS (control),1643,,,0,800,0.008,0.100,8,Yes
1SGS vs 1SGS (control),1644,,,0,800,0.009,0.100,8,Yes
1SGS vs 1SGS (control),1645,3,oneSGS,15,16,0.018,0.100,7,No
1SGS vs 1SGS (control),1646,3,oneSGS,10,48,0.009,0.100,7,No
1SGS vs 1SGS (control),1647,,,0,800,0.009,0.100,7,Yes
1SGS vs 1SGS (control),1648,,,0,800,0.006,0.100,8,Yes
1SGS vs 1SGS (control),1649,3,oneSGS,10,8,0.027,0.100,6,No
1SGS vs 1SGS (control),1650,,,0,800,0.008,0.100,7,Yes
1SGS vs 1SGS (control),1651,,,0,800,0.002,0.100,8,Yes
1SGS vs 1SGS (control),1652,,,0,800,0.007,0.100,7,Yes
1SGS vs 1SGS (control),1653,,,0,800,0.006,0.200,8,Yes
1SGS vs 1SGS (control),1654,2,oneSGS,10,23,0.019,0.100,8,No
1SGS vs 1SGS (control),1655,0,oneSGS,10,13,0.031,0.200,7,No
1SGS vs 1SGS (control),1656,,,0,800,0.010,0.100,7,Yes
1SGS vs 1SGS (control),1657,3,oneSGS,15,44,0.015,0.100,7,No
1SGS vs 1SGS (control),1658,3,oneSGS,10,36,0.015,0.100,7,No
1SGS vs 1SGS (control),1659,,,0,800,0.008,0.100,8,Yes
1SGS vs 1SGS (control),1660,2,oneSGS,10,43,0.011,0.100,9,No
1SGS vs 1SGS (control),1661,3,oneSGS,10,24,0.018,0.100,8,No
1SGS vs 1SGS (control),1662,2,oneSGS,10,19,0.013,0.100,8,No
1SGS vs 1SGS (control),1663,3,oneSGS,15,20,0.009,0.100,8,No
1SGS vs 1SGS (control),1664,,,0,800,0.006,0.100,8,Yes
1SGS vs 1SGS (control),1665,1,oneSGS,10,30,0.015,0.100,8,No
1SGS vs 1SGS (control),1666,3,oneSGS,10,36,0.010,0.100,8,No
1SGS vs 1SGS (control),1667,,,0,800,0.008,0.100,8,Yes
1SGS vs 1SGS (control),1668,,,0,800,0.006,0.100,8,Yes
1SGS vs 1SGS (control),1669,1,oneSGS,10,46,0.012,0.100,9,No
1SGS vs 1SGS (control),1670,1,oneSGS,10,6,0.014,0.100,4,No
1SGS vs 1SGS (control),1671,3,oneSGS,10,16,0.015,0.200,7,No
1SGS vs 1SGS (control),1672,2,oneSGS,15,23,0.017,0.100,6,No
1SGS vs 1SGS (control),1673,,,0,800,0.006,0.100,8,Yes
1SGS vs 1SGS (control),1674,,,0,800,0.008,0.100,8,Yes
1SGS vs 1SGS (control),1675,0,oneSGS,10,13,0.019,0.100,8,No
1SGS vs 1SGS (control),1676,,,0,800,0.008,0.100,8,Yes
1SGS vs 1SGS (control),1677,2,oneSGS,15,31,0.012,0.100,9,No
1SGS vs 1SGS (control),1678,1,oneSGS,10,26,0.009,0.200,8,No
1SGS vs 1SGS (control),1679,1,oneSGS,10,34,0.008,0.100,8,No
1SGS vs 1SGS (control),1680,1,oneSGS,15,42,0.004,0.100,9,No
1SGS vs 1SGS (control),1681,,,0,800,0.006,0.100,7,Yes
1SGS vs 1SGS (control),1682,2,oneSGS,10,27,0.013,0.100,8,No
1SGS vs 1SGS (control),1683,1,oneSGS,10,22,0.020,0.100,7,No
1SGS vs 1SGS (control),1684,0,oneSGS,15,13,0.013,0.100,8,No
1SGS vs 1SGS (control),1685,2,oneSGS,15,43,0.013,0.100,8,No
1SGS vs 1SGS (control),1686,0,oneSGS,10,25,0.067,0.300,7,No
1SGS vs 1SGS (control),1687,3,oneSGS,15,32,0.044,0.200,9,No
1SGS vs 1SGS (control),1688,2,oneSGS,10,23,0.046,0.200,8,No
1SGS vs 1SGS (control),1689,1,oneSGS,10,22,0.063,0.200,5,No
1SGS vs 1SGS (control),1690,,,0,800,0.042,0.200,7,Yes
1SGS vs 1SGS (control),1691,3,oneSGS,10,32,0.046,0.500,9,No
1SGS vs 1SGS (control),1692,0,oneSGS,10,21,0.042,0.200,5,No
1SGS vs 1SGS (control),1693,,,0,800,0.018,0.100,8,Yes
1SGS vs 1SGS (control),1694,1,oneSGS,15,30,0.023,0.200,7,No
1SGS vs 1SGS (control),1695,1,oneSGS,10,26,0.039,0.100,8,No
1SGS vs 1SGS (control),1696,,,0,800,0.007,0.100,7,Yes
1SGS vs 1SGS (control),1697,3,oneSGS,10,36,0.012,0.100,9,No
1SGS vs 1SGS (control),1698,,,0,800,0.007,0.100,8,Yes
1SGS vs 1SGS (control),1699,,,0,800,0.008,0.100,8,Yes
1SGS vs 1SGS (control),1700,,,0,800,0.006,0.100,8,Yes
1SGS vs 1SGS (control),1701,2,oneSGS,10,19,0.050,0.200,8,No
1SGS vs 1SGS (control),1702,,,0,800,0.023,0.100,8,Yes
1SGS vs 1SGS (control),1703,0,oneSGS,15,9,0.045,0.100,5,No
1SGS vs 1SGS (control),1704,2,oneSGS,10,47,0.021,0.200,9,No
1SGS vs 1SGS (control),1705,,,0,800,0.021,0.200,8,Yes
1SGS vs 1SGS (control),1706,3,oneSGS,15,12,0.046,0.200,5,No
1SGS vs 1SGS (control),1707,,,0,800,0.022,0.200,7,Yes
1SGS vs 1SGS (control),1708,,,0,800,0.018,0.100,7,Yes
1SGS vs 1SGS (control),1709,3,oneSGS,10,40,0.019,0.200,9,No
1SGS vs 1SGS (control),1710,,,0,800,0.012,0.200,8,Yes
1SGS vs 1SGS (control),1711,,,0,800,0.010,0.100,8,Yes
1SGS vs 1SGS (control),1712,2,oneSGS,10,31,0.011,0.100,9,No
1SGS vs 1SGS (control),1713,,,0,800,0.008,0.100,8,Yes
1SGS vs 1SGS (control),1714,,,0,800,0.008,0.100,8,Yes
1SGS vs 1SGS (control),1715,,,0,800,0.011,0.100,8,Yes
1SGS vs 1SGS (control),1716,0,oneSGS,10,25,0.018,0.100,7,No
1SGS vs 1SGS (control),1717,0,oneSGS,10,17,0.029,0.100,7,No
1SGS vs 1SGS (control),1718,,,0,800,0.006,0.100,8,Yes
1SGS vs 1SGS (control),1719,3,oneSGS,10,24,0.029,0.200,6,No
1SGS vs 1SGS (control),1720,,,0,800,0.016,0.100,7,Yes
1SGS vs 1SGS (control),1721,,,0,800,0.018,0.100,8,Yes
1SGS vs 1SGS (control),1722,,,0,800,0.006,0.100,7,Yes
1SGS vs 1SGS (control),1723,2,oneSGS,10,35,0.008,0.100,7,No
1SGS vs 1SGS (control),1724,,,0,800,0.009,0.100,7,Yes
1SGS vs 1SGS (control),1725,1,oneSGS,10,18,0.014,0.100,7,No
1SGS vs 1SGS (control),1726,,,0,800,0.014,0.100,7,Yes
1SGS vs 1SGS (control),1727,2,oneSGS,10,43,0.007,0.100,9,No
1SGS vs 1SGS (control),1728,2,oneSGS,10,31,0.012,0.100,9,No
1SGS vs 1SGS (control),1729,,,0,800,0.006,0.100,8,Yes
1SGS vs 1SGS (control),1730,0,oneSGS,10,25,0.004,0.100,8,No
1SGS vs 1SGS (control),1731,,,0,800,0.006,0.100,8,Yes
1SGS vs 1SGS (control),1732,1,oneSGS,10,26,0.010,0.100,9,No
1SGS vs 1SGS (control),1733,1,oneSGS,10,30,0.015,0.100,7,No
1SGS vs 1SGS (control),1734,3,oneSGS,10,28,0.013,0.100,8,No
1SGS vs 1SGS (control),1735,,,0,800,0.006,0.100,8,Yes
1SGS vs 1SGS (control),1736,,,0,800,0.006,0.100,8,Yes
1SGS vs 1SGS (control),1737,,,0,800,0.012,0.200,7,Yes
1SGS vs 1SGS (control),1738,,,0,800,0.005,0.100,8,Yes
1SGS vs 1SGS (control),1739,2,oneSGS,10,31,0.017,0.100,9,No
1SGS vs 1SGS (control),1740,2,oneSGS,10,27,0.017,0.100,9,No
1SGS vs 1SGS (control),1741,,,0,800,0.009,0.100,8,Yes
1SGS vs 1SGS (control),1742,2,oneSGS,15,27,0.019,0.100,9,No
1SGS vs 1SGS (control),1743,,,0,800,0.010,0.200,7,Yes
1SGS vs 1SGS (control),1744,,,0,800,0.009,0.100,8,Yes
1SGS vs 1SGS (control),1745,,,0,800,0.013,0.100,6,Yes
1SGS vs 1SGS (control),1746,1,oneSGS,15,30,0.013,0.100,7,No
1SGS vs 1SGS (control),1747,2,oneSGS,10,43,0.009,0.100,9,No
1SGS vs 1SGS (control),1748,,,0,800,0.008,0.100,8,Yes
1SGS vs 1SGS (control),1749,,,0,800,0.008,0.100,8,Yes
1SGS vs 1SGS (control),1750,2,oneSGS,10,43,0.008,0.100,9,No
1SGS vs 1SGS (control),1751,,,0,800,0.009,0.100,8,Yes
1SGS vs 1SGS (control),1752,1,oneSGS,15,34,0.006,0.100,8,No
1SGS vs 1SGS (control),1753,,,0,800,0.009,0.100,8,Yes
1SGS vs 1SGS (control),1754,1,oneSGS,10,30,0.015,0.100,6,No
1SGS vs 1SGS (control),1755,3,oneSGS,10,28,0.010,0.100,6,No
1SGS vs 1SGS (control),1756,2,oneSGS,10,7,0.010,0.100,7,No
1SGS vs 1SGS (control),1757,3,oneSGS,10,48,0.009,0.100,9,No
1SGS vs 1SGS (control),1758,1,oneSGS,10,26,0.019,0.100,7,No
1SGS vs 1SGS (control),1759,0,oneSGS,10,33,0.005,0.100,9,No
1SGS vs 1SGS (control),1760,,,0,800,0.008,0.100,8,Yes
1SGS vs 1SGS (control),1761,0,oneSGS,10,41,0.029,0.300,8,No
1SGS vs 1SGS (control),1762,1,oneSGS,15,22,0.013,0.100,8,No
1SGS vs 1SGS (control),1763,2,oneSGS,10,35,0.010,0.100,7,No
1SGS vs 1SGS (control),1764,,,0,800,0.007,0.100,8,Yes
1SGS vs 1SGS (control),1765,2,oneSGS,10,43,0.006,0.100,9,No
1SGS vs 1SGS (control),1766,0,oneSGS,15,13,0.015,0.100,5,No
1SGS vs 1SGS (control),1767,,,0,800,0.008,0.100,8,Yes
1SGS vs 1SGS (control),1768,1,oneSGS,10,30,0.014,0.100,7,No
1SGS vs 1SGS (control),1769,,,0,800,0.006,0.100,8,Yes
1SGS vs 1SGS (control),1770,,,0,800,0.011,0.200,8,Yes
1SGS vs 1SGS (control),1771,,,0,800,0.005,0.100,8,Yes
1SGS vs 1SGS (control),1772,,,0,800,0.010,0.100,8,Yes
1SGS vs 1SGS (control),1773,,,0,800,0.008,0.100,8,Yes
1SGS vs 1SGS (control),1774,2,oneSGS,10,15,0.018,0.100,8,No
1SGS vs 1SGS (control),1775,3,oneSGS,10,24,0.015,0.100,6,No
1SGS vs 1SGS (control),1776,3,oneSGS,10,44,0.009,0.100,9,No
1SGS vs 1SGS (control),1777,0,oneSGS,10,25,0.019,0.100,6,No
1SGS vs 1SGS (control),1778,3,oneSGS,10,24,0.011,0.100,8,No
1SGS vs 1SGS (control),1779,,,0,800,0.006,0.100,8,Yes
1SGS vs 1SGS (control),1780,0,oneSGS,10,37,0.007,0.100,9,No
1SGS vs 1SGS (control),1781,,,0,800,0.012,0.100,8,Yes
1SGS vs 1SGS (control),1782,0,oneSGS,10,25,0.014,0.100,8,No
1SGS vs 1SGS (control),1783,0,oneSGS,10,29,0.013,0.100,7,No
1SGS vs 1SGS (control),1784,,,0,800,0.009,0.100,7,Yes
1SGS vs 1SGS (control),1785,,,0,800,0.008,0.100,8,Yes
1SGS vs 1SGS (control),1786,2,oneSGS,15,19,0.027,0.100,8,No
1SGS vs 1SGS (control),1787,0,oneSGS,10,41,0.007,0.100,9,No
1SGS vs 1SGS (control),1788,2,oneSGS,15,43,0.011,0.100,7,No
1SGS vs 1SGS (control),1789,2,oneSGS,10,23,0.015,0.100,8,No
1SGS vs 1SGS (control),1790,,,0,800,0.007,0.100,8,Yes
1SGS vs 1SGS (control),1791,3,oneSGS,15,36,0.010,0.100,9,No
1SGS vs 1SGS (control),1792,,,0,800,0.009,0.100,7,Yes
1SGS vs 1SGS (control),1793,3,oneSGS,15,32,0.017,0.200,9,No
1SGS vs 1SGS (control),1794,2,oneSGS,15,11,0.017,0.100,5,No
1SGS vs 1SGS (control),1795,3,oneSGS,15,48,0.012,0.100,9,No
1SGS vs 1SGS (control),1796,2,oneSGS,10,31,0.020,0.100,7,No
1SGS vs 1SGS (control),1797,0,oneSGS,15,33,0.022,0.200,7,No
1SGS vs 1SGS (control),1798,,,0,800,0.009,0.100,8,Yes
1SGS vs 1SGS (control),1799,3,oneSGS,10,40,0.014,0.100,8,No
1SGS vs 1SGS (control),1800,,,0,800,0.008,0.100,8,Yes
1SGS vs 1SGS (control),1801,0,oneSGS,10,25,0.014,0.100,8,No
1SGS vs 1SGS (control),1802,,,0,800,0.007,0.100,7,Yes
1SGS vs 1SGS (control),1803,,,0,800,0.006,0.100,8,Yes
1SGS vs 1SGS (control),1804,0,oneSGS,15,25,0.011,0.100,7,No
1SGS vs 1SGS (control),1805,,,0,800,0.012,0.100,7,Yes
1SGS vs 1SGS (control),1806,,,0,800,0.013,0.100,7,Yes
1SGS vs 1SGS (control),1807,1,oneSGS,10,26,0.020,0.100,9,No
1SGS vs 1SGS (control),1808,2,oneSGS,15,31,0.015,0.100,8,No
1SGS vs 1SGS (control),1809,0,oneSGS,15,41,0.009,0.100,9,No
1SGS vs 1SGS (control),1810,,,0,800,0.006,0.100,8,Yes
1SGS vs 1SGS (control),1811,0,oneSGS,10,45,0.010,0.100,8,No
1SGS vs 1SGS (control),1812,1,oneSGS,10,46,0.006,0.100,8,No
1SGS vs 1SGS (control),1813,,,0,800,0.009,0.100,8,Yes
1SGS vs 1SGS (control),1814,,,0,800,0.007,0.100,8,Yes
1SGS vs 1SGS (control),1815,0,oneSGS,10,21,0.017,0.100,8,No
1SGS vs 1SGS (control),1816,2,oneSGS,15,11,0.023,0.100,5,No
1SGS vs 1SGS (control),1817,,,0,800,0.002,0.100,8,Yes
1SGS vs 1SGS (control),1818,,,0,800,0.005,0.100,8,Yes
1SGS vs 1SGS (control),1819,,,0,800,0.006,0.100,8,Yes
1SGS vs 1SGS (control),1820,,,0,800,0.010,0.100,7,Yes
1SGS vs 1SGS (control),1821,,,0,800,0.007,0.100,6,Yes
1SGS vs 1SGS (control),1822,1,oneSGS,10,14,0.011,0.100,6,No
1SGS vs 1SGS (control),1823,1,oneSGS,15,38,0.010,0.100,7,No
1SGS vs 1SGS (control),1824,0,oneSGS,15,21,0.017,0.100,6,No
1SGS vs 1SGS (control),1825,1,oneSGS,10,38,0.012,0.100,7,No
1SGS vs 1SGS (control),1826,3,oneSGS,15,36,0.005,0.100,9,No
1SGS vs 1SGS (control),1827,2,oneSGS,10,39,0.016,0.100,8,No
1SGS vs 1SGS (control),1828,3,oneSGS,15,24,0.011,0.100,9,No
1SGS vs 1SGS (control),1829,2,oneSGS,15,31,0.009,0.100,7,No
1SGS vs 1SGS (control),1830,1,oneSGS,10,26,0.007,0.100,8,No
1SGS vs 1SGS (control),1831,,,0,800,0.009,0.100,7,Yes
1SGS vs 1SGS (control),1832,,,0,800,0.009,0.100,8,Yes
1SGS vs 1SGS (control),1833,0,oneSGS,10,13,0.012,0.100,8,No
1SGS vs 1SGS (control),1834,,,0,800,0.007,0.100,6,Yes
1SGS vs 1SGS (control),1835,1,oneSGS,10,26,0.010,0.100,9,No
1SGS vs 1SGS (control),1836,,,0,800,0.009,0.100,7,Yes
1SGS vs 1SGS (control),1837,,,0,800,0.009,0.100,8,Yes
1SGS vs 1SGS (control),1838,0,oneSGS,10,9,0.018,0.100,6,No
1SGS vs 1SGS (control),1839,0,oneSGS,10,21,0.017,0.100,6,No
1SGS vs 1SGS (control),1840,,,0,800,0.009,0.100,8,Yes
1SGS vs 1SGS (control),1841,1,oneSGS,10,26,0.007,0.100,9,No
1SGS vs 1SGS (control),1842,1,oneSGS,15,14,0.012,0.100,7,No
1SGS vs 1SGS (control),1843,,,0,800,0.011,0.100,8,Yes
1SGS vs 1SGS (control),1844,3,oneSGS,15,48,0.013,0.100,8,No
1SGS vs 1SGS (control),1845,,,0,800,0.008,0.100,8,Yes
1SGS vs 1SGS (control),1846,1,oneSGS,10,22,0.015,0.100,7,No
1SGS vs 1SGS (control),1847,0,oneSGS,15,17,0.011,0.100,8,No
1SGS vs 1SGS (control),1848,0,oneSGS,10,41,0.009,0.100,7,No
1SGS vs 1SGS (control),1849,,,0,800,0.011,0.100,8,Yes
1SGS vs 1SGS (control),1850,0,oneSGS,15,17,0.011,0.100,8,No
1SGS vs 1SGS (control),1851,1,oneSGS,10,46,0.014,0.100,7,No
1SGS vs 1SGS (control),1852,,,0,800,0.007,0.100,7,Yes
1SGS vs 1SGS (control),1853,3,oneSGS,10,36,0.012,0.100,7,No
1SGS vs 1SGS (control),1854,1,oneSGS,10,18,0.009,0.100,7,No
1SGS vs 1SGS (control),1855,,,0,800,0.007,0.100,8,Yes
1SGS vs 1SGS (control),1856,0,oneSGS,10,29,0.048,0.200,7,No
1SGS vs 1SGS (control),1857,3,oneSGS,10,20,0.046,0.100,7,No
1SGS vs 1SGS (control),1858,0,oneSGS,15,41,0.029,0.300,9,No
1SGS vs 1SGS (control),1859,1,oneSGS,15,10,0.055,0.200,5,No
1SGS vs 1SGS (control),1860,2,oneSGS,10,27,0.029,0.200,8,No
1SGS vs 1SGS (control),1861,1,oneSGS,10,26,0.015,0.100,8,No
1SGS vs 1SGS (control),1862,0,oneSGS,10,41,0.007,0.100,9,No
1SGS vs 1SGS (control),1863,0,oneSGS,15,25,0.012,0.100,6,No
1SGS vs 1SGS (control),1864,,,0,800,0.009,0.100,8,Yes
1SGS vs 1SGS (control),1865,1,oneSGS,10,18,0.024,0.100,6,No
1SGS vs 1SGS (control),1866,,,0,800,0.011,0.100,8,Yes
1SGS vs 1SGS (control),1867,1,oneSGS,15,10,0.020,0.100,4,No
1SGS vs 1SGS (control),1868,,,0,800,0.010,0.100,7,Yes
1SGS vs 1SGS (control),1869,,,0,800,0.013,0.200,8,Yes
1SGS vs 1SGS (control),1870,0,oneSGS,10,45,0.010,0.100,9,No
1SGS vs 1SGS (control),1871,2,oneSGS,15,35,0.013,0.100,9,No
1SGS vs 1SGS (control),1872,3,oneSGS,10,44,0.015,0.100,8,No
1SGS vs 1SGS (control),1873,,,0,800,0.010,0.100,8,Yes
1SGS vs 1SGS (control),1874,,,0,800,0.012,0.100,7,Yes
1SGS vs 1SGS (control),1875,0,oneSGS,15,17,0.019,0.100,8,No
1SGS vs 1SGS (control),1876,1,oneSGS,15,38,0.009,0.100,9,No
1SGS vs 1SGS (control),1877,3,oneSGS,15,20,0.024,0.200,6,No
1SGS vs 1SGS (control),1878,0,oneSGS,10,25,0.010,0.100,8,No
1SGS vs 1SGS (control),1879,,,0,800,0.014,0.100,8,Yes
1SGS vs 1SGS (control),1880,0,oneSGS,10,9,0.020,0.200,5,No
1SGS vs 1SGS (control),1881,0,oneSGS,15,37,0.013,0.100,8,No
1SGS vs 1SGS (control),1882,0,oneSGS,15,17,0.006,0.100,4,No
1SGS vs 1SGS (control),1883,1,oneSGS,15,10,0.020,0.100,5,No
1SGS vs 1SGS (control),1884,1,oneSGS,10,34,0.010,0.100,9,No
1SGS vs 1SGS (control),1885,,,0,800,0.008,0.100,7,Yes
1SGS vs 1SGS (control),1886,2,oneSGS,10,27,0.035,0.200,8,No
1SGS vs 1SGS (control),1887,3,oneSGS,10,44,0.037,0.500,9,No
1SGS vs 1SGS (control),1888,,,0,800,0.016,0.100,8,Yes
1SGS vs 1SGS (control),1889,,,0,800,0.017,0.100,7,Yes
1SGS vs 1SGS (control),1890,2,oneSGS,10,15,0.044,0.200,7,No
1SGS vs 1SGS (control),1891,,,0,800,0.005,0.100,8,Yes
1SGS vs 1SGS (control),1892,1,oneSGS,10,10,0.009,0.100,5,No
1SGS vs 1SGS (control),1893,,,0,800,0.006,0.100,8,Yes
1SGS vs 1SGS (control),1894,,,0,800,0.009,0.100,8,Yes
1SGS vs 1SGS (control),1895,1,oneSGS,10,26,0.014,0.100,7,No
1SGS vs 1SGS (control),1896,0,oneSGS,15,21,0.012,0.100,8,No
1SGS vs 1SGS (control),1897,,,0,800,0.010,0.100,8,Yes
1SGS vs 1SGS (control),1898,,,0,800,0.011,0.100,8,Yes
1SGS vs 1SGS (control),1899,3,oneSGS,10,4,0.017,0.100,4,No
1SGS vs 1SGS (control),1900,1,oneSGS,15,14,0.019,0.200,7,No
1SGS vs 1SGS (control),1901,1,oneSGS,10,26,0.011,0.100,8,No
1SGS vs 1SGS (control),1902,,,0,800,0.007,0.100,8,Yes
1SGS vs 1SGS (control),1903,,,0,800,0.008,0.100,7,Yes
1SGS vs 1SGS (control),1904,3,oneSGS,10,40,0.007,0.100,9,No
1SGS vs 1SGS (control),1905,,,0,800,0.011,0.100,7,Yes
1SGS vs 1SGS (control),1906,,,0,800,0.008,0.100,8,Yes
1SGS vs 1SGS (control),1907,,,0,800,0.008,0.100,8,Yes
1SGS vs 1SGS (control),1908,3,oneSGS,15,36,0.008,0.100,8,No
1SGS vs 1SGS (control),1909,2,oneSGS,10,23,0.004,0.100,9,No
1SGS vs 1SGS (control),1910,1,oneSGS,10,10,0.015,0.100,6,No
1SGS vs 1SGS (control),1911,2,oneSGS,10,47,0.009,0.100,9,No
1SGS vs 1SGS (control),1912,3,oneSGS,10,16,0.021,0.100,7,No
1SGS vs 1SGS (control),1913,1,oneSGS,10,26,0.014,0.200,7,No
1SGS vs 1SGS (control),1914,,,0,800,0.005,0.100,8,Yes
1SGS vs 1SGS (control),1915,0,oneSGS,15,29,0.010,0.100,6,No
1SGS vs 1SGS (control),1916,1,oneSGS,10,38,0.013,0.100,9,No
1SGS vs 1SGS (control),1917,,,0,800,0.006,0.100,8,Yes
1SGS vs 1SGS (control),1918,,,0,800,0.011,0.100,8,Yes
1SGS vs 1SGS (control),1919,,,0,800,0.009,0.100,7,Yes
1SGS vs 1SGS (control),1920,3,oneSGS,15,44,0.009,0.200,9,No
1SGS vs 1SGS (control),1921,2,oneSGS,10,35,0.008,0.100,9,No
1SGS vs 1SGS (control),1922,2,oneSGS,10,27,0.018,0.100,9,No
1SGS vs 1SGS (control),1923,,,0,800,0.007,0.100,8,Yes
1SGS vs 1SGS (control),1924,1,oneSGS,10,42,0.011,0.100,9,No
1SGS vs 1SGS (control),1925,,,0,800,0.008,0.100,8,Yes
1SGS vs 1SGS (control),1926,1,oneSGS,10,18,0.015,0.100,8,No
1SGS vs 1SGS (control),1927,,,0,800,0.007,0.100,8,Yes
1SGS vs 1SGS (control),1928,3,oneSGS,15,36,0.013,0.100,9,No
1SGS vs 1SGS (control),1929,3,oneSGS,10,44,0.009,0.100,7,No
1SGS vs 1SGS (control),1930,2,oneSGS,10,47,0.008,0.100,9,No
1SGS vs 1SGS (control),1931,2,oneSGS,10,35,0.010,0.100,9,No
1SGS vs 1SGS (control),1932,2,oneSGS,10,27,0.007,0.100,8,No
1SGS vs 1SGS (control),1933,1,oneSGS,15,34,0.011,0.100,8,No
1SGS vs 1SGS (control),1934,1,oneSGS,10,14,0.018,0.100,7,No
1SGS vs 1SGS (control),1935,,,0,800,0.006,0.100,7,Yes
1SGS vs 1SGS (control),1936,,,0,800,0.005,0.100,7,Yes
1SGS vs 1SGS (control),1937,,,0,800,0.006,0.100,7,Yes
1SGS vs 1SGS (control),1938,,,0,800,0.012,0.100,8,Yes
1SGS vs 1SGS (control),1939,,,0,800,0.008,0.100,7,Yes
1SGS vs 1SGS (control),1940,,,0,800,0.009,0.100,8,Yes
1SGS vs 1SGS (control),1941,3,oneSGS,10,40,0.014,0.100,7,No
1SGS vs 1SGS (control),1942,0,oneSGS,10,9,0.023,0.100,5,No
1SGS vs 1SGS (control),1943,1,oneSGS,10,42,0.008,0.100,7,No
1SGS vs 1SGS (control),1944,1,oneSGS,10,34,0.003,0.100,7,No
1SGS vs 1SGS (control),1945,2,oneSGS,10,39,0.012,0.100,8,No
1SGS vs 1SGS (control),1946,,,0,800,0.012,0.100,7,Yes
1SGS vs 1SGS (control),1947,1,oneSGS,15,34,0.011,0.100,8,No
1SGS vs 1SGS (control),1948,,,0,800,0.008,0.100,8,Yes
1SGS vs 1SGS (control),1949,1,oneSGS,15,30,0.012,0.100,8,No
1SGS vs 1SGS (control),1950,3,oneSGS,10,32,0.014,0.100,6,No
1SGS vs 1SGS (control),1951,3,oneSGS,10,40,0.014,0.100,8,No
1SGS vs 1SGS (control),1952,1,oneSGS,10,18,0.023,0.100,8,No
1SGS vs 1SGS (control),1953,1,oneSGS,10,46,0.008,0.100,7,No
1SGS vs 1SGS (control),1954,,,0,800,0.009,0.100,8,Yes
1SGS vs 1SGS (control),1955,2,oneSGS,10,43,0.010,0.100,9,No
1SGS vs 1SGS (control),1956,,,0,800,0.009,0.100,8,Yes
1SGS vs 1SGS (control),1957,2,oneSGS,10,43,0.011,0.100,7,No
1SGS vs 1SGS (control),1958,3,oneSGS,10,32,0.014,0.100,8,No
1SGS vs 1SGS (control),1959,1,oneSGS,10,14,0.020,0.100,6,No
1SGS vs 1SGS (control),1960,1,oneSGS,10,22,0.019,0.100,8,No
1SGS vs 1SGS (control),1961,2,oneSGS,10,39,0.005,0.100,9,No
1SGS vs 1SGS (control),1962,,,0,800,0.013,0.100,8,Yes
1SGS vs 1SGS (control),1963,0,oneSGS,15,37,0.015,0.200,8,No
1SGS vs 1SGS (control),1964,,,0,800,0.010,0.100,7,Yes
1SGS vs 1SGS (control),1965,,,0,800,0.011,0.100,8,Yes
1SGS vs 1SGS (control),1966,,,0,800,0.011,0.100,8,Yes
1SGS vs 1SGS (control),1967,1,oneSGS,15,22,0.012,0.100,8,No
1SGS vs 1SGS (control),1968,,,0,800,0.012,0.100,7,Yes
1SGS vs 1SGS (control),1969,2,oneSGS,10,35,0.008,0.100,8,No
1SGS vs 1SGS (control),1970,3,oneSGS,15,32,0.008,0.100,8,No
1SGS vs 1SGS (control),1971,3,oneSGS,10,48,0.004,0.100,9,No
1SGS vs 1SGS (control),1972,,,0,800,0.005,0.100,8,Yes
1SGS vs 1SGS (control),1973,1,oneSGS,10,22,0.013,0.100,8,No
1SGS vs 1SGS (control),1974,,,0,800,0.006,0.100,8,Yes
1SGS vs 1SGS (control),1975,,,0,800,0.005,0.100,8,Yes
1SGS vs 1SGS (control),1976,0,oneSGS,10,37,0.013,0.100,6,No
1SGS vs 1SGS (control),1977,,,0,800,0.007,0.100,8,Yes
1SGS vs 1SGS (control),1978,0,oneSGS,10,21,0.016,0.100,8,No
1SGS vs 1SGS (control),1979,,,0,800,0.005,0.100,7,Yes
1SGS vs 1SGS (control),1980,1,oneSGS,15,38,0.009,0.100,9,No
1SGS vs 1SGS (control),1981,,,0,800,0.010,0.100,7,Yes
1SGS vs 1SGS (control),1982,3,oneSGS,10,44,0.012,0.100,9,No
1SGS vs 1SGS (control),1983,0,oneSGS,10,29,0.015,0.100,7,No
1SGS vs 1SGS (control),1984,,,0,800,0.006,0.100,7,Yes
1SGS vs 1SGS (control),1985,,,0,800,0.009,0.100,8,Yes
1SGS vs 1SGS (control),1986,1,oneSGS,10,30,0.025,0.100,9,No
1SGS vs 1SGS (control),1987,2,oneSGS,15,35,0.026,0.200,9,No
1SGS vs 1SGS (control),1988,3,oneSGS,10,36,0.040,0.200,9,No
1SGS vs 1SGS (control),1989,1,oneSGS,10,2,0.067,0.100,3,No
1SGS vs 1SGS (control),1990,,,0,800,0.021,0.100,8,Yes
1SGS vs 1SGS (control),1991,1,oneSGS,15,42,0.007,0.100,8,No
1SGS vs 1SGS (control),1992,,,0,800,0.012,0.100,8,Yes
1SGS vs 1SGS (control),1993,,,0,800,0.002,0.100,8,Yes
1SGS vs 1SGS (control),1994,,,0,800,0.008,0.100,8,Yes
1SGS vs 1SGS (control),1995,1,oneSGS,15,18,0.010,0.100,5,No
1SGS vs 1SGS (control),1996,3,oneSGS,10,36,0.041,0.500,6,No
1SGS vs 1SGS (control),1997,1,oneSGS,10,42,0.031,0.200,9,No
1SGS vs 1SGS (control),1998,,,0,800,0.026,0.200,8,Yes
1SGS vs 1SGS (control),1999,0,oneSGS,15,25,0.019,0.100,5,No
1SGS vs 1SGS (control),2000,,,0,800,0.012,0.100,8,Yes