Matchup,Game #,Winning Seat (0-3),Winning AI Type,Total Turns,Timed Out
Rule-Based AI v2 vs Rule-Based AI (original),1,3,rule_v2,48,No
Rule-Based AI v2 vs Rule-Based AI (original),2,,,800,Yes
Rule-Based AI v2 vs Rule-Based AI (original),3,,,800,Yes
Rule-Based AI v2 vs Rule-Based AI (original),4,,,800,Yes
Rule-Based AI v2 vs Rule-Based AI (original),5,1,rule_v2,42,No
Rule-Based AI v2 vs Rule-Based AI (original),6,0,rule_v2,33,No
Rule-Based AI v2 vs Rule-Based AI (original),7,3,rule,24,No
Rule-Based AI v2 vs Rule-Based AI (original),8,2,rule_v2,27,No
Rule-Based AI v2 vs Rule-Based AI (original),9,,,800,Yes
Rule-Based AI v2 vs Rule-Based AI (original),10,,,800,Yes
Rule-Based AI v2 vs Rule-Based AI (original),11,0,rule_v2,41,No
Rule-Based AI v2 vs Rule-Based AI (original),12,1,rule,42,No
Rule-Based AI v2 vs Rule-Based AI (original),13,,,800,Yes
Rule-Based AI v2 vs Rule-Based AI (original),14,1,rule,46,No
Rule-Based AI v2 vs Rule-Based AI (original),15,,,800,Yes
Rule-Based AI v2 vs Rule-Based AI (original),16,,,800,Yes
Rule-Based AI v2 vs Rule-Based AI (original),17,2,rule,31,No
Rule-Based AI v2 vs Rule-Based AI (original),18,0,rule,29,No
Rule-Based AI v2 vs Rule-Based AI (original),19,0,rule_v2,45,No
Rule-Based AI v2 vs Rule-Based AI (original),20,,,800,Yes
Rule-Based AI v2 vs Rule-Based AI (original),21,3,rule_v2,44,No
Rule-Based AI v2 vs Rule-Based AI (original),22,2,rule,15,No
Rule-Based AI v2 vs Rule-Based AI (original),23,3,rule_v2,32,No
Rule-Based AI v2 vs Rule-Based AI (original),24,2,rule_v2,31,No
Rule-Based AI v2 vs Rule-Based AI (original),25,2,rule_v2,7,No
Rule-Based AI v2 vs Rule-Based AI (original),26,,,800,Yes
Rule-Based AI v2 vs Rule-Based AI (original),27,,,800,Yes
Rule-Based AI v2 vs Rule-Based AI (original),28,2,rule_v2,15,No
Rule-Based AI v2 vs Rule-Based AI (original),29,2,rule,11,No
Rule-Based AI v2 vs Rule-Based AI (original),30,0,rule_v2,13,No
Rule-Based AI v2 vs Rule-Based AI (original),31,1,rule,42,No
Rule-Based AI v2 vs Rule-Based AI (original),32,1,rule_v2,38,No
Rule-Based AI v2 vs Rule-Based AI (original),33,1,rule,30,No
Rule-Based AI v2 vs Rule-Based AI (original),34,,,800,Yes
Rule-Based AI v2 vs Rule-Based AI (original),35,,,800,Yes
Rule-Based AI v2 vs Rule-Based AI (original),36,1,rule_v2,18,No
Rule-Based AI v2 vs Rule-Based AI (original),37,2,rule,35,No
Rule-Based AI v2 vs Rule-Based AI (original),38,2,rule_v2,39,No
Rule-Based AI v2 vs Rule-Based AI (original),39,0,rule_v2,37,No
Rule-Based AI v2 vs Rule-Based AI (original),40,3,rule_v2,40,No
Rule-Based AI v2 vs Rule-Based AI (original),41,,,800,Yes
Rule-Based AI v2 vs Rule-Based AI (original),42,1,rule,22,No
Rule-Based AI v2 vs Rule-Based AI (original),43,,,800,Yes
Rule-Based AI v2 vs Rule-Based AI (original),44,3,rule,48,No
Rule-Based AI v2 vs Rule-Based AI (original),45,0,rule,13,No
Rule-Based AI v2 vs Rule-Based AI (original),46,0,rule_v2,37,No
Rule-Based AI v2 vs Rule-Based AI (original),47,3,rule_v2,12,No
Rule-Based AI v2 vs Rule-Based AI (original),48,,,800,Yes
Rule-Based AI v2 vs Rule-Based AI (original),49,3,rule_v2,36,No
Rule-Based AI v2 vs Rule-Based AI (original),50,2,rule,31,No
Rule-Based AI v2 vs Rule-Based AI (original),51,1,rule_v2,18,No
Rule-Based AI v2 vs Rule-Based AI (original),52,2,rule_v2,27,No
Rule-Based AI v2 vs Rule-Based AI (original),53,,,800,Yes
Rule-Based AI v2 vs Rule-Based AI (original),54,0,rule_v2,21,No
Rule-Based AI v2 vs Rule-Based AI (original),55,,,800,Yes
Rule-Based AI v2 vs Rule-Based AI (original),56,,,800,Yes
Rule-Based AI v2 vs Rule-Based AI (original),57,,,800,Yes
Rule-Based AI v2 vs Rule-Based AI (original),58,,,800,Yes
Rule-Based AI v2 vs Rule-Based AI (original),59,,,800,Yes
Rule-Based AI v2 vs Rule-Based AI (original),60,1,rule_v2,10,No
Rule-Based AI v2 vs Rule-Based AI (original),61,3,rule,32,No
Rule-Based AI v2 vs Rule-Based AI (original),62,,,800,Yes
Rule-Based AI v2 vs Rule-Based AI (original),63,2,rule_v2,23,No
Rule-Based AI v2 vs Rule-Based AI (original),64,3,rule,16,No
Rule-Based AI v2 vs Rule-Based AI (original),65,,,800,Yes
Rule-Based AI v2 vs Rule-Based AI (original),66,3,rule,20,No
Rule-Based AI v2 vs Rule-Based AI (original),67,3,rule_v2,32,No
Rule-Based AI v2 vs Rule-Based AI (original),68,,,800,Yes
Rule-Based AI v2 vs Rule-Based AI (original),69,3,rule,36,No
Rule-Based AI v2 vs Rule-Based AI (original),70,0,rule_v2,45,No
Rule-Based AI v2 vs Rule-Based AI (original),71,2,rule_v2,35,No
Rule-Based AI v2 vs Rule-Based AI (original),72,0,rule_v2,21,No
Rule-Based AI v2 vs Rule-Based AI (original),73,1,rule,22,No
Rule-Based AI v2 vs Rule-Based AI (original),74,1,rule,42,No
Rule-Based AI v2 vs Rule-Based AI (original),75,,,800,Yes
Rule-Based AI v2 vs Rule-Based AI (original),76,2,rule_v2,43,No
Rule-Based AI v2 vs Rule-Based AI (original),77,,,800,Yes
Rule-Based AI v2 vs Rule-Based AI (original),78,1,rule,14,No
Rule-Based AI v2 vs Rule-Based AI (original),79,3,rule_v2,24,No
Rule-Based AI v2 vs Rule-Based AI (original),80,1,rule_v2,22,No
Rule-Based AI v2 vs Rule-Based AI (original),81,,,800,Yes
Rule-Based AI v2 vs Rule-Based AI (original),82,3,rule_v2,40,No
Rule-Based AI v2 vs Rule-Based AI (original),83,0,rule,25,No
Rule-Based AI v2 vs Rule-Based AI (original),84,1,rule_v2,46,No
Rule-Based AI v2 vs Rule-Based AI (original),85,0,rule_v2,45,No
Rule-Based AI v2 vs Rule-Based AI (original),86,0,rule,29,No
Rule-Based AI v2 vs Rule-Based AI (original),87,,,800,Yes
Rule-Based AI v2 vs Rule-Based AI (original),88,,,800,Yes
Rule-Based AI v2 vs Rule-Based AI (original),89,2,rule,35,No
Rule-Based AI v2 vs Rule-Based AI (original),90,2,rule,11,No
Rule-Based AI v2 vs Rule-Based AI (original),91,0,rule_v2,33,No
Rule-Based AI v2 vs Rule-Based AI (original),92,2,rule,7,No
Rule-Based AI v2 vs Rule-Based AI (original),93,0,rule_v2,33,No
Rule-Based AI v2 vs Rule-Based AI (original),94,3,rule_v2,36,No
Rule-Based AI v2 vs Rule-Based AI (original),95,0,rule_v2,29,No
Rule-Based AI v2 vs Rule-Based AI (original),96,2,rule,43,No
Rule-Based AI v2 vs Rule-Based AI (original),97,2,rule_v2,19,No
Rule-Based AI v2 vs Rule-Based AI (original),98,0,rule,29,No
Rule-Based AI v2 vs Rule-Based AI (original),99,2,rule,19,No
Rule-Based AI v2 vs Rule-Based AI (original),100,,,800,Yes
Rule-Based AI v2 vs Rule-Based AI (original),101,1,rule,38,No
Rule-Based AI v2 vs Rule-Based AI (original),102,2,rule_v2,23,No
Rule-Based AI v2 vs Rule-Based AI (original),103,1,rule_v2,46,No
Rule-Based AI v2 vs Rule-Based AI (original),104,0,rule_v2,29,No
Rule-Based AI v2 vs Rule-Based AI (original),105,2,rule,27,No
Rule-Based AI v2 vs Rule-Based AI (original),106,1,rule_v2,42,No
Rule-Based AI v2 vs Rule-Based AI (original),107,,,800,Yes
Rule-Based AI v2 vs Rule-Based AI (original),108,1,rule_v2,38,No
Rule-Based AI v2 vs Rule-Based AI (original),109,2,rule_v2,35,No
Rule-Based AI v2 vs Rule-Based AI (original),110,,,800,Yes
Rule-Based AI v2 vs Rule-Based AI (original),111,3,rule_v2,20,No
Rule-Based AI v2 vs Rule-Based AI (original),112,3,rule,24,No
Rule-Based AI v2 vs Rule-Based AI (original),113,3,rule_v2,28,No
Rule-Based AI v2 vs Rule-Based AI (original),114,2,rule_v2,23,No
Rule-Based AI v2 vs Rule-Based AI (original),115,3,rule_v2,36,No
Rule-Based AI v2 vs Rule-Based AI (original),116,,,800,Yes
Rule-Based AI v2 vs Rule-Based AI (original),117,,,800,Yes
Rule-Based AI v2 vs Rule-Based AI (original),118,0,rule_v2,33,No
Rule-Based AI v2 vs Rule-Based AI (original),119,2,rule,43,No
Rule-Based AI v2 vs Rule-Based AI (original),120,1,rule,42,No
Rule-Based AI v2 vs Rule-Based AI (original),121,2,rule_v2,35,No
Rule-Based AI v2 vs Rule-Based AI (original),122,0,rule_v2,25,No
Rule-Based AI v2 vs Rule-Based AI (original),123,1,rule_v2,38,No
Rule-Based AI v2 vs Rule-Based AI (original),124,,,800,Yes
Rule-Based AI v2 vs Rule-Based AI (original),125,,,800,Yes
Rule-Based AI v2 vs Rule-Based AI (original),126,3,rule_v2,24,No
Rule-Based AI v2 vs Rule-Based AI (original),127,1,rule,30,No
Rule-Based AI v2 vs Rule-Based AI (original),128,2,rule,15,No
Rule-Based AI v2 vs Rule-Based AI (original),129,2,rule_v2,31,No
Rule-Based AI v2 vs Rule-Based AI (original),130,,,800,Yes
Rule-Based AI v2 vs Rule-Based AI (original),131,,,800,Yes
Rule-Based AI v2 vs Rule-Based AI (original),132,,,800,Yes
Rule-Based AI v2 vs Rule-Based AI (original),133,1,rule,18,No
Rule-Based AI v2 vs Rule-Based AI (original),134,1,rule,26,No
Rule-Based AI v2 vs Rule-Based AI (original),135,,,800,Yes
Rule-Based AI v2 vs Rule-Based AI (original),136,,,800,Yes
Rule-Based AI v2 vs Rule-Based AI (original),137,1,rule_v2,30,No
Rule-Based AI v2 vs Rule-Based AI (original),138,0,rule_v2,41,No
Rule-Based AI v2 vs Rule-Based AI (original),139,3,rule_v2,48,No
Rule-Based AI v2 vs Rule-Based AI (original),140,,,800,Yes
Rule-Based AI v2 vs Rule-Based AI (original),141,,,800,Yes
Rule-Based AI v2 vs Rule-Based AI (original),142,,,800,Yes
Rule-Based AI v2 vs Rule-Based AI (original),143,1,rule_v2,38,No
Rule-Based AI v2 vs Rule-Based AI (original),144,,,800,Yes
Rule-Based AI v2 vs Rule-Based AI (original),145,,,800,Yes
Rule-Based AI v2 vs Rule-Based AI (original),146,,,800,Yes
Rule-Based AI v2 vs Rule-Based AI (original),147,3,rule,48,No
Rule-Based AI v2 vs Rule-Based AI (original),148,,,800,Yes
Rule-Based AI v2 vs Rule-Based AI (original),149,,,800,Yes
Rule-Based AI v2 vs Rule-Based AI (original),150,1,rule_v2,26,No
Rule-Based AI v2 vs Rule-Based AI (original),151,1,rule_v2,42,No
Rule-Based AI v2 vs Rule-Based AI (original),152,3,rule,28,No
Rule-Based AI v2 vs Rule-Based AI (original),153,0,rule,13,No
Rule-Based AI v2 vs Rule-Based AI (original),154,3,rule_v2,24,No
Rule-Based AI v2 vs Rule-Based AI (original),155,,,800,Yes
Rule-Based AI v2 vs Rule-Based AI (original),156,0,rule_v2,37,No
Rule-Based AI v2 vs Rule-Based AI (original),157,,,800,Yes
Rule-Based AI v2 vs Rule-Based AI (original),158,,,800,Yes
Rule-Based AI v2 vs Rule-Based AI (original),159,,,800,Yes
Rule-Based AI v2 vs Rule-Based AI (original),160,,,800,Yes
Rule-Based AI v2 vs Rule-Based AI (original),161,,,800,Yes
Rule-Based AI v2 vs Rule-Based AI (original),162,,,800,Yes
Rule-Based AI v2 vs Rule-Based AI (original),163,,,800,Yes
Rule-Based AI v2 vs Rule-Based AI (original),164,1,rule,38,No
Rule-Based AI v2 vs Rule-Based AI (original),165,3,rule_v2,40,No
Rule-Based AI v2 vs Rule-Based AI (original),166,,,800,Yes
Rule-Based AI v2 vs Rule-Based AI (original),167,,,800,Yes
Rule-Based AI v2 vs Rule-Based AI (original),168,,,800,Yes
Rule-Based AI v2 vs Rule-Based AI (original),169,1,rule_v2,46,No
Rule-Based AI v2 vs Rule-Based AI (original),170,0,rule_v2,41,No
Rule-Based AI v2 vs Rule-Based AI (original),171,0,rule,9,No
Rule-Based AI v2 vs Rule-Based AI (original),172,3,rule_v2,8,No
Rule-Based AI v2 vs Rule-Based AI (original),173,2,rule_v2,39,No
Rule-Based AI v2 vs Rule-Based AI (original),174,,,800,Yes
Rule-Based AI v2 vs Rule-Based AI (original),175,,,800,Yes
Rule-Based AI v2 vs Rule-Based AI (original),176,0,rule_v2,45,No
Rule-Based AI v2 vs Rule-Based AI (original),177,,,800,Yes
Rule-Based AI v2 vs Rule-Based AI (original),178,3,rule_v2,20,No
Rule-Based AI v2 vs Rule-Based AI (original),179,1,rule,30,No
Rule-Based AI v2 vs Rule-Based AI (original),180,,,800,Yes
Rule-Based AI v2 vs Rule-Based AI (original),181,,,800,Yes
Rule-Based AI v2 vs Rule-Based AI (original),182,,,800,Yes
Rule-Based AI v2 vs Rule-Based AI (original),183,3,rule_v2,24,No
Rule-Based AI v2 vs Rule-Based AI (original),184,3,rule,16,No
Rule-Based AI v2 vs Rule-Based AI (original),185,,,800,Yes
Rule-Based AI v2 vs Rule-Based AI (original),186,2,rule,11,No
Rule-Based AI v2 vs Rule-Based AI (original),187,1,rule_v2,38,No
Rule-Based AI v2 vs Rule-Based AI (original),188,,,800,Yes
Rule-Based AI v2 vs Rule-Based AI (original),189,0,rule_v2,37,No
Rule-Based AI v2 vs Rule-Based AI (original),190,0,rule_v2,5,No
Rule-Based AI v2 vs Rule-Based AI (original),191,0,rule_v2,5,No
Rule-Based AI v2 vs Rule-Based AI (original),192,3,rule,48,No
Rule-Based AI v2 vs Rule-Based AI (original),193,,,800,Yes
Rule-Based AI v2 vs Rule-Based AI (original),194,1,rule_v2,22,No
Rule-Based AI v2 vs Rule-Based AI (original),195,3,rule_v2,20,No
Rule-Based AI v2 vs Rule-Based AI (original),196,1,rule,46,No
Rule-Based AI v2 vs Rule-Based AI (original),197,,,800,Yes
Rule-Based AI v2 vs Rule-Based AI (original),198,2,rule_v2,11,No
Rule-Based AI v2 vs Rule-Based AI (original),199,3,rule_v2,24,No
Rule-Based AI v2 vs Rule-Based AI (original),200,,,800,Yes
Rule-Based AI v2 vs Rule-Based AI (original),201,,,800,Yes
Rule-Based AI v2 vs Rule-Based AI (original),202,0,rule_v2,45,No
Rule-Based AI v2 vs Rule-Based AI (original),203,2,rule_v2,35,No
Rule-Based AI v2 vs Rule-Based AI (original),204,,,800,Yes
Rule-Based AI v2 vs Rule-Based AI (original),205,3,rule_v2,32,No
Rule-Based AI v2 vs Rule-Based AI (original),206,,,800,Yes
Rule-Based AI v2 vs Rule-Based AI (original),207,2,rule,19,No
Rule-Based AI v2 vs Rule-Based AI (original),208,0,rule,17,No
Rule-Based AI v2 vs Rule-Based AI (original),209,0,rule,37,No
Rule-Based AI v2 vs Rule-Based AI (original),210,1,rule_v2,14,No
Rule-Based AI v2 vs Rule-Based AI (original),211,,,800,Yes
Rule-Based AI v2 vs Rule-Based AI (original),212,1,rule_v2,42,No
Rule-Based AI v2 vs Rule-Based AI (original),213,3,rule_v2,40,No
Rule-Based AI v2 vs Rule-Based AI (original),214,,,800,Yes
Rule-Based AI v2 vs Rule-Based AI (original),215,,,800,Yes
Rule-Based AI v2 vs Rule-Based AI (original),216,,,800,Yes
Rule-Based AI v2 vs Rule-Based AI (original),217,2,rule_v2,23,No
Rule-Based AI v2 vs Rule-Based AI (original),218,,,800,Yes
Rule-Based AI v2 vs Rule-Based AI (original),219,2,rule,19,No
Rule-Based AI v2 vs Rule-Based AI (original),220,2,rule_v2,35,No
Rule-Based AI v2 vs Rule-Based AI (original),221,,,800,Yes
Rule-Based AI v2 vs Rule-Based AI (original),222,2,rule,31,No
Rule-Based AI v2 vs Rule-Based AI (original),223,,,800,Yes
Rule-Based AI v2 vs Rule-Based AI (original),224,,,800,Yes
Rule-Based AI v2 vs Rule-Based AI (original),225,0,rule,17,No
Rule-Based AI v2 vs Rule-Based AI (original),226,3,rule_v2,40,No
Rule-Based AI v2 vs Rule-Based AI (original),227,,,800,Yes
Rule-Based AI v2 vs Rule-Based AI (original),228,,,800,Yes
Rule-Based AI v2 vs Rule-Based AI (original),229,,,800,Yes
Rule-Based AI v2 vs Rule-Based AI (original),230,2,rule,31,No
Rule-Based AI v2 vs Rule-Based AI (original),231,,,800,Yes
Rule-Based AI v2 vs Rule-Based AI (original),232,,,800,Yes
Rule-Based AI v2 vs Rule-Based AI (original),233,0,rule,41,No
Rule-Based AI v2 vs Rule-Based AI (original),234,,,800,Yes
Rule-Based AI v2 vs Rule-Based AI (original),235,0,rule_v2,29,No
Rule-Based AI v2 vs Rule-Based AI (original),236,,,800,Yes
Rule-Based AI v2 vs Rule-Based AI (original),237,,,800,Yes
Rule-Based AI v2 vs Rule-Based AI (original),238,3,rule_v2,24,No
Rule-Based AI v2 vs Rule-Based AI (original),239,,,800,Yes
Rule-Based AI v2 vs Rule-Based AI (original),240,2,rule_v2,35,No
Rule-Based AI v2 vs Rule-Based AI (original),241,2,rule_v2,35,No
Rule-Based AI v2 vs Rule-Based AI (original),242,,,800,Yes
Rule-Based AI v2 vs Rule-Based AI (original),243,2,rule_v2,39,No
Rule-Based AI v2 vs Rule-Based AI (original),244,,,800,Yes
Rule-Based AI v2 vs Rule-Based AI (original),245,1,rule_v2,14,No
Rule-Based AI v2 vs Rule-Based AI (original),246,1,rule_v2,22,No
Rule-Based AI v2 vs Rule-Based AI (original),247,0,rule,41,No
Rule-Based AI v2 vs Rule-Based AI (original),248,,,800,Yes
Rule-Based AI v2 vs Rule-Based AI (original),249,2,rule,47,No
Rule-Based AI v2 vs Rule-Based AI (original),250,2,rule_v2,35,No
Rule-Based AI v2 vs Rule-Based AI (original),251,,,800,Yes
Rule-Based AI v2 vs Rule-Based AI (original),252,1,rule,18,No
Rule-Based AI v2 vs Rule-Based AI (original),253,0,rule_v2,25,No
Rule-Based AI v2 vs Rule-Based AI (original),254,1,rule,42,No
Rule-Based AI v2 vs Rule-Based AI (original),255,1,rule_v2,6,No
Rule-Based AI v2 vs Rule-Based AI (original),256,,,800,Yes
Rule-Based AI v2 vs Rule-Based AI (original),257,,,800,Yes
Rule-Based AI v2 vs Rule-Based AI (original),258,3,rule_v2,36,No
Rule-Based AI v2 vs Rule-Based AI (original),259,2,rule_v2,47,No
Rule-Based AI v2 vs Rule-Based AI (original),260,3,rule,32,No
Rule-Based AI v2 vs Rule-Based AI (original),261,0,rule,17,No
Rule-Based AI v2 vs Rule-Based AI (original),262,,,800,Yes
Rule-Based AI v2 vs Rule-Based AI (original),263,1,rule_v2,38,No
Rule-Based AI v2 vs Rule-Based AI (original),264,0,rule,33,No
Rule-Based AI v2 vs Rule-Based AI (original),265,1,rule,10,No
Rule-Based AI v2 vs Rule-Based AI (original),266,,,800,Yes
Rule-Based AI v2 vs Rule-Based AI (original),267,0,rule_v2,25,No
Rule-Based AI v2 vs Rule-Based AI (original),268,3,rule_v2,28,No
Rule-Based AI v2 vs Rule-Based AI (original),269,3,rule_v2,16,No
Rule-Based AI v2 vs Rule-Based AI (original),270,,,800,Yes
Rule-Based AI v2 vs Rule-Based AI (original),271,,,800,Yes
Rule-Based AI v2 vs Rule-Based AI (original),272,1,rule,38,No
Rule-Based AI v2 vs Rule-Based AI (original),273,3,rule_v2,24,No
Rule-Based AI v2 vs Rule-Based AI (original),274,1,rule_v2,26,No
Rule-Based AI v2 vs Rule-Based AI (original),275,3,rule_v2,4,No
Rule-Based AI v2 vs Rule-Based AI (original),276,1,rule,22,No
Rule-Based AI v2 vs Rule-Based AI (original),277,,,800,Yes
Rule-Based AI v2 vs Rule-Based AI (original),278,1,rule,18,No
Rule-Based AI v2 vs Rule-Based AI (original),279,0,rule,37,No
Rule-Based AI v2 vs Rule-Based AI (original),280,2,rule_v2,35,No
Rule-Based AI v2 vs Rule-Based AI (original),281,0,rule_v2,41,No
Rule-Based AI v2 vs Rule-Based AI (original),282,,,800,Yes
Rule-Based AI v2 vs Rule-Based AI (original),283,2,rule,39,No
Rule-Based AI v2 vs Rule-Based AI (original),284,,,800,Yes
Rule-Based AI v2 vs Rule-Based AI (original),285,0,rule,33,No
Rule-Based AI v2 vs Rule-Based AI (original),286,1,rule_v2,30,No
Rule-Based AI v2 vs Rule-Based AI (original),287,1,rule,42,No
Rule-Based AI v2 vs Rule-Based AI (original),288,0,rule_v2,13,No
Rule-Based AI v2 vs Rule-Based AI (original),289,3,rule,24,No
Rule-Based AI v2 vs Rule-Based AI (original),290,,,800,Yes
Rule-Based AI v2 vs Rule-Based AI (original),291,0,rule_v2,29,No
Rule-Based AI v2 vs Rule-Based AI (original),292,2,rule_v2,31,No
Rule-Based AI v2 vs Rule-Based AI (original),293,,,800,Yes
Rule-Based AI v2 vs Rule-Based AI (original),294,2,rule_v2,23,No
Rule-Based AI v2 vs Rule-Based AI (original),295,3,rule_v2,44,No
Rule-Based AI v2 vs Rule-Based AI (original),296,0,rule_v2,33,No
Rule-Based AI v2 vs Rule-Based AI (original),297,2,rule,19,No
Rule-Based AI v2 vs Rule-Based AI (original),298,1,rule_v2,14,No
Rule-Based AI v2 vs Rule-Based AI (original),299,1,rule_v2,42,No
Rule-Based AI v2 vs Rule-Based AI (original),300,0,rule_v2,17,No
Rule-Based AI v2 vs Rule-Based AI (original),301,,,800,Yes
Rule-Based AI v2 vs Rule-Based AI (original),302,,,800,Yes
Rule-Based AI v2 vs Rule-Based AI (original),303,,,800,Yes
Rule-Based AI v2 vs Rule-Based AI (original),304,3,rule,40,No
Rule-Based AI v2 vs Rule-Based AI (original),305,3,rule,20,No
Rule-Based AI v2 vs Rule-Based AI (original),306,0,rule_v2,25,No
Rule-Based AI v2 vs Rule-Based AI (original),307,,,800,Yes
Rule-Based AI v2 vs Rule-Based AI (original),308,2,rule_v2,39,No
Rule-Based AI v2 vs Rule-Based AI (original),309,,,800,Yes
Rule-Based AI v2 vs Rule-Based AI (original),310,0,rule,41,No
Rule-Based AI v2 vs Rule-Based AI (original),311,,,800,Yes
Rule-Based AI v2 vs Rule-Based AI (original),312,,,800,Yes
Rule-Based AI v2 vs Rule-Based AI (original),313,0,rule,17,No
Rule-Based AI v2 vs Rule-Based AI (original),314,1,rule,34,No
Rule-Based AI v2 vs Rule-Based AI (original),315,3,rule_v2,28,No
Rule-Based AI v2 vs Rule-Based AI (original),316,3,rule_v2,16,No
Rule-Based AI v2 vs Rule-Based AI (original),317,3,rule_v2,28,No
Rule-Based AI v2 vs Rule-Based AI (original),318,3,rule_v2,40,No
Rule-Based AI v2 vs Rule-Based AI (original),319,,,800,Yes
Rule-Based AI v2 vs Rule-Based AI (original),320,2,rule,19,No
Rule-Based AI v2 vs Rule-Based AI (original),321,1,rule_v2,38,No
Rule-Based AI v2 vs Rule-Based AI (original),322,1,rule,30,No
Rule-Based AI v2 vs Rule-Based AI (original),323,2,rule,35,No
Rule-Based AI v2 vs Rule-Based AI (original),324,,,800,Yes
Rule-Based AI v2 vs Rule-Based AI (original),325,,,800,Yes
Rule-Based AI v2 vs Rule-Based AI (original),326,0,rule,29,No
Rule-Based AI v2 vs Rule-Based AI (original),327,,,800,Yes
Rule-Based AI v2 vs Rule-Based AI (original),328,0,rule_v2,21,No
Rule-Based AI v2 vs Rule-Based AI (original),329,1,rule,22,No
Rule-Based AI v2 vs Rule-Based AI (original),330,3,rule,28,No
Rule-Based AI v2 vs Rule-Based AI (original),331,1,rule_v2,6,No
Rule-Based AI v2 vs Rule-Based AI (original),332,,,800,Yes
Rule-Based AI v2 vs Rule-Based AI (original),333,0,rule_v2,9,No
Rule-Based AI v2 vs Rule-Based AI (original),334,3,rule,20,No
Rule-Based AI v2 vs Rule-Based AI (original),335,2,rule_v2,31,No
Rule-Based AI v2 vs Rule-Based AI (original),336,,,800,Yes
Rule-Based AI v2 vs Rule-Based AI (original),337,1,rule_v2,38,No
Rule-Based AI v2 vs Rule-Based AI (original),338,,,800,Yes
Rule-Based AI v2 vs Rule-Based AI (original),339,,,800,Yes
Rule-Based AI v2 vs Rule-Based AI (original),340,1,rule,26,No
Rule-Based AI v2 vs Rule-Based AI (original),341,1,rule,22,No
Rule-Based AI v2 vs Rule-Based AI (original),342,2,rule_v2,15,No
Rule-Based AI v2 vs Rule-Based AI (original),343,,,800,Yes
Rule-Based AI v2 vs Rule-Based AI (original),344,,,800,Yes
Rule-Based AI v2 vs Rule-Based AI (original),345,,,800,Yes
Rule-Based AI v2 vs Rule-Based AI (original),346,,,800,Yes
Rule-Based AI v2 vs Rule-Based AI (original),347,0,rule,21,No
Rule-Based AI v2 vs Rule-Based AI (original),348,,,800,Yes
Rule-Based AI v2 vs Rule-Based AI (original),349,0,rule,37,No
Rule-Based AI v2 vs Rule-Based AI (original),350,1,rule_v2,34,No
Rule-Based AI v2 vs Rule-Based AI (original),351,,,800,Yes
Rule-Based AI v2 vs Rule-Based AI (original),352,3,rule_v2,36,No
Rule-Based AI v2 vs Rule-Based AI (original),353,1,rule_v2,26,No
Rule-Based AI v2 vs Rule-Based AI (original),354,1,rule,46,No
Rule-Based AI v2 vs Rule-Based AI (original),355,3,rule,36,No
Rule-Based AI v2 vs Rule-Based AI (original),356,3,rule_v2,40,No
Rule-Based AI v2 vs Rule-Based AI (original),357,3,rule_v2,8,No
Rule-Based AI v2 vs Rule-Based AI (original),358,,,800,Yes
Rule-Based AI v2 vs Rule-Based AI (original),359,2,rule,31,No
Rule-Based AI v2 vs Rule-Based AI (original),360,,,800,Yes
Rule-Based AI v2 vs Rule-Based AI (original),361,0,rule_v2,37,No
Rule-Based AI v2 vs Rule-Based AI (original),362,3,rule_v2,36,No
Rule-Based AI v2 vs Rule-Based AI (original),363,0,rule,45,No
Rule-Based AI v2 vs Rule-Based AI (original),364,0,rule_v2,29,No
Rule-Based AI v2 vs Rule-Based AI (original),365,,,800,Yes
Rule-Based AI v2 vs Rule-Based AI (original),366,0,rule,29,No
Rule-Based AI v2 vs Rule-Based AI (original),367,,,800,Yes
Rule-Based AI v2 vs Rule-Based AI (original),368,1,rule_v2,26,No
Rule-Based AI v2 vs Rule-Based AI (original),369,3,rule_v2,36,No
Rule-Based AI v2 vs Rule-Based AI (original),370,2,rule_v2,27,No
Rule-Based AI v2 vs Rule-Based AI (original),371,,,800,Yes
Rule-Based AI v2 vs Rule-Based AI (original),372,,,800,Yes
Rule-Based AI v2 vs Rule-Based AI (original),373,1,rule_v2,38,No
Rule-Based AI v2 vs Rule-Based AI (original),374,1,rule,42,No
Rule-Based AI v2 vs Rule-Based AI (original),375,3,rule_v2,48,No
Rule-Based AI v2 vs Rule-Based AI (original),376,1,rule,14,No
Rule-Based AI v2 vs Rule-Based AI (original),377,2,rule,39,No
Rule-Based AI v2 vs Rule-Based AI (original),378,0,rule_v2,21,No
Rule-Based AI v2 vs Rule-Based AI (original),379,,,800,Yes
Rule-Based AI v2 vs Rule-Based AI (original),380,3,rule_v2,24,No
Rule-Based AI v2 vs Rule-Based AI (original),381,2,rule_v2,31,No
Rule-Based AI v2 vs Rule-Based AI (original),382,3,rule,20,No
Rule-Based AI v2 vs Rule-Based AI (original),383,0,rule,9,No
Rule-Based AI v2 vs Rule-Based AI (original),384,1,rule,18,No
Rule-Based AI v2 vs Rule-Based AI (original),385,1,rule,38,No
Rule-Based AI v2 vs Rule-Based AI (original),386,2,rule,23,No
Rule-Based AI v2 vs Rule-Based AI (original),387,,,800,Yes
Rule-Based AI v2 vs Rule-Based AI (original),388,,,800,Yes
Rule-Based AI v2 vs Rule-Based AI (original),389,2,rule,27,No
Rule-Based AI v2 vs Rule-Based AI (original),390,,,800,Yes
Rule-Based AI v2 vs Rule-Based AI (original),391,2,rule,43,No
Rule-Based AI v2 vs Rule-Based AI (original),392,3,rule_v2,48,No
Rule-Based AI v2 vs Rule-Based AI (original),393,,,800,Yes
Rule-Based AI v2 vs Rule-Based AI (original),394,,,800,Yes
Rule-Based AI v2 vs Rule-Based AI (original),395,,,800,Yes
Rule-Based AI v2 vs Rule-Based AI (original),396,3,rule,44,No
Rule-Based AI v2 vs Rule-Based AI (original),397,0,rule_v2,33,No
Rule-Based AI v2 vs Rule-Based AI (original),398,1,rule_v2,14,No
Rule-Based AI v2 vs Rule-Based AI (original),399,,,800,Yes
Rule-Based AI v2 vs Rule-Based AI (original),400,1,rule,10,No
Rule-Based AI v2 vs Rule-Based AI (original),401,2,rule,39,No
Rule-Based AI v2 vs Rule-Based AI (original),402,1,rule_v2,18,No
Rule-Based AI v2 vs Rule-Based AI (original),403,1,rule_v2,30,No
Rule-Based AI v2 vs Rule-Based AI (original),404,,,800,Yes
Rule-Based AI v2 vs Rule-Based AI (original),405,,,800,Yes
Rule-Based AI v2 vs Rule-Based AI (original),406,0,rule_v2,5,No
Rule-Based AI v2 vs Rule-Based AI (original),407,0,rule_v2,29,No
Rule-Based AI v2 vs Rule-Based AI (original),408,,,800,Yes
Rule-Based AI v2 vs Rule-Based AI (original),409,,,800,Yes
Rule-Based AI v2 vs Rule-Based AI (original),410,3,rule_v2,16,No
Rule-Based AI v2 vs Rule-Based AI (original),411,0,rule_v2,5,No
Rule-Based AI v2 vs Rule-Based AI (original),412,,,800,Yes
Rule-Based AI v2 vs Rule-Based AI (original),413,1,rule_v2,46,No
Rule-Based AI v2 vs Rule-Based AI (original),414,,,800,Yes
Rule-Based AI v2 vs Rule-Based AI (original),415,,,800,Yes
Rule-Based AI v2 vs Rule-Based AI (original),416,1,rule_v2,30,No
Rule-Based AI v2 vs Rule-Based AI (original),417,0,rule_v2,33,No
Rule-Based AI v2 vs Rule-Based AI (original),418,0,rule_v2,29,No
Rule-Based AI v2 vs Rule-Based AI (original),419,,,800,Yes
Rule-Based AI v2 vs Rule-Based AI (original),420,1,rule_v2,46,No
Rule-Based AI v2 vs Rule-Based AI (original),421,2,rule,19,No
Rule-Based AI v2 vs Rule-Based AI (original),422,3,rule_v2,24,No
Rule-Based AI v2 vs Rule-Based AI (original),423,2,rule,15,No
Rule-Based AI v2 vs Rule-Based AI (original),424,0,rule,45,No
Rule-Based AI v2 vs Rule-Based AI (original),425,0,rule_v2,41,No
Rule-Based AI v2 vs Rule-Based AI (original),426,3,rule,8,No
Rule-Based AI v2 vs Rule-Based AI (original),427,0,rule,25,No
Rule-Based AI v2 vs Rule-Based AI (original),428,1,rule_v2,26,No
Rule-Based AI v2 vs Rule-Based AI (original),429,0,rule,13,No
Rule-Based AI v2 vs Rule-Based AI (original),430,3,rule_v2,28,No
Rule-Based AI v2 vs Rule-Based AI (original),431,3,rule,20,No
Rule-Based AI v2 vs Rule-Based AI (original),432,0,rule,17,No
Rule-Based AI v2 vs Rule-Based AI (original),433,3,rule,40,No
Rule-Based AI v2 vs Rule-Based AI (original),434,,,800,Yes
Rule-Based AI v2 vs Rule-Based AI (original),435,1,rule_v2,42,No
Rule-Based AI v2 vs Rule-Based AI (original),436,2,rule_v2,19,No
Rule-Based AI v2 vs Rule-Based AI (original),437,1,rule_v2,22,No
Rule-Based AI v2 vs Rule-Based AI (original),438,,,800,Yes
Rule-Based AI v2 vs Rule-Based AI (original),439,,,800,Yes
Rule-Based AI v2 vs Rule-Based AI (original),440,1,rule,22,No
Rule-Based AI v2 vs Rule-Based AI (original),441,,,800,Yes
Rule-Based AI v2 vs Rule-Based AI (original),442,3,rule,24,No
Rule-Based AI v2 vs Rule-Based AI (original),443,2,rule_v2,11,No
Rule-Based AI v2 vs Rule-Based AI (original),444,0,rule_v2,45,No
Rule-Based AI v2 vs Rule-Based AI (original),445,1,rule,22,No
Rule-Based AI v2 vs Rule-Based AI (original),446,2,rule,35,No
Rule-Based AI v2 vs Rule-Based AI (original),447,1,rule_v2,22,No
Rule-Based AI v2 vs Rule-Based AI (original),448,,,800,Yes
Rule-Based AI v2 vs Rule-Based AI (original),449,,,800,Yes
Rule-Based AI v2 vs Rule-Based AI (original),450,,,800,Yes
Rule-Based AI v2 vs Rule-Based AI (original),451,1,rule,22,No
Rule-Based AI v2 vs Rule-Based AI (original),452,0,rule_v2,33,No
Rule-Based AI v2 vs Rule-Based AI (original),453,2,rule_v2,43,No
Rule-Based AI v2 vs Rule-Based AI (original),454,3,rule_v2,24,No
Rule-Based AI v2 vs Rule-Based AI (original),455,0,rule_v2,29,No
Rule-Based AI v2 vs Rule-Based AI (original),456,,,800,Yes
Rule-Based AI v2 vs Rule-Based AI (original),457,,,800,Yes
Rule-Based AI v2 vs Rule-Based AI (original),458,1,rule,46,No
Rule-Based AI v2 vs Rule-Based AI (original),459,,,800,Yes
Rule-Based AI v2 vs Rule-Based AI (original),460,,,800,Yes
Rule-Based AI v2 vs Rule-Based AI (original),461,1,rule_v2,10,No
Rule-Based AI v2 vs Rule-Based AI (original),462,3,rule_v2,44,No
Rule-Based AI v2 vs Rule-Based AI (original),463,0,rule,29,No
Rule-Based AI v2 vs Rule-Based AI (original),464,,,800,Yes
Rule-Based AI v2 vs Rule-Based AI (original),465,,,800,Yes
Rule-Based AI v2 vs Rule-Based AI (original),466,,,800,Yes
Rule-Based AI v2 vs Rule-Based AI (original),467,3,rule,40,No
Rule-Based AI v2 vs Rule-Based AI (original),468,0,rule,13,No
Rule-Based AI v2 vs Rule-Based AI (original),469,2,rule,19,No
Rule-Based AI v2 vs Rule-Based AI (original),470,1,rule_v2,34,No
Rule-Based AI v2 vs Rule-Based AI (original),471,1,rule,42,No
Rule-Based AI v2 vs Rule-Based AI (original),472,0,rule,33,No
Rule-Based AI v2 vs Rule-Based AI (original),473,2,rule_v2,15,No
Rule-Based AI v2 vs Rule-Based AI (original),474,1,rule,26,No
Rule-Based AI v2 vs Rule-Based AI (original),475,3,rule,36,No
Rule-Based AI v2 vs Rule-Based AI (original),476,,,800,Yes
Rule-Based AI v2 vs Rule-Based AI (original),477,2,rule_v2,23,No
Rule-Based AI v2 vs Rule-Based AI (original),478,1,rule,46,No
Rule-Based AI v2 vs Rule-Based AI (original),479,1,rule_v2,22,No
Rule-Based AI v2 vs Rule-Based AI (original),480,3,rule,36,No
Rule-Based AI v2 vs Rule-Based AI (original),481,2,rule,47,No
Rule-Based AI v2 vs Rule-Based AI (original),482,0,rule,33,No
Rule-Based AI v2 vs Rule-Based AI (original),483,2,rule,39,No
Rule-Based AI v2 vs Rule-Based AI (original),484,,,800,Yes
Rule-Based AI v2 vs Rule-Based AI (original),485,2,rule_v2,27,No
Rule-Based AI v2 vs Rule-Based AI (original),486,,,800,Yes
Rule-Based AI v2 vs Rule-Based AI (original),487,2,rule_v2,31,No
Rule-Based AI v2 vs Rule-Based AI (original),488,0,rule,45,No
Rule-Based AI v2 vs Rule-Based AI (original),489,,,800,Yes
Rule-Based AI v2 vs Rule-Based AI (original),490,2,rule_v2,39,No
Rule-Based AI v2 vs Rule-Based AI (original),491,1,rule_v2,26,No
Rule-Based AI v2 vs Rule-Based AI (original),492,,,800,Yes
Rule-Based AI v2 vs Rule-Based AI (original),493,,,800,Yes
Rule-Based AI v2 vs Rule-Based AI (original),494,0,rule,33,No
Rule-Based AI v2 vs Rule-Based AI (original),495,2,rule_v2,43,No
Rule-Based AI v2 vs Rule-Based AI (original),496,,,800,Yes
Rule-Based AI v2 vs Rule-Based AI (original),497,3,rule,48,No
Rule-Based AI v2 vs Rule-Based AI (original),498,0,rule_v2,41,No
Rule-Based AI v2 vs Rule-Based AI (original),499,3,rule_v2,32,No
Rule-Based AI v2 vs Rule-Based AI (original),500,3,rule_v2,44,No
Rule-Based AI v2 vs Rule-Based AI (original),501,2,rule,27,No
Rule-Based AI v2 vs Rule-Based AI (original),502,1,rule_v2,38,No
Rule-Based AI v2 vs Rule-Based AI (original),503,,,800,Yes
Rule-Based AI v2 vs Rule-Based AI (original),504,0,rule,41,No
Rule-Based AI v2 vs Rule-Based AI (original),505,,,800,Yes
Rule-Based AI v2 vs Rule-Based AI (original),506,,,800,Yes
Rule-Based AI v2 vs Rule-Based AI (original),507,,,800,Yes
Rule-Based AI v2 vs Rule-Based AI (original),508,2,rule_v2,11,No
Rule-Based AI v2 vs Rule-Based AI (original),509,0,rule,29,No
Rule-Based AI v2 vs Rule-Based AI (original),510,,,800,Yes
Rule-Based AI v2 vs Rule-Based AI (original),511,2,rule,35,No
Rule-Based AI v2 vs Rule-Based AI (original),512,,,800,Yes
Rule-Based AI v2 vs Rule-Based AI (original),513,,,800,Yes
Rule-Based AI v2 vs Rule-Based AI (original),514,3,rule,32,No
Rule-Based AI v2 vs Rule-Based AI (original),515,0,rule,21,No
Rule-Based AI v2 vs Rule-Based AI (original),516,,,800,Yes
Rule-Based AI v2 vs Rule-Based AI (original),517,,,800,Yes
Rule-Based AI v2 vs Rule-Based AI (original),518,3,rule_v2,44,No
Rule-Based AI v2 vs Rule-Based AI (original),519,0,rule_v2,29,No
Rule-Based AI v2 vs Rule-Based AI (original),520,,,800,Yes
Rule-Based AI v2 vs Rule-Based AI (original),521,,,800,Yes
Rule-Based AI v2 vs Rule-Based AI (original),522,,,800,Yes
Rule-Based AI v2 vs Rule-Based AI (original),523,2,rule,35,No
Rule-Based AI v2 vs Rule-Based AI (original),524,3,rule_v2,36,No
Rule-Based AI v2 vs Rule-Based AI (original),525,0,rule_v2,37,No
Rule-Based AI v2 vs Rule-Based AI (original),526,1,rule_v2,30,No
Rule-Based AI v2 vs Rule-Based AI (original),527,3,rule_v2,28,No
Rule-Based AI v2 vs Rule-Based AI (original),528,1,rule,26,No
Rule-Based AI v2 vs Rule-Based AI (original),529,3,rule_v2,28,No
Rule-Based AI v2 vs Rule-Based AI (original),530,,,800,Yes
Rule-Based AI v2 vs Rule-Based AI (original),531,3,rule_v2,36,No
Rule-Based AI v2 vs Rule-Based AI (original),532,,,800,Yes
Rule-Based AI v2 vs Rule-Based AI (original),533,3,rule_v2,32,No
Rule-Based AI v2 vs Rule-Based AI (original),534,1,rule_v2,14,No
Rule-Based AI v2 vs Rule-Based AI (original),535,1,rule_v2,42,No
Rule-Based AI v2 vs Rule-Based AI (original),536,1,rule_v2,30,No
Rule-Based AI v2 vs Rule-Based AI (original),537,,,800,Yes
Rule-Based AI v2 vs Rule-Based AI (original),538,,,800,Yes
Rule-Based AI v2 vs Rule-Based AI (original),539,3,rule_v2,28,No
Rule-Based AI v2 vs Rule-Based AI (original),540,,,800,Yes
Rule-Based AI v2 vs Rule-Based AI (original),541,,,800,Yes
Rule-Based AI v2 vs Rule-Based AI (original),542,,,800,Yes
Rule-Based AI v2 vs Rule-Based AI (original),543,3,rule_v2,44,No
Rule-Based AI v2 vs Rule-Based AI (original),544,0,rule,9,No
Rule-Based AI v2 vs Rule-Based AI (original),545,1,rule_v2,38,No
Rule-Based AI v2 vs Rule-Based AI (original),546,0,rule_v2,45,No
Rule-Based AI v2 vs Rule-Based AI (original),547,,,800,Yes
Rule-Based AI v2 vs Rule-Based AI (original),548,1,rule_v2,18,No
Rule-Based AI v2 vs Rule-Based AI (original),549,1,rule,14,No
Rule-Based AI v2 vs Rule-Based AI (original),550,,,800,Yes
Rule-Based AI v2 vs Rule-Based AI (original),551,1,rule_v2,10,No
Rule-Based AI v2 vs Rule-Based AI (original),552,,,800,Yes
Rule-Based AI v2 vs Rule-Based AI (original),553,1,rule,42,No
Rule-Based AI v2 vs Rule-Based AI (original),554,2,rule_v2,27,No
Rule-Based AI v2 vs Rule-Based AI (original),555,0,rule_v2,29,No
Rule-Based AI v2 vs Rule-Based AI (original),556,,,800,Yes
Rule-Based AI v2 vs Rule-Based AI (original),557,0,rule_v2,25,No
Rule-Based AI v2 vs Rule-Based AI (original),558,3,rule_v2,28,No
Rule-Based AI v2 vs Rule-Based AI (original),559,1,rule,22,No
Rule-Based AI v2 vs Rule-Based AI (original),560,,,800,Yes
Rule-Based AI v2 vs Rule-Based AI (original),561,,,800,Yes
Rule-Based AI v2 vs Rule-Based AI (original),562,2,rule_v2,43,No
Rule-Based AI v2 vs Rule-Based AI (original),563,3,rule_v2,24,No
Rule-Based AI v2 vs Rule-Based AI (original),564,2,rule_v2,19,No
Rule-Based AI v2 vs Rule-Based AI (original),565,,,800,Yes
Rule-Based AI v2 vs Rule-Based AI (original),566,2,rule_v2,27,No
Rule-Based AI v2 vs Rule-Based AI (original),567,2,rule_v2,47,No
Rule-Based AI v2 vs Rule-Based AI (original),568,3,rule,32,No
Rule-Based AI v2 vs Rule-Based AI (original),569,0,rule_v2,41,No
Rule-Based AI v2 vs Rule-Based AI (original),570,,,800,Yes
Rule-Based AI v2 vs Rule-Based AI (original),571,2,rule,43,No
Rule-Based AI v2 vs Rule-Based AI (original),572,0,rule_v2,17,No
Rule-Based AI v2 vs Rule-Based AI (original),573,1,rule_v2,26,No
Rule-Based AI v2 vs Rule-Based AI (original),574,2,rule_v2,15,No
Rule-Based AI v2 vs Rule-Based AI (original),575,,,800,Yes
Rule-Based AI v2 vs Rule-Based AI (original),576,,,800,Yes
Rule-Based AI v2 vs Rule-Based AI (original),577,,,800,Yes
Rule-Based AI v2 vs Rule-Based AI (original),578,,,800,Yes
Rule-Based AI v2 vs Rule-Based AI (original),579,0,rule,17,No
Rule-Based AI v2 vs Rule-Based AI (original),580,,,800,Yes
Rule-Based AI v2 vs Rule-Based AI (original),581,1,rule_v2,26,No
Rule-Based AI v2 vs Rule-Based AI (original),582,,,800,Yes
Rule-Based AI v2 vs Rule-Based AI (original),583,0,rule,37,No
Rule-Based AI v2 vs Rule-Based AI (original),584,1,rule,38,No
Rule-Based AI v2 vs Rule-Based AI (original),585,1,rule_v2,46,No
Rule-Based AI v2 vs Rule-Based AI (original),586,3,rule,20,No
Rule-Based AI v2 vs Rule-Based AI (original),587,3,rule,44,No
Rule-Based AI v2 vs Rule-Based AI (original),588,,,800,Yes
Rule-Based AI v2 vs Rule-Based AI (original),589,2,rule_v2,47,No
Rule-Based AI v2 vs Rule-Based AI (original),590,2,rule,43,No
Rule-Based AI v2 vs Rule-Based AI (original),591,3,rule,36,No
Rule-Based AI v2 vs Rule-Based AI (original),592,0,rule_v2,33,No
Rule-Based AI v2 vs Rule-Based AI (original),593,0,rule,37,No
Rule-Based AI v2 vs Rule-Based AI (original),594,,,800,Yes
Rule-Based AI v2 vs Rule-Based AI (original),595,,,800,Yes
Rule-Based AI v2 vs Rule-Based AI (original),596,,,800,Yes
Rule-Based AI v2 vs Rule-Based AI (original),597,0,rule_v2,21,No
Rule-Based AI v2 vs Rule-Based AI (original),598,2,rule_v2,19,No
Rule-Based AI v2 vs Rule-Based AI (original),599,0,rule,45,No
Rule-Based AI v2 vs Rule-Based AI (original),600,,,800,Yes
Rule-Based AI v2 vs Rule-Based AI (original),601,,,800,Yes
Rule-Based AI v2 vs Rule-Based AI (original),602,0,rule_v2,45,No
Rule-Based AI v2 vs Rule-Based AI (original),603,1,rule_v2,18,No
Rule-Based AI v2 vs Rule-Based AI (original),604,,,800,Yes
Rule-Based AI v2 vs Rule-Based AI (original),605,1,rule_v2,46,No
Rule-Based AI v2 vs Rule-Based AI (original),606,,,800,Yes
Rule-Based AI v2 vs Rule-Based AI (original),607,0,rule_v2,37,No
Rule-Based AI v2 vs Rule-Based AI (original),608,,,800,Yes
Rule-Based AI v2 vs Rule-Based AI (original),609,1,rule_v2,30,No
Rule-Based AI v2 vs Rule-Based AI (original),610,1,rule_v2,26,No
Rule-Based AI v2 vs Rule-Based AI (original),611,0,rule_v2,25,No
Rule-Based AI v2 vs Rule-Based AI (original),612,,,800,Yes
Rule-Based AI v2 vs Rule-Based AI (original),613,3,rule_v2,44,No
Rule-Based AI v2 vs Rule-Based AI (original),614,1,rule_v2,22,No
Rule-Based AI v2 vs Rule-Based AI (original),615,0,rule_v2,37,No
Rule-Based AI v2 vs Rule-Based AI (original),616,,,800,Yes
Rule-Based AI v2 vs Rule-Based AI (original),617,3,rule_v2,40,No
Rule-Based AI v2 vs Rule-Based AI (original),618,1,rule,42,No
Rule-Based AI v2 vs Rule-Based AI (original),619,0,rule,25,No
Rule-Based AI v2 vs Rule-Based AI (original),620,3,rule,36,No
Rule-Based AI v2 vs Rule-Based AI (original),621,1,rule,10,No
Rule-Based AI v2 vs Rule-Based AI (original),622,3,rule,16,No
Rule-Based AI v2 vs Rule-Based AI (original),623,3,rule,48,No
Rule-Based AI v2 vs Rule-Based AI (original),624,2,rule,15,No
Rule-Based AI v2 vs Rule-Based AI (original),625,,,800,Yes
Rule-Based AI v2 vs Rule-Based AI (original),626,,,800,Yes
Rule-Based AI v2 vs Rule-Based AI (original),627,1,rule_v2,26,No
Rule-Based AI v2 vs Rule-Based AI (original),628,,,800,Yes
Rule-Based AI v2 vs Rule-Based AI (original),629,2,rule,27,No
Rule-Based AI v2 vs Rule-Based AI (original),630,2,rule_v2,31,No
Rule-Based AI v2 vs Rule-Based AI (original),631,,,800,Yes
Rule-Based AI v2 vs Rule-Based AI (original),632,1,rule,34,No
Rule-Based AI v2 vs Rule-Based AI (original),633,1,rule_v2,22,No
Rule-Based AI v2 vs Rule-Based AI (original),634,3,rule_v2,8,No
Rule-Based AI v2 vs Rule-Based AI (original),635,3,rule,36,No
Rule-Based AI v2 vs Rule-Based AI (original),636,,,800,Yes
Rule-Based AI v2 vs Rule-Based AI (original),637,3,rule,44,No
Rule-Based AI v2 vs Rule-Based AI (original),638,2,rule,23,No
Rule-Based AI v2 vs Rule-Based AI (original),639,2,rule_v2,39,No
Rule-Based AI v2 vs Rule-Based AI (original),640,,,800,Yes
Rule-Based AI v2 vs Rule-Based AI (original),641,,,800,Yes
Rule-Based AI v2 vs Rule-Based AI (original),642,,,800,Yes
Rule-Based AI v2 vs Rule-Based AI (original),643,,,800,Yes
Rule-Based AI v2 vs Rule-Based AI (original),644,0,rule,29,No
Rule-Based AI v2 vs Rule-Based AI (original),645,2,rule_v2,23,No
Rule-Based AI v2 vs Rule-Based AI (original),646,,,800,Yes
Rule-Based AI v2 vs Rule-Based AI (original),647,,,800,Yes
Rule-Based AI v2 vs Rule-Based AI (original),648,1,rule_v2,34,No
Rule-Based AI v2 vs Rule-Based AI (original),649,,,800,Yes
Rule-Based AI v2 vs Rule-Based AI (original),650,3,rule,20,No
Rule-Based AI v2 vs Rule-Based AI (original),651,2,rule,31,No
Rule-Based AI v2 vs Rule-Based AI (original),652,,,800,Yes
Rule-Based AI v2 vs Rule-Based AI (original),653,3,rule_v2,44,No
Rule-Based AI v2 vs Rule-Based AI (original),654,0,rule,29,No
Rule-Based AI v2 vs Rule-Based AI (original),655,0,rule,45,No
Rule-Based AI v2 vs Rule-Based AI (original),656,,,800,Yes
Rule-Based AI v2 vs Rule-Based AI (original),657,1,rule_v2,30,No
Rule-Based AI v2 vs Rule-Based AI (original),658,,,800,Yes
Rule-Based AI v2 vs Rule-Based AI (original),659,,,800,Yes
Rule-Based AI v2 vs Rule-Based AI (original),660,3,rule_v2,28,No
Rule-Based AI v2 vs Rule-Based AI (original),661,2,rule,43,No
Rule-Based AI v2 vs Rule-Based AI (original),662,,,800,Yes
Rule-Based AI v2 vs Rule-Based AI (original),663,,,800,Yes
Rule-Based AI v2 vs Rule-Based AI (original),664,,,800,Yes
Rule-Based AI v2 vs Rule-Based AI (original),665,3,rule_v2,32,No
Rule-Based AI v2 vs Rule-Based AI (original),666,1,rule,38,No
Rule-Based AI v2 vs Rule-Based AI (original),667,0,rule_v2,37,No
Rule-Based AI v2 vs Rule-Based AI (original),668,2,rule_v2,11,No
Rule-Based AI v2 vs Rule-Based AI (original),669,1,rule_v2,34,No
Rule-Based AI v2 vs Rule-Based AI (original),670,,,800,Yes
Rule-Based AI v2 vs Rule-Based AI (original),671,,,800,Yes
Rule-Based AI v2 vs Rule-Based AI (original),672,3,rule,48,No
Rule-Based AI v2 vs Rule-Based AI (original),673,2,rule,39,No
Rule-Based AI v2 vs Rule-Based AI (original),674,0,rule,21,No
Rule-Based AI v2 vs Rule-Based AI (original),675,0,rule,29,No
Rule-Based AI v2 vs Rule-Based AI (original),676,1,rule,18,No
Rule-Based AI v2 vs Rule-Based AI (original),677,,,800,Yes
Rule-Based AI v2 vs Rule-Based AI (original),678,,,800,Yes
Rule-Based AI v2 vs Rule-Based AI (original),679,2,rule,39,No
Rule-Based AI v2 vs Rule-Based AI (original),680,2,rule,27,No
Rule-Based AI v2 vs Rule-Based AI (original),681,0,rule,29,No
Rule-Based AI v2 vs Rule-Based AI (original),682,2,rule,23,No
Rule-Based AI v2 vs Rule-Based AI (original),683,,,800,Yes
Rule-Based AI v2 vs Rule-Based AI (original),684,3,rule_v2,28,No
Rule-Based AI v2 vs Rule-Based AI (original),685,3,rule,44,No
Rule-Based AI v2 vs Rule-Based AI (original),686,3,rule_v2,32,No
Rule-Based AI v2 vs Rule-Based AI (original),687,2,rule,31,No
Rule-Based AI v2 vs Rule-Based AI (original),688,,,800,Yes
Rule-Based AI v2 vs Rule-Based AI (original),689,1,rule_v2,6,No
Rule-Based AI v2 vs Rule-Based AI (original),690,2,rule_v2,31,No
Rule-Based AI v2 vs Rule-Based AI (original),691,0,rule,25,No
Rule-Based AI v2 vs Rule-Based AI (original),692,0,rule_v2,29,No
Rule-Based AI v2 vs Rule-Based AI (original),693,,,800,Yes
Rule-Based AI v2 vs Rule-Based AI (original),694,3,rule_v2,28,No
Rule-Based AI v2 vs Rule-Based AI (original),695,3,rule_v2,40,No
Rule-Based AI v2 vs Rule-Based AI (original),696,2,rule,39,No
Rule-Based AI v2 vs Rule-Based AI (original),697,0,rule_v2,13,No
Rule-Based AI v2 vs Rule-Based AI (original),698,3,rule_v2,32,No
Rule-Based AI v2 vs Rule-Based AI (original),699,,,800,Yes
Rule-Based AI v2 vs Rule-Based AI (original),700,2,rule_v2,11,No
Rule-Based AI v2 vs Rule-Based AI (original),701,,,800,Yes
Rule-Based AI v2 vs Rule-Based AI (original),702,,,800,Yes
Rule-Based AI v2 vs Rule-Based AI (original),703,3,rule_v2,28,No
Rule-Based AI v2 vs Rule-Based AI (original),704,,,800,Yes
Rule-Based AI v2 vs Rule-Based AI (original),705,,,800,Yes
Rule-Based AI v2 vs Rule-Based AI (original),706,0,rule_v2,21,No
Rule-Based AI v2 vs Rule-Based AI (original),707,1,rule_v2,18,No
Rule-Based AI v2 vs Rule-Based AI (original),708,0,rule_v2,45,No
Rule-Based AI v2 vs Rule-Based AI (original),709,3,rule_v2,48,No
Rule-Based AI v2 vs Rule-Based AI (original),710,,,800,Yes
Rule-Based AI v2 vs Rule-Based AI (original),711,,,800,Yes
Rule-Based AI v2 vs Rule-Based AI (original),712,,,800,Yes
Rule-Based AI v2 vs Rule-Based AI (original),713,1,rule,42,No
Rule-Based AI v2 vs Rule-Based AI (original),714,,,800,Yes
Rule-Based AI v2 vs Rule-Based AI (original),715,3,rule_v2,36,No
Rule-Based AI v2 vs Rule-Based AI (original),716,1,rule,18,No
Rule-Based AI v2 vs Rule-Based AI (original),717,1,rule_v2,30,No
Rule-Based AI v2 vs Rule-Based AI (original),718,3,rule_v2,44,No
Rule-Based AI v2 vs Rule-Based AI (original),719,1,rule_v2,26,No
Rule-Based AI v2 vs Rule-Based AI (original),720,1,rule_v2,26,No
Rule-Based AI v2 vs Rule-Based AI (original),721,2,rule_v2,19,No
Rule-Based AI v2 vs Rule-Based AI (original),722,,,800,Yes
Rule-Based AI v2 vs Rule-Based AI (original),723,3,rule_v2,40,No
Rule-Based AI v2 vs Rule-Based AI (original),724,0,rule_v2,37,No
Rule-Based AI v2 vs Rule-Based AI (original),725,,,800,Yes
Rule-Based AI v2 vs Rule-Based AI (original),726,,,800,Yes
Rule-Based AI v2 vs Rule-Based AI (original),727,3,rule,36,No
Rule-Based AI v2 vs Rule-Based AI (original),728,2,rule_v2,19,No
Rule-Based AI v2 vs Rule-Based AI (original),729,3,rule,44,No
Rule-Based AI v2 vs Rule-Based AI (original),730,,,800,Yes
Rule-Based AI v2 vs Rule-Based AI (original),731,0,rule_v2,41,No
Rule-Based AI v2 vs Rule-Based AI (original),732,3,rule_v2,8,No
Rule-Based AI v2 vs Rule-Based AI (original),733,1,rule_v2,18,No
Rule-Based AI v2 vs Rule-Based AI (original),734,1,rule,46,No
Rule-Based AI v2 vs Rule-Based AI (original),735,,,800,Yes
Rule-Based AI v2 vs Rule-Based AI (original),736,,,800,Yes
Rule-Based AI v2 vs Rule-Based AI (original),737,0,rule,37,No
Rule-Based AI v2 vs Rule-Based AI (original),738,3,rule,24,No
Rule-Based AI v2 vs Rule-Based AI (original),739,,,800,Yes
Rule-Based AI v2 vs Rule-Based AI (original),740,,,800,Yes
Rule-Based AI v2 vs Rule-Based AI (original),741,0,rule,17,No
Rule-Based AI v2 vs Rule-Based AI (original),742,3,rule,28,No
Rule-Based AI v2 vs Rule-Based AI (original),743,,,800,Yes
Rule-Based AI v2 vs Rule-Based AI (original),744,2,rule_v2,31,No
Rule-Based AI v2 vs Rule-Based AI (original),745,2,rule_v2,11,No
Rule-Based AI v2 vs Rule-Based AI (original),746,0,rule_v2,29,No
Rule-Based AI v2 vs Rule-Based AI (original),747,3,rule,40,No
Rule-Based AI v2 vs Rule-Based AI (original),748,,,800,Yes
Rule-Based AI v2 vs Rule-Based AI (original),749,,,800,Yes
Rule-Based AI v2 vs Rule-Based AI (original),750,,,800,Yes
Rule-Based AI v2 vs Rule-Based AI (original),751,0,rule,13,No
Rule-Based AI v2 vs Rule-Based AI (original),752,3,rule,24,No
Rule-Based AI v2 vs Rule-Based AI (original),753,2,rule,27,No
Rule-Based AI v2 vs Rule-Based AI (original),754,0,rule,25,No
Rule-Based AI v2 vs Rule-Based AI (original),755,2,rule,7,No
Rule-Based AI v2 vs Rule-Based AI (original),756,0,rule,41,No
Rule-Based AI v2 vs Rule-Based AI (original),757,,,800,Yes
Rule-Based AI v2 vs Rule-Based AI (original),758,2,rule,23,No
Rule-Based AI v2 vs Rule-Based AI (original),759,1,rule_v2,42,No
Rule-Based AI v2 vs Rule-Based AI (original),760,3,rule,24,No
Rule-Based AI v2 vs Rule-Based AI (original),761,2,rule_v2,35,No
Rule-Based AI v2 vs Rule-Based AI (original),762,,,800,Yes
Rule-Based AI v2 vs Rule-Based AI (original),763,,,800,Yes
Rule-Based AI v2 vs Rule-Based AI (original),764,2,rule_v2,35,No
Rule-Based AI v2 vs Rule-Based AI (original),765,2,rule_v2,43,No
Rule-Based AI v2 vs Rule-Based AI (original),766,,,800,Yes
Rule-Based AI v2 vs Rule-Based AI (original),767,3,rule_v2,28,No
Rule-Based AI v2 vs Rule-Based AI (original),768,,,800,Yes
Rule-Based AI v2 vs Rule-Based AI (original),769,,,800,Yes
Rule-Based AI v2 vs Rule-Based AI (original),770,0,rule_v2,33,No
Rule-Based AI v2 vs Rule-Based AI (original),771,,,800,Yes
Rule-Based AI v2 vs Rule-Based AI (original),772,0,rule_v2,41,No
Rule-Based AI v2 vs Rule-Based AI (original),773,1,rule,14,No
Rule-Based AI v2 vs Rule-Based AI (original),774,3,rule,24,No
Rule-Based AI v2 vs Rule-Based AI (original),775,,,800,Yes
Rule-Based AI v2 vs Rule-Based AI (original),776,0,rule,41,No
Rule-Based AI v2 vs Rule-Based AI (original),777,,,800,Yes
Rule-Based AI v2 vs Rule-Based AI (original),778,2,rule_v2,31,No
Rule-Based AI v2 vs Rule-Based AI (original),779,0,rule,25,No
Rule-Based AI v2 vs Rule-Based AI (original),780,,,800,Yes
Rule-Based AI v2 vs Rule-Based AI (original),781,1,rule,38,No
Rule-Based AI v2 vs Rule-Based AI (original),782,0,rule,9,No
Rule-Based AI v2 vs Rule-Based AI (original),783,3,rule_v2,32,No
Rule-Based AI v2 vs Rule-Based AI (original),784,1,rule_v2,10,No
Rule-Based AI v2 vs Rule-Based AI (original),785,2,rule_v2,39,No
Rule-Based AI v2 vs Rule-Based AI (original),786,3,rule_v2,24,No
Rule-Based AI v2 vs Rule-Based AI (original),787,3,rule_v2,20,No
Rule-Based AI v2 vs Rule-Based AI (original),788,2,rule_v2,31,No
Rule-Based AI v2 vs Rule-Based AI (original),789,,,800,Yes
Rule-Based AI v2 vs Rule-Based AI (original),790,3,rule,48,No
Rule-Based AI v2 vs Rule-Based AI (original),791,,,800,Yes
Rule-Based AI v2 vs Rule-Based AI (original),792,0,rule,33,No
Rule-Based AI v2 vs Rule-Based AI (original),793,,,800,Yes
Rule-Based AI v2 vs Rule-Based AI (original),794,2,rule_v2,23,No
Rule-Based AI v2 vs Rule-Based AI (original),795,1,rule,30,No
Rule-Based AI v2 vs Rule-Based AI (original),796,0,rule_v2,33,No
Rule-Based AI v2 vs Rule-Based AI (original),797,,,800,Yes
Rule-Based AI v2 vs Rule-Based AI (original),798,0,rule_v2,33,No
Rule-Based AI v2 vs Rule-Based AI (original),799,0,rule_v2,37,No
Rule-Based AI v2 vs Rule-Based AI (original),800,0,rule_v2,9,No
Rule-Based AI v2 vs Rule-Based AI (original),801,0,rule_v2,29,No
Rule-Based AI v2 vs Rule-Based AI (original),802,,,800,Yes
Rule-Based AI v2 vs Rule-Based AI (original),803,0,rule_v2,29,No
Rule-Based AI v2 vs Rule-Based AI (original),804,1,rule,38,No
Rule-Based AI v2 vs Rule-Based AI (original),805,2,rule_v2,23,No
Rule-Based AI v2 vs Rule-Based AI (original),806,,,800,Yes
Rule-Based AI v2 vs Rule-Based AI (original),807,,,800,Yes
Rule-Based AI v2 vs Rule-Based AI (original),808,3,rule_v2,28,No
Rule-Based AI v2 vs Rule-Based AI (original),809,,,800,Yes
Rule-Based AI v2 vs Rule-Based AI (original),810,,,800,Yes
Rule-Based AI v2 vs Rule-Based AI (original),811,,,800,Yes
Rule-Based AI v2 vs Rule-Based AI (original),812,3,rule,20,No
Rule-Based AI v2 vs Rule-Based AI (original),813,1,rule_v2,38,No
Rule-Based AI v2 vs Rule-Based AI (original),814,2,rule,27,No
Rule-Based AI v2 vs Rule-Based AI (original),815,,,800,Yes
Rule-Based AI v2 vs Rule-Based AI (original),816,3,rule,24,No
Rule-Based AI v2 vs Rule-Based AI (original),817,,,800,Yes
Rule-Based AI v2 vs Rule-Based AI (original),818,2,rule,7,No
Rule-Based AI v2 vs Rule-Based AI (original),819,1,rule_v2,42,No
Rule-Based AI v2 vs Rule-Based AI (original),820,,,800,Yes
Rule-Based AI v2 vs Rule-Based AI (original),821,2,rule,27,No
Rule-Based AI v2 vs Rule-Based AI (original),822,2,rule,31,No
Rule-Based AI v2 vs Rule-Based AI (original),823,,,800,Yes
Rule-Based AI v2 vs Rule-Based AI (original),824,2,rule_v2,27,No
Rule-Based AI v2 vs Rule-Based AI (original),825,0,rule_v2,9,No
Rule-Based AI v2 vs Rule-Based AI (original),826,2,rule_v2,27,No
Rule-Based AI v2 vs Rule-Based AI (original),827,0,rule,45,No
Rule-Based AI v2 vs Rule-Based AI (original),828,3,rule,32,No
Rule-Based AI v2 vs Rule-Based AI (original),829,,,800,Yes
Rule-Based AI v2 vs Rule-Based AI (original),830,3,rule_v2,48,No
Rule-Based AI v2 vs Rule-Based AI (original),831,,,800,Yes
Rule-Based AI v2 vs Rule-Based AI (original),832,1,rule,22,No
Rule-Based AI v2 vs Rule-Based AI (original),833,2,rule,31,No
Rule-Based AI v2 vs Rule-Based AI (original),834,,,800,Yes
Rule-Based AI v2 vs Rule-Based AI (original),835,0,rule_v2,21,No
Rule-Based AI v2 vs Rule-Based AI (original),836,0,rule_v2,21,No
Rule-Based AI v2 vs Rule-Based AI (original),837,3,rule,48,No
Rule-Based AI v2 vs Rule-Based AI (original),838,2,rule_v2,19,No
Rule-Based AI v2 vs Rule-Based AI (original),839,,,800,Yes
Rule-Based AI v2 vs Rule-Based AI (original),840,,,800,Yes
Rule-Based AI v2 vs Rule-Based AI (original),841,2,rule,39,No
Rule-Based AI v2 vs Rule-Based AI (original),842,,,800,Yes
Rule-Based AI v2 vs Rule-Based AI (original),843,1,rule_v2,10,No
Rule-Based AI v2 vs Rule-Based AI (original),844,,,800,Yes
Rule-Based AI v2 vs Rule-Based AI (original),845,,,800,Yes
Rule-Based AI v2 vs Rule-Based AI (original),846,,,800,Yes
Rule-Based AI v2 vs Rule-Based AI (original),847,2,rule,19,No
Rule-Based AI v2 vs Rule-Based AI (original),848,3,rule,32,No
Rule-Based AI v2 vs Rule-Based AI (original),849,2,rule_v2,31,No
Rule-Based AI v2 vs Rule-Based AI (original),850,2,rule,35,No
Rule-Based AI v2 vs Rule-Based AI (original),851,0,rule,33,No
Rule-Based AI v2 vs Rule-Based AI (original),852,,,800,Yes
Rule-Based AI v2 vs Rule-Based AI (original),853,2,rule,23,No
Rule-Based AI v2 vs Rule-Based AI (original),854,,,800,Yes
Rule-Based AI v2 vs Rule-Based AI (original),855,1,rule_v2,10,No
Rule-Based AI v2 vs Rule-Based AI (original),856,1,rule_v2,2,No
Rule-Based AI v2 vs Rule-Based AI (original),857,,,800,Yes
Rule-Based AI v2 vs Rule-Based AI (original),858,,,800,Yes
Rule-Based AI v2 vs Rule-Based AI (original),859,,,800,Yes
Rule-Based AI v2 vs Rule-Based AI (original),860,1,rule,22,No
Rule-Based AI v2 vs Rule-Based AI (original),861,0,rule_v2,37,No
Rule-Based AI v2 vs Rule-Based AI (original),862,1,rule,30,No
Rule-Based AI v2 vs Rule-Based AI (original),863,2,rule,31,No
Rule-Based AI v2 vs Rule-Based AI (original),864,1,rule_v2,22,No
Rule-Based AI v2 vs Rule-Based AI (original),865,0,rule,37,No
Rule-Based AI v2 vs Rule-Based AI (original),866,1,rule,46,No
Rule-Based AI v2 vs Rule-Based AI (original),867,1,rule,18,No
Rule-Based AI v2 vs Rule-Based AI (original),868,0,rule_v2,37,No
Rule-Based AI v2 vs Rule-Based AI (original),869,,,800,Yes
Rule-Based AI v2 vs Rule-Based AI (original),870,3,rule_v2,24,No
Rule-Based AI v2 vs Rule-Based AI (original),871,0,rule,41,No
Rule-Based AI v2 vs Rule-Based AI (original),872,0,rule,17,No
Rule-Based AI v2 vs Rule-Based AI (original),873,,,800,Yes
Rule-Based AI v2 vs Rule-Based AI (original),874,0,rule,37,No
Rule-Based AI v2 vs Rule-Based AI (original),875,1,rule_v2,30,No
Rule-Based AI v2 vs Rule-Based AI (original),876,0,rule_v2,13,No
Rule-Based AI v2 vs Rule-Based AI (original),877,1,rule,34,No
Rule-Based AI v2 vs Rule-Based AI (original),878,1,rule,14,No
Rule-Based AI v2 vs Rule-Based AI (original),879,2,rule,43,No
Rule-Based AI v2 vs Rule-Based AI (original),880,2,rule,19,No
Rule-Based AI v2 vs Rule-Based AI (original),881,0,rule,17,No
Rule-Based AI v2 vs Rule-Based AI (original),882,3,rule_v2,32,No
Rule-Based AI v2 vs Rule-Based AI (original),883,,,800,Yes
Rule-Based AI v2 vs Rule-Based AI (original),884,0,rule_v2,25,No
Rule-Based AI v2 vs Rule-Based AI (original),885,1,rule,14,No
Rule-Based AI v2 vs Rule-Based AI (original),886,,,800,Yes
Rule-Based AI v2 vs Rule-Based AI (original),887,,,800,Yes
Rule-Based AI v2 vs Rule-Based AI (original),888,,,800,Yes
Rule-Based AI v2 vs Rule-Based AI (original),889,0,rule,13,No
Rule-Based AI v2 vs Rule-Based AI (original),890,,,800,Yes
Rule-Based AI v2 vs Rule-Based AI (original),891,,,800,Yes
Rule-Based AI v2 vs Rule-Based AI (original),892,,,800,Yes
Rule-Based AI v2 vs Rule-Based AI (original),893,1,rule_v2,14,No
Rule-Based AI v2 vs Rule-Based AI (original),894,,,800,Yes
Rule-Based AI v2 vs Rule-Based AI (original),895,1,rule_v2,38,No
Rule-Based AI v2 vs Rule-Based AI (original),896,0,rule,33,No
Rule-Based AI v2 vs Rule-Based AI (original),897,,,800,Yes
Rule-Based AI v2 vs Rule-Based AI (original),898,1,rule_v2,26,No
Rule-Based AI v2 vs Rule-Based AI (original),899,1,rule,42,No
Rule-Based AI v2 vs Rule-Based AI (original),900,,,800,Yes
Rule-Based AI v2 vs Rule-Based AI (original),901,0,rule,29,No
Rule-Based AI v2 vs Rule-Based AI (original),902,3,rule,32,No
Rule-Based AI v2 vs Rule-Based AI (original),903,3,rule_v2,36,No
Rule-Based AI v2 vs Rule-Based AI (original),904,0,rule_v2,37,No
Rule-Based AI v2 vs Rule-Based AI (original),905,,,800,Yes
Rule-Based AI v2 vs Rule-Based AI (original),906,1,rule_v2,18,No
Rule-Based AI v2 vs Rule-Based AI (original),907,2,rule,11,No
Rule-Based AI v2 vs Rule-Based AI (original),908,,,800,Yes
Rule-Based AI v2 vs Rule-Based AI (original),909,2,rule_v2,15,No
Rule-Based AI v2 vs Rule-Based AI (original),910,2,rule,19,No
Rule-Based AI v2 vs Rule-Based AI (original),911,0,rule,37,No
Rule-Based AI v2 vs Rule-Based AI (original),912,2,rule_v2,31,No
Rule-Based AI v2 vs Rule-Based AI (original),913,1,rule,46,No
Rule-Based AI v2 vs Rule-Based AI (original),914,,,800,Yes
Rule-Based AI v2 vs Rule-Based AI (original),915,,,800,Yes
Rule-Based AI v2 vs Rule-Based AI (original),916,,,800,Yes
Rule-Based AI v2 vs Rule-Based AI (original),917,2,rule_v2,47,No
Rule-Based AI v2 vs Rule-Based AI (original),918,2,rule_v2,23,No
Rule-Based AI v2 vs Rule-Based AI (original),919,1,rule,14,No
Rule-Based AI v2 vs Rule-Based AI (original),920,,,800,Yes
Rule-Based AI v2 vs Rule-Based AI (original),921,1,rule,14,No
Rule-Based AI v2 vs Rule-Based AI (original),922,0,rule_v2,29,No
Rule-Based AI v2 vs Rule-Based AI (original),923,0,rule_v2,33,No
Rule-Based AI v2 vs Rule-Based AI (original),924,,,800,Yes
Rule-Based AI v2 vs Rule-Based AI (original),925,0,rule,21,No
Rule-Based AI v2 vs Rule-Based AI (original),926,1,rule_v2,10,No
Rule-Based AI v2 vs Rule-Based AI (original),927,1,rule,38,No
Rule-Based AI v2 vs Rule-Based AI (original),928,,,800,Yes
Rule-Based AI v2 vs Rule-Based AI (original),929,0,rule_v2,33,No
Rule-Based AI v2 vs Rule-Based AI (original),930,3,rule_v2,24,No
Rule-Based AI v2 vs Rule-Based AI (original),931,,,800,Yes
Rule-Based AI v2 vs Rule-Based AI (original),932,0,rule,37,No
Rule-Based AI v2 vs Rule-Based AI (original),933,3,rule_v2,20,No
Rule-Based AI v2 vs Rule-Based AI (original),934,1,rule_v2,42,No
Rule-Based AI v2 vs Rule-Based AI (original),935,,,800,Yes
Rule-Based AI v2 vs Rule-Based AI (original),936,,,800,Yes
Rule-Based AI v2 vs Rule-Based AI (original),937,0,rule_v2,13,No
Rule-Based AI v2 vs Rule-Based AI (original),938,,,800,Yes
Rule-Based AI v2 vs Rule-Based AI (original),939,2,rule_v2,19,No
Rule-Based AI v2 vs Rule-Based AI (original),940,1,rule_v2,34,No
Rule-Based AI v2 vs Rule-Based AI (original),941,,,800,Yes
Rule-Based AI v2 vs Rule-Based AI (original),942,,,800,Yes
Rule-Based AI v2 vs Rule-Based AI (original),943,,,800,Yes
Rule-Based AI v2 vs Rule-Based AI (original),944,3,rule,48,No
Rule-Based AI v2 vs Rule-Based AI (original),945,0,rule,29,No
Rule-Based AI v2 vs Rule-Based AI (original),946,3,rule,44,No
Rule-Based AI v2 vs Rule-Based AI (original),947,,,800,Yes
Rule-Based AI v2 vs Rule-Based AI (original),948,1,rule,14,No
Rule-Based AI v2 vs Rule-Based AI (original),949,3,rule,40,No
Rule-Based AI v2 vs Rule-Based AI (original),950,,,800,Yes
Rule-Based AI v2 vs Rule-Based AI (original),951,,,800,Yes
Rule-Based AI v2 vs Rule-Based AI (original),952,2,rule_v2,39,No
Rule-Based AI v2 vs Rule-Based AI (original),953,3,rule,8,No
Rule-Based AI v2 vs Rule-Based AI (original),954,1,rule_v2,26,No
Rule-Based AI v2 vs Rule-Based AI (original),955,,,800,Yes
Rule-Based AI v2 vs Rule-Based AI (original),956,0,rule_v2,33,No
Rule-Based AI v2 vs Rule-Based AI (original),957,,,800,Yes
Rule-Based AI v2 vs Rule-Based AI (original),958,2,rule_v2,7,No
Rule-Based AI v2 vs Rule-Based AI (original),959,3,rule,8,No
Rule-Based AI v2 vs Rule-Based AI (original),960,,,800,Yes
Rule-Based AI v2 vs Rule-Based AI (original),961,,,800,Yes
Rule-Based AI v2 vs Rule-Based AI (original),962,,,800,Yes
Rule-Based AI v2 vs Rule-Based AI (original),963,,,800,Yes
Rule-Based AI v2 vs Rule-Based AI (original),964,0,rule_v2,33,No
Rule-Based AI v2 vs Rule-Based AI (original),965,3,rule_v2,20,No
Rule-Based AI v2 vs Rule-Based AI (original),966,2,rule_v2,47,No
Rule-Based AI v2 vs Rule-Based AI (original),967,0,rule_v2,21,No
Rule-Based AI v2 vs Rule-Based AI (original),968,3,rule_v2,12,No
Rule-Based AI v2 vs Rule-Based AI (original),969,,,800,Yes
Rule-Based AI v2 vs Rule-Based AI (original),970,1,rule_v2,22,No
Rule-Based AI v2 vs Rule-Based AI (original),971,3,rule,40,No
Rule-Based AI v2 vs Rule-Based AI (original),972,2,rule_v2,27,No
Rule-Based AI v2 vs Rule-Based AI (original),973,,,800,Yes
Rule-Based AI v2 vs Rule-Based AI (original),974,0,rule,9,No
Rule-Based AI v2 vs Rule-Based AI (original),975,,,800,Yes
Rule-Based AI v2 vs Rule-Based AI (original),976,1,rule_v2,30,No
Rule-Based AI v2 vs Rule-Based AI (original),977,0,rule_v2,45,No
Rule-Based AI v2 vs Rule-Based AI (original),978,0,rule,21,No
Rule-Based AI v2 vs Rule-Based AI (original),979,,,800,Yes
Rule-Based AI v2 vs Rule-Based AI (original),980,,,800,Yes
Rule-Based AI v2 vs Rule-Based AI (original),981,,,800,Yes
Rule-Based AI v2 vs Rule-Based AI (original),982,2,rule_v2,15,No
Rule-Based AI v2 vs Rule-Based AI (original),983,1,rule,34,No
Rule-Based AI v2 vs Rule-Based AI (original),984,3,rule_v2,24,No
Rule-Based AI v2 vs Rule-Based AI (original),985,,,800,Yes
Rule-Based AI v2 vs Rule-Based AI (original),986,1,rule,22,No
Rule-Based AI v2 vs Rule-Based AI (original),987,,,800,Yes
Rule-Based AI v2 vs Rule-Based AI (original),988,,,800,Yes
Rule-Based AI v2 vs Rule-Based AI (original),989,2,rule_v2,23,No
Rule-Based AI v2 vs Rule-Based AI (original),990,2,rule,35,No
Rule-Based AI v2 vs Rule-Based AI (original),991,3,rule,32,No
Rule-Based AI v2 vs Rule-Based AI (original),992,,,800,Yes
Rule-Based AI v2 vs Rule-Based AI (original),993,,,800,Yes
Rule-Based AI v2 vs Rule-Based AI (original),994,2,rule_v2,31,No
Rule-Based AI v2 vs Rule-Based AI (original),995,2,rule_v2,27,No
Rule-Based AI v2 vs Rule-Based AI (original),996,0,rule_v2,33,No
Rule-Based AI v2 vs Rule-Based AI (original),997,3,rule,44,No
Rule-Based AI v2 vs Rule-Based AI (original),998,1,rule,18,No
Rule-Based AI v2 vs Rule-Based AI (original),999,3,rule,40,No
Rule-Based AI v2 vs Rule-Based AI (original),1000,2,rule,23,No
Rule-Based AI v2 vs Rule-Based AI (original),1001,2,rule_v2,27,No
Rule-Based AI v2 vs Rule-Based AI (original),1002,3,rule,40,No
Rule-Based AI v2 vs Rule-Based AI (original),1003,1,rule,22,No
Rule-Based AI v2 vs Rule-Based AI (original),1004,1,rule_v2,14,No
Rule-Based AI v2 vs Rule-Based AI (original),1005,,,800,Yes
Rule-Based AI v2 vs Rule-Based AI (original),1006,2,rule_v2,3,No
Rule-Based AI v2 vs Rule-Based AI (original),1007,0,rule_v2,33,No
Rule-Based AI v2 vs Rule-Based AI (original),1008,1,rule_v2,10,No
Rule-Based AI v2 vs Rule-Based AI (original),1009,,,800,Yes
Rule-Based AI v2 vs Rule-Based AI (original),1010,,,800,Yes
Rule-Based AI v2 vs Rule-Based AI (original),1011,1,rule_v2,30,No
Rule-Based AI v2 vs Rule-Based AI (original),1012,,,800,Yes
Rule-Based AI v2 vs Rule-Based AI (original),1013,,,800,Yes
Rule-Based AI v2 vs Rule-Based AI (original),1014,0,rule,29,No
Rule-Based AI v2 vs Rule-Based AI (original),1015,2,rule,23,No
Rule-Based AI v2 vs Rule-Based AI (original),1016,3,rule_v2,48,No
Rule-Based AI v2 vs Rule-Based AI (original),1017,1,rule_v2,42,No
Rule-Based AI v2 vs Rule-Based AI (original),1018,1,rule_v2,42,No
Rule-Based AI v2 vs Rule-Based AI (original),1019,1,rule,38,No
Rule-Based AI v2 vs Rule-Based AI (original),1020,2,rule_v2,43,No
Rule-Based AI v2 vs Rule-Based AI (original),1021,2,rule_v2,35,No
Rule-Based AI v2 vs Rule-Based AI (original),1022,1,rule,46,No
Rule-Based AI v2 vs Rule-Based AI (original),1023,,,800,Yes
Rule-Based AI v2 vs Rule-Based AI (original),1024,2,rule_v2,19,No
Rule-Based AI v2 vs Rule-Based AI (original),1025,0,rule_v2,45,No
Rule-Based AI v2 vs Rule-Based AI (original),1026,2,rule_v2,19,No
Rule-Based AI v2 vs Rule-Based AI (original),1027,1,rule_v2,18,No
Rule-Based AI v2 vs Rule-Based AI (original),1028,,,800,Yes
Rule-Based AI v2 vs Rule-Based AI (original),1029,2,rule,27,No
Rule-Based AI v2 vs Rule-Based AI (original),1030,3,rule,36,No
Rule-Based AI v2 vs Rule-Based AI (original),1031,3,rule,36,No
Rule-Based AI v2 vs Rule-Based AI (original),1032,1,rule_v2,22,No
Rule-Based AI v2 vs Rule-Based AI (original),1033,,,800,Yes
Rule-Based AI v2 vs Rule-Based AI (original),1034,,,800,Yes
Rule-Based AI v2 vs Rule-Based AI (original),1035,1,rule,30,No
Rule-Based AI v2 vs Rule-Based AI (original),1036,1,rule,30,No
Rule-Based AI v2 vs Rule-Based AI (original),1037,,,800,Yes
Rule-Based AI v2 vs Rule-Based AI (original),1038,1,rule,26,No
Rule-Based AI v2 vs Rule-Based AI (original),1039,,,800,Yes
Rule-Based AI v2 vs Rule-Based AI (original),1040,,,800,Yes
Rule-Based AI v2 vs Rule-Based AI (original),1041,1,rule_v2,34,No
Rule-Based AI v2 vs Rule-Based AI (original),1042,,,800,Yes
Rule-Based AI v2 vs Rule-Based AI (original),1043,1,rule,18,No
Rule-Based AI v2 vs Rule-Based AI (original),1044,2,rule,35,No
Rule-Based AI v2 vs Rule-Based AI (original),1045,,,800,Yes
Rule-Based AI v2 vs Rule-Based AI (original),1046,1,rule_v2,6,No
Rule-Based AI v2 vs Rule-Based AI (original),1047,,,800,Yes
Rule-Based AI v2 vs Rule-Based AI (original),1048,,,800,Yes
Rule-Based AI v2 vs Rule-Based AI (original),1049,2,rule,35,No
Rule-Based AI v2 vs Rule-Based AI (original),1050,3,rule_v2,36,No
Rule-Based AI v2 vs Rule-Based AI (original),1051,0,rule_v2,33,No
Rule-Based AI v2 vs Rule-Based AI (original),1052,2,rule_v2,35,No
Rule-Based AI v2 vs Rule-Based AI (original),1053,1,rule_v2,22,No
Rule-Based AI v2 vs Rule-Based AI (original),1054,2,rule,23,No
Rule-Based AI v2 vs Rule-Based AI (original),1055,,,800,Yes
Rule-Based AI v2 vs Rule-Based AI (original),1056,0,rule,45,No
Rule-Based AI v2 vs Rule-Based AI (original),1057,,,800,Yes
Rule-Based AI v2 vs Rule-Based AI (original),1058,1,rule_v2,22,No
Rule-Based AI v2 vs Rule-Based AI (original),1059,2,rule,15,No
Rule-Based AI v2 vs Rule-Based AI (original),1060,,,800,Yes
Rule-Based AI v2 vs Rule-Based AI (original),1061,3,rule,40,No
Rule-Based AI v2 vs Rule-Based AI (original),1062,,,800,Yes
Rule-Based AI v2 vs Rule-Based AI (original),1063,3,rule_v2,44,No
Rule-Based AI v2 vs Rule-Based AI (original),1064,,,800,Yes
Rule-Based AI v2 vs Rule-Based AI (original),1065,,,800,Yes
Rule-Based AI v2 vs Rule-Based AI (original),1066,0,rule_v2,21,No
Rule-Based AI v2 vs Rule-Based AI (original),1067,3,rule,36,No
Rule-Based AI v2 vs Rule-Based AI (original),1068,,,800,Yes
Rule-Based AI v2 vs Rule-Based AI (original),1069,,,800,Yes
Rule-Based AI v2 vs Rule-Based AI (original),1070,0,rule,29,No
Rule-Based AI v2 vs Rule-Based AI (original),1071,3,rule_v2,36,No
Rule-Based AI v2 vs Rule-Based AI (original),1072,1,rule,34,No
Rule-Based AI v2 vs Rule-Based AI (original),1073,,,800,Yes
Rule-Based AI v2 vs Rule-Based AI (original),1074,,,800,Yes
Rule-Based AI v2 vs Rule-Based AI (original),1075,,,800,Yes
Rule-Based AI v2 vs Rule-Based AI (original),1076,1,rule_v2,18,No
Rule-Based AI v2 vs Rule-Based AI (original),1077,1,rule,42,No
Rule-Based AI v2 vs Rule-Based AI (original),1078,2,rule_v2,11,No
Rule-Based AI v2 vs Rule-Based AI (original),1079,,,800,Yes
Rule-Based AI v2 vs Rule-Based AI (original),1080,2,rule,43,No
Rule-Based AI v2 vs Rule-Based AI (original),1081,,,800,Yes
Rule-Based AI v2 vs Rule-Based AI (original),1082,3,rule,36,No
Rule-Based AI v2 vs Rule-Based AI (original),1083,,,800,Yes
Rule-Based AI v2 vs Rule-Based AI (original),1084,0,rule_v2,33,No
Rule-Based AI v2 vs Rule-Based AI (original),1085,2,rule,7,No
Rule-Based AI v2 vs Rule-Based AI (original),1086,,,800,Yes
Rule-Based AI v2 vs Rule-Based AI (original),1087,,,800,Yes
Rule-Based AI v2 vs Rule-Based AI (original),1088,1,rule,18,No
Rule-Based AI v2 vs Rule-Based AI (original),1089,1,rule,38,No
Rule-Based AI v2 vs Rule-Based AI (original),1090,1,rule,34,No
Rule-Based AI v2 vs Rule-Based AI (original),1091,,,800,Yes
Rule-Based AI v2 vs Rule-Based AI (original),1092,0,rule_v2,25,No
Rule-Based AI v2 vs Rule-Based AI (original),1093,2,rule,47,No
Rule-Based AI v2 vs Rule-Based AI (original),1094,,,800,Yes
Rule-Based AI v2 vs Rule-Based AI (original),1095,,,800,Yes
Rule-Based AI v2 vs Rule-Based AI (original),1096,,,800,Yes
Rule-Based AI v2 vs Rule-Based AI (original),1097,3,rule_v2,36,No
Rule-Based AI v2 vs Rule-Based AI (original),1098,,,800,Yes
Rule-Based AI v2 vs Rule-Based AI (original),1099,,,800,Yes
Rule-Based AI v2 vs Rule-Based AI (original),1100,,,800,Yes
Rule-Based AI v2 vs Rule-Based AI (original),1101,1,rule_v2,30,No
Rule-Based AI v2 vs Rule-Based AI (original),1102,3,rule,48,No
Rule-Based AI v2 vs Rule-Based AI (original),1103,0,rule,33,No
Rule-Based AI v2 vs Rule-Based AI (original),1104,0,rule_v2,37,No
Rule-Based AI v2 vs Rule-Based AI (original),1105,,,800,Yes
Rule-Based AI v2 vs Rule-Based AI (original),1106,,,800,Yes
Rule-Based AI v2 vs Rule-Based AI (original),1107,0,rule,37,No
Rule-Based AI v2 vs Rule-Based AI (original),1108,3,rule_v2,28,No
Rule-Based AI v2 vs Rule-Based AI (original),1109,,,800,Yes
Rule-Based AI v2 vs Rule-Based AI (original),1110,2,rule,11,No
Rule-Based AI v2 vs Rule-Based AI (original),1111,2,rule_v2,19,No
Rule-Based AI v2 vs Rule-Based AI (original),1112,,,800,Yes
Rule-Based AI v2 vs Rule-Based AI (original),1113,3,rule,36,No
Rule-Based AI v2 vs Rule-Based AI (original),1114,,,800,Yes
Rule-Based AI v2 vs Rule-Based AI (original),1115,,,800,Yes
Rule-Based AI v2 vs Rule-Based AI (original),1116,0,rule_v2,33,No
Rule-Based AI v2 vs Rule-Based AI (original),1117,2,rule_v2,11,No
Rule-Based AI v2 vs Rule-Based AI (original),1118,2,rule,35,No
Rule-Based AI v2 vs Rule-Based AI (original),1119,3,rule,24,No
Rule-Based AI v2 vs Rule-Based AI (original),1120,3,rule_v2,20,No
Rule-Based AI v2 vs Rule-Based AI (original),1121,1,rule,26,No
Rule-Based AI v2 vs Rule-Based AI (original),1122,,,800,Yes
Rule-Based AI v2 vs Rule-Based AI (original),1123,0,rule_v2,37,No
Rule-Based AI v2 vs Rule-Based AI (original),1124,,,800,Yes
Rule-Based AI v2 vs Rule-Based AI (original),1125,,,800,Yes
Rule-Based AI v2 vs Rule-Based AI (original),1126,0,rule_v2,33,No
Rule-Based AI v2 vs Rule-Based AI (original),1127,3,rule_v2,24,No
Rule-Based AI v2 vs Rule-Based AI (original),1128,,,800,Yes
Rule-Based AI v2 vs Rule-Based AI (original),1129,3,rule,40,No
Rule-Based AI v2 vs Rule-Based AI (original),1130,0,rule_v2,45,No
Rule-Based AI v2 vs Rule-Based AI (original),1131,,,800,Yes
Rule-Based AI v2 vs Rule-Based AI (original),1132,2,rule,35,No
Rule-Based AI v2 vs Rule-Based AI (original),1133,1,rule,46,No
Rule-Based AI v2 vs Rule-Based AI (original),1134,3,rule_v2,40,No
Rule-Based AI v2 vs Rule-Based AI (original),1135,1,rule,38,No
Rule-Based AI v2 vs Rule-Based AI (original),1136,,,800,Yes
Rule-Based AI v2 vs Rule-Based AI (original),1137,0,rule,21,No
Rule-Based AI v2 vs Rule-Based AI (original),1138,1,rule_v2,42,No
Rule-Based AI v2 vs Rule-Based AI (original),1139,,,800,Yes
Rule-Based AI v2 vs Rule-Based AI (original),1140,,,800,Yes
Rule-Based AI v2 vs Rule-Based AI (original),1141,,,800,Yes
Rule-Based AI v2 vs Rule-Based AI (original),1142,1,rule,26,No
Rule-Based AI v2 vs Rule-Based AI (original),1143,2,rule_v2,27,No
Rule-Based AI v2 vs Rule-Based AI (original),1144,3,rule_v2,24,No
Rule-Based AI v2 vs Rule-Based AI (original),1145,2,rule,43,No
Rule-Based AI v2 vs Rule-Based AI (original),1146,0,rule,45,No
Rule-Based AI v2 vs Rule-Based AI (original),1147,3,rule,44,No
Rule-Based AI v2 vs Rule-Based AI (original),1148,,,800,Yes
Rule-Based AI v2 vs Rule-Based AI (original),1149,3,rule,16,No
Rule-Based AI v2 vs Rule-Based AI (original),1150,0,rule,45,No
Rule-Based AI v2 vs Rule-Based AI (original),1151,3,rule_v2,24,No
Rule-Based AI v2 vs Rule-Based AI (original),1152,1,rule_v2,30,No
Rule-Based AI v2 vs Rule-Based AI (original),1153,,,800,Yes
Rule-Based AI v2 vs Rule-Based AI (original),1154,3,rule,36,No
Rule-Based AI v2 vs Rule-Based AI (original),1155,1,rule,14,No
Rule-Based AI v2 vs Rule-Based AI (original),1156,2,rule_v2,23,No
Rule-Based AI v2 vs Rule-Based AI (original),1157,,,800,Yes
Rule-Based AI v2 vs Rule-Based AI (original),1158,2,rule_v2,39,No
Rule-Based AI v2 vs Rule-Based AI (original),1159,3,rule_v2,12,No
Rule-Based AI v2 vs Rule-Based AI (original),1160,,,800,Yes
Rule-Based AI v2 vs Rule-Based AI (original),1161,3,rule_v2,44,No
Rule-Based AI v2 vs Rule-Based AI (original),1162,,,800,Yes
Rule-Based AI v2 vs Rule-Based AI (original),1163,,,800,Yes
Rule-Based AI v2 vs Rule-Based AI (original),1164,1,rule_v2,26,No
Rule-Based AI v2 vs Rule-Based AI (original),1165,3,rule,44,No
Rule-Based AI v2 vs Rule-Based AI (original),1166,,,800,Yes
Rule-Based AI v2 vs Rule-Based AI (original),1167,2,rule_v2,15,No
Rule-Based AI v2 vs Rule-Based AI (original),1168,2,rule,27,No
Rule-Based AI v2 vs Rule-Based AI (original),1169,1,rule,22,No
Rule-Based AI v2 vs Rule-Based AI (original),1170,,,800,Yes
Rule-Based AI v2 vs Rule-Based AI (original),1171,,,800,Yes
Rule-Based AI v2 vs Rule-Based AI (original),1172,1,rule,10,No
Rule-Based AI v2 vs Rule-Based AI (original),1173,2,rule_v2,7,No
Rule-Based AI v2 vs Rule-Based AI (original),1174,3,rule_v2,32,No
Rule-Based AI v2 vs Rule-Based AI (original),1175,,,800,Yes
Rule-Based AI v2 vs Rule-Based AI (original),1176,0,rule,25,No
Rule-Based AI v2 vs Rule-Based AI (original),1177,2,rule,43,No
Rule-Based AI v2 vs Rule-Based AI (original),1178,,,800,Yes
Rule-Based AI v2 vs Rule-Based AI (original),1179,,,800,Yes
Rule-Based AI v2 vs Rule-Based AI (original),1180,,,800,Yes
Rule-Based AI v2 vs Rule-Based AI (original),1181,,,800,Yes
Rule-Based AI v2 vs Rule-Based AI (original),1182,1,rule_v2,34,No
Rule-Based AI v2 vs Rule-Based AI (original),1183,0,rule_v2,41,No
Rule-Based AI v2 vs Rule-Based AI (original),1184,0,rule,33,No
Rule-Based AI v2 vs Rule-Based AI (original),1185,0,rule_v2,25,No
Rule-Based AI v2 vs Rule-Based AI (original),1186,,,800,Yes
Rule-Based AI v2 vs Rule-Based AI (original),1187,,,800,Yes
Rule-Based AI v2 vs Rule-Based AI (original),1188,2,rule_v2,15,No
Rule-Based AI v2 vs Rule-Based AI (original),1189,,,800,Yes
Rule-Based AI v2 vs Rule-Based AI (original),1190,3,rule_v2,32,No
Rule-Based AI v2 vs Rule-Based AI (original),1191,,,800,Yes
Rule-Based AI v2 vs Rule-Based AI (original),1192,3,rule_v2,24,No
Rule-Based AI v2 vs Rule-Based AI (original),1193,,,800,Yes
Rule-Based AI v2 vs Rule-Based AI (original),1194,,,800,Yes
Rule-Based AI v2 vs Rule-Based AI (original),1195,1,rule_v2,26,No
Rule-Based AI v2 vs Rule-Based AI (original),1196,1,rule_v2,10,No
Rule-Based AI v2 vs Rule-Based AI (original),1197,0,rule,37,No
Rule-Based AI v2 vs Rule-Based AI (original),1198,3,rule_v2,36,No
Rule-Based AI v2 vs Rule-Based AI (original),1199,3,rule_v2,32,No
Rule-Based AI v2 vs Rule-Based AI (original),1200,2,rule,27,No
Rule-Based AI v2 vs Rule-Based AI (original),1201,2,rule_v2,31,No
Rule-Based AI v2 vs Rule-Based AI (original),1202,3,rule,16,No
Rule-Based AI v2 vs Rule-Based AI (original),1203,,,800,Yes
Rule-Based AI v2 vs Rule-Based AI (original),1204,3,rule_v2,24,No
Rule-Based AI v2 vs Rule-Based AI (original),1205,0,rule,21,No
Rule-Based AI v2 vs Rule-Based AI (original),1206,1,rule,42,No
Rule-Based AI v2 vs Rule-Based AI (original),1207,3,rule_v2,28,No
Rule-Based AI v2 vs Rule-Based AI (original),1208,0,rule_v2,29,No
Rule-Based AI v2 vs Rule-Based AI (original),1209,,,800,Yes
Rule-Based AI v2 vs Rule-Based AI (original),1210,3,rule_v2,24,No
Rule-Based AI v2 vs Rule-Based AI (original),1211,,,800,Yes
Rule-Based AI v2 vs Rule-Based AI (original),1212,3,rule_v2,48,No
Rule-Based AI v2 vs Rule-Based AI (original),1213,3,rule,24,No
Rule-Based AI v2 vs Rule-Based AI (original),1214,3,rule_v2,20,No
Rule-Based AI v2 vs Rule-Based AI (original),1215,,,800,Yes
Rule-Based AI v2 vs Rule-Based AI (original),1216,,,800,Yes
Rule-Based AI v2 vs Rule-Based AI (original),1217,2,rule,19,No
Rule-Based AI v2 vs Rule-Based AI (original),1218,0,rule,29,No
Rule-Based AI v2 vs Rule-Based AI (original),1219,2,rule_v2,43,No
Rule-Based AI v2 vs Rule-Based AI (original),1220,0,rule,41,No
Rule-Based AI v2 vs Rule-Based AI (original),1221,,,800,Yes
Rule-Based AI v2 vs Rule-Based AI (original),1222,2,rule_v2,39,No
Rule-Based AI v2 vs Rule-Based AI (original),1223,,,800,Yes
Rule-Based AI v2 vs Rule-Based AI (original),1224,2,rule,19,No
Rule-Based AI v2 vs Rule-Based AI (original),1225,3,rule_v2,36,No
Rule-Based AI v2 vs Rule-Based AI (original),1226,1,rule_v2,38,No
Rule-Based AI v2 vs Rule-Based AI (original),1227,2,rule,27,No
Rule-Based AI v2 vs Rule-Based AI (original),1228,2,rule_v2,31,No
Rule-Based AI v2 vs Rule-Based AI (original),1229,,,800,Yes
Rule-Based AI v2 vs Rule-Based AI (original),1230,3,rule,32,No
Rule-Based AI v2 vs Rule-Based AI (original),1231,,,800,Yes
Rule-Based AI v2 vs Rule-Based AI (original),1232,,,800,Yes
Rule-Based AI v2 vs Rule-Based AI (original),1233,1,rule_v2,30,No
Rule-Based AI v2 vs Rule-Based AI (original),1234,1,rule,26,No
Rule-Based AI v2 vs Rule-Based AI (original),1235,1,rule_v2,22,No
Rule-Based AI v2 vs Rule-Based AI (original),1236,0,rule_v2,29,No
Rule-Based AI v2 vs Rule-Based AI (original),1237,0,rule,17,No
Rule-Based AI v2 vs Rule-Based AI (original),1238,,,800,Yes
Rule-Based AI v2 vs Rule-Based AI (original),1239,3,rule,48,No
Rule-Based AI v2 vs Rule-Based AI (original),1240,3,rule,16,No
Rule-Based AI v2 vs Rule-Based AI (original),1241,2,rule,47,No
Rule-Based AI v2 vs Rule-Based AI (original),1242,,,800,Yes
Rule-Based AI v2 vs Rule-Based AI (original),1243,2,rule,27,No
Rule-Based AI v2 vs Rule-Based AI (original),1244,0,rule_v2,33,No
Rule-Based AI v2 vs Rule-Based AI (original),1245,,,800,Yes
Rule-Based AI v2 vs Rule-Based AI (original),1246,3,rule,36,No
Rule-Based AI v2 vs Rule-Based AI (original),1247,,,800,Yes
Rule-Based AI v2 vs Rule-Based AI (original),1248,,,800,Yes
Rule-Based AI v2 vs Rule-Based AI (original),1249,,,800,Yes
Rule-Based AI v2 vs Rule-Based AI (original),1250,1,rule_v2,34,No
Rule-Based AI v2 vs Rule-Based AI (original),1251,2,rule,19,No
Rule-Based AI v2 vs Rule-Based AI (original),1252,3,rule_v2,36,No
Rule-Based AI v2 vs Rule-Based AI (original),1253,,,800,Yes
Rule-Based AI v2 vs Rule-Based AI (original),1254,0,rule,25,No
Rule-Based AI v2 vs Rule-Based AI (original),1255,,,800,Yes
Rule-Based AI v2 vs Rule-Based AI (original),1256,2,rule_v2,39,No
Rule-Based AI v2 vs Rule-Based AI (original),1257,3,rule,40,No
Rule-Based AI v2 vs Rule-Based AI (original),1258,,,800,Yes
Rule-Based AI v2 vs Rule-Based AI (original),1259,3,rule,44,No
Rule-Based AI v2 vs Rule-Based AI (original),1260,0,rule,29,No
Rule-Based AI v2 vs Rule-Based AI (original),1261,3,rule,28,No
Rule-Based AI v2 vs Rule-Based AI (original),1262,,,800,Yes
Rule-Based AI v2 vs Rule-Based AI (original),1263,1,rule,10,No
Rule-Based AI v2 vs Rule-Based AI (original),1264,2,rule_v2,39,No
Rule-Based AI v2 vs Rule-Based AI (original),1265,0,rule_v2,29,No
Rule-Based AI v2 vs Rule-Based AI (original),1266,,,800,Yes
Rule-Based AI v2 vs Rule-Based AI (original),1267,2,rule,19,No
Rule-Based AI v2 vs Rule-Based AI (original),1268,1,rule_v2,42,No
Rule-Based AI v2 vs Rule-Based AI (original),1269,0,rule_v2,21,No
Rule-Based AI v2 vs Rule-Based AI (original),1270,3,rule_v2,28,No
Rule-Based AI v2 vs Rule-Based AI (original),1271,,,800,Yes
Rule-Based AI v2 vs Rule-Based AI (original),1272,0,rule_v2,33,No
Rule-Based AI v2 vs Rule-Based AI (original),1273,3,rule_v2,28,No
Rule-Based AI v2 vs Rule-Based AI (original),1274,0,rule,25,No
Rule-Based AI v2 vs Rule-Based AI (original),1275,3,rule_v2,24,No
Rule-Based AI v2 vs Rule-Based AI (original),1276,2,rule,27,No
Rule-Based AI v2 vs Rule-Based AI (original),1277,3,rule,32,No
Rule-Based AI v2 vs Rule-Based AI (original),1278,,,800,Yes
Rule-Based AI v2 vs Rule-Based AI (original),1279,3,rule,44,No
Rule-Based AI v2 vs Rule-Based AI (original),1280,3,rule_v2,40,No
Rule-Based AI v2 vs Rule-Based AI (original),1281,,,800,Yes
Rule-Based AI v2 vs Rule-Based AI (original),1282,,,800,Yes
Rule-Based AI v2 vs Rule-Based AI (original),1283,3,rule,16,No
Rule-Based AI v2 vs Rule-Based AI (original),1284,2,rule_v2,31,No
Rule-Based AI v2 vs Rule-Based AI (original),1285,0,rule_v2,29,No
Rule-Based AI v2 vs Rule-Based AI (original),1286,,,800,Yes
Rule-Based AI v2 vs Rule-Based AI (original),1287,1,rule_v2,46,No
Rule-Based AI v2 vs Rule-Based AI (original),1288,,,800,Yes
Rule-Based AI v2 vs Rule-Based AI (original),1289,1,rule_v2,26,No
Rule-Based AI v2 vs Rule-Based AI (original),1290,1,rule,22,No
Rule-Based AI v2 vs Rule-Based AI (original),1291,0,rule,9,No
Rule-Based AI v2 vs Rule-Based AI (original),1292,0,rule,29,No
Rule-Based AI v2 vs Rule-Based AI (original),1293,0,rule,45,No
Rule-Based AI v2 vs Rule-Based AI (original),1294,2,rule,31,No
Rule-Based AI v2 vs Rule-Based AI (original),1295,,,800,Yes
Rule-Based AI v2 vs Rule-Based AI (original),1296,2,rule_v2,39,No
Rule-Based AI v2 vs Rule-Based AI (original),1297,,,800,Yes
Rule-Based AI v2 vs Rule-Based AI (original),1298,0,rule_v2,1,No
Rule-Based AI v2 vs Rule-Based AI (original),1299,0,rule_v2,17,No
Rule-Based AI v2 vs Rule-Based AI (original),1300,3,rule_v2,28,No
Rule-Based AI v2 vs Rule-Based AI (original),1301,,,800,Yes
Rule-Based AI v2 vs Rule-Based AI (original),1302,3,rule_v2,20,No
Rule-Based AI v2 vs Rule-Based AI (original),1303,1,rule_v2,14,No
Rule-Based AI v2 vs Rule-Based AI (original),1304,,,800,Yes
Rule-Based AI v2 vs Rule-Based AI (original),1305,,,800,Yes
Rule-Based AI v2 vs Rule-Based AI (original),1306,2,rule_v2,47,No
Rule-Based AI v2 vs Rule-Based AI (original),1307,1,rule,42,No
Rule-Based AI v2 vs Rule-Based AI (original),1308,,,800,Yes
Rule-Based AI v2 vs Rule-Based AI (original),1309,3,rule_v2,36,No
Rule-Based AI v2 vs Rule-Based AI (original),1310,0,rule_v2,41,No
Rule-Based AI v2 vs Rule-Based AI (original),1311,3,rule_v2,36,No
Rule-Based AI v2 vs Rule-Based AI (original),1312,1,rule,30,No
Rule-Based AI v2 vs Rule-Based AI (original),1313,3,rule_v2,28,No
Rule-Based AI v2 vs Rule-Based AI (original),1314,2,rule_v2,31,No
Rule-Based AI v2 vs Rule-Based AI (original),1315,0,rule_v2,29,No
Rule-Based AI v2 vs Rule-Based AI (original),1316,1,rule,38,No
Rule-Based AI v2 vs Rule-Based AI (original),1317,,,800,Yes
Rule-Based AI v2 vs Rule-Based AI (original),1318,,,800,Yes
Rule-Based AI v2 vs Rule-Based AI (original),1319,,,800,Yes
Rule-Based AI v2 vs Rule-Based AI (original),1320,2,rule,19,No
Rule-Based AI v2 vs Rule-Based AI (original),1321,1,rule,46,No
Rule-Based AI v2 vs Rule-Based AI (original),1322,2,rule,27,No
Rule-Based AI v2 vs Rule-Based AI (original),1323,,,800,Yes
Rule-Based AI v2 vs Rule-Based AI (original),1324,0,rule,41,No
Rule-Based AI v2 vs Rule-Based AI (original),1325,3,rule,32,No
Rule-Based AI v2 vs Rule-Based AI (original),1326,1,rule_v2,14,No
Rule-Based AI v2 vs Rule-Based AI (original),1327,,,800,Yes
Rule-Based AI v2 vs Rule-Based AI (original),1328,,,800,Yes
Rule-Based AI v2 vs Rule-Based AI (original),1329,,,800,Yes
Rule-Based AI v2 vs Rule-Based AI (original),1330,3,rule_v2,8,No
Rule-Based AI v2 vs Rule-Based AI (original),1331,1,rule_v2,26,No
Rule-Based AI v2 vs Rule-Based AI (original),1332,,,800,Yes
Rule-Based AI v2 vs Rule-Based AI (original),1333,2,rule_v2,31,No
Rule-Based AI v2 vs Rule-Based AI (original),1334,1,rule,38,No
Rule-Based AI v2 vs Rule-Based AI (original),1335,0,rule,21,No
Rule-Based AI v2 vs Rule-Based AI (original),1336,2,rule,19,No
Rule-Based AI v2 vs Rule-Based AI (original),1337,,,800,Yes
Rule-Based AI v2 vs Rule-Based AI (original),1338,3,rule,44,No
Rule-Based AI v2 vs Rule-Based AI (original),1339,0,rule,41,No
Rule-Based AI v2 vs Rule-Based AI (original),1340,3,rule_v2,20,No
Rule-Based AI v2 vs Rule-Based AI (original),1341,2,rule,23,No
Rule-Based AI v2 vs Rule-Based AI (original),1342,,,800,Yes
Rule-Based AI v2 vs Rule-Based AI (original),1343,3,rule_v2,44,No
Rule-Based AI v2 vs Rule-Based AI (original),1344,1,rule_v2,26,No
Rule-Based AI v2 vs Rule-Based AI (original),1345,3,rule,12,No
Rule-Based AI v2 vs Rule-Based AI (original),1346,3,rule,20,No
Rule-Based AI v2 vs Rule-Based AI (original),1347,2,rule,35,No
Rule-Based AI v2 vs Rule-Based AI (original),1348,,,800,Yes
Rule-Based AI v2 vs Rule-Based AI (original),1349,1,rule_v2,38,No
Rule-Based AI v2 vs Rule-Based AI (original),1350,,,800,Yes
Rule-Based AI v2 vs Rule-Based AI (original),1351,3,rule_v2,36,No
Rule-Based AI v2 vs Rule-Based AI (original),1352,2,rule,15,No
Rule-Based AI v2 vs Rule-Based AI (original),1353,0,rule_v2,37,No
Rule-Based AI v2 vs Rule-Based AI (original),1354,3,rule,36,No
Rule-Based AI v2 vs Rule-Based AI (original),1355,1,rule_v2,38,No
Rule-Based AI v2 vs Rule-Based AI (original),1356,,,800,Yes
Rule-Based AI v2 vs Rule-Based AI (original),1357,3,rule_v2,36,No
Rule-Based AI v2 vs Rule-Based AI (original),1358,,,800,Yes
Rule-Based AI v2 vs Rule-Based AI (original),1359,0,rule,33,No
Rule-Based AI v2 vs Rule-Based AI (original),1360,3,rule,32,No
Rule-Based AI v2 vs Rule-Based AI (original),1361,,,800,Yes
Rule-Based AI v2 vs Rule-Based AI (original),1362,0,rule,33,No
Rule-Based AI v2 vs Rule-Based AI (original),1363,,,800,Yes
Rule-Based AI v2 vs Rule-Based AI (original),1364,3,rule,28,No
Rule-Based AI v2 vs Rule-Based AI (original),1365,1,rule_v2,30,No
Rule-Based AI v2 vs Rule-Based AI (original),1366,,,800,Yes
Rule-Based AI v2 vs Rule-Based AI (original),1367,0,rule_v2,25,No
Rule-Based AI v2 vs Rule-Based AI (original),1368,0,rule_v2,21,No
Rule-Based AI v2 vs Rule-Based AI (original),1369,1,rule_v2,42,No
Rule-Based AI v2 vs Rule-Based AI (original),1370,,,800,Yes
Rule-Based AI v2 vs Rule-Based AI (original),1371,3,rule_v2,20,No
Rule-Based AI v2 vs Rule-Based AI (original),1372,,,800,Yes
Rule-Based AI v2 vs Rule-Based AI (original),1373,,,800,Yes
Rule-Based AI v2 vs Rule-Based AI (original),1374,,,800,Yes
Rule-Based AI v2 vs Rule-Based AI (original),1375,0,rule_v2,29,No
Rule-Based AI v2 vs Rule-Based AI (original),1376,,,800,Yes
Rule-Based AI v2 vs Rule-Based AI (original),1377,,,800,Yes
Rule-Based AI v2 vs Rule-Based AI (original),1378,0,rule,29,No
Rule-Based AI v2 vs Rule-Based AI (original),1379,0,rule,29,No
Rule-Based AI v2 vs Rule-Based AI (original),1380,1,rule_v2,34,No
Rule-Based AI v2 vs Rule-Based AI (original),1381,,,800,Yes
Rule-Based AI v2 vs Rule-Based AI (original),1382,0,rule,21,No
Rule-Based AI v2 vs Rule-Based AI (original),1383,0,rule,29,No
Rule-Based AI v2 vs Rule-Based AI (original),1384,,,800,Yes
Rule-Based AI v2 vs Rule-Based AI (original),1385,2,rule,7,No
Rule-Based AI v2 vs Rule-Based AI (original),1386,3,rule_v2,36,No
Rule-Based AI v2 vs Rule-Based AI (original),1387,,,800,Yes
Rule-Based AI v2 vs Rule-Based AI (original),1388,,,800,Yes
Rule-Based AI v2 vs Rule-Based AI (original),1389,3,rule,8,No
Rule-Based AI v2 vs Rule-Based AI (original),1390,,,800,Yes
Rule-Based AI v2 vs Rule-Based AI (original),1391,2,rule_v2,27,No
Rule-Based AI v2 vs Rule-Based AI (original),1392,1,rule,18,No
Rule-Based AI v2 vs Rule-Based AI (original),1393,3,rule,40,No
Rule-Based AI v2 vs Rule-Based AI (original),1394,3,rule_v2,44,No
Rule-Based AI v2 vs Rule-Based AI (original),1395,,,800,Yes
Rule-Based AI v2 vs Rule-Based AI (original),1396,1,rule,30,No
Rule-Based AI v2 vs Rule-Based AI (original),1397,2,rule_v2,39,No
Rule-Based AI v2 vs Rule-Based AI (original),1398,2,rule,39,No
Rule-Based AI v2 vs Rule-Based AI (original),1399,3,rule,44,No
Rule-Based AI v2 vs Rule-Based AI (original),1400,1,rule,22,No
Rule-Based AI v2 vs Rule-Based AI (original),1401,,,800,Yes
Rule-Based AI v2 vs Rule-Based AI (original),1402,2,rule_v2,15,No
Rule-Based AI v2 vs Rule-Based AI (original),1403,,,800,Yes
Rule-Based AI v2 vs Rule-Based AI (original),1404,3,rule,12,No
Rule-Based AI v2 vs Rule-Based AI (original),1405,,,800,Yes
Rule-Based AI v2 vs Rule-Based AI (original),1406,0,rule_v2,45,No
Rule-Based AI v2 vs Rule-Based AI (original),1407,0,rule_v2,13,No
Rule-Based AI v2 vs Rule-Based AI (original),1408,,,800,Yes
Rule-Based AI v2 vs Rule-Based AI (original),1409,3,rule_v2,24,No
Rule-Based AI v2 vs Rule-Based AI (original),1410,,,800,Yes
Rule-Based AI v2 vs Rule-Based AI (original),1411,3,rule,20,No
Rule-Based AI v2 vs Rule-Based AI (original),1412,,,800,Yes
Rule-Based AI v2 vs Rule-Based AI (original),1413,1,rule,38,No
Rule-Based AI v2 vs Rule-Based AI (original),1414,0,rule_v2,25,No
Rule-Based AI v2 vs Rule-Based AI (original),1415,0,rule_v2,21,No
Rule-Based AI v2 vs Rule-Based AI (original),1416,2,rule_v2,7,No
Rule-Based AI v2 vs Rule-Based AI (original),1417,2,rule,31,No
Rule-Based AI v2 vs Rule-Based AI (original),1418,1,rule,34,No
Rule-Based AI v2 vs Rule-Based AI (original),1419,1,rule,42,No
Rule-Based AI v2 vs Rule-Based AI (original),1420,,,800,Yes
Rule-Based AI v2 vs Rule-Based AI (original),1421,1,rule_v2,46,No
Rule-Based AI v2 vs Rule-Based AI (original),1422,2,rule,31,No
Rule-Based AI v2 vs Rule-Based AI (original),1423,,,800,Yes
Rule-Based AI v2 vs Rule-Based AI (original),1424,0,rule,33,No
Rule-Based AI v2 vs Rule-Based AI (original),1425,,,800,Yes
Rule-Based AI v2 vs Rule-Based AI (original),1426,3,rule,44,No
Rule-Based AI v2 vs Rule-Based AI (original),1427,0,rule,33,No
Rule-Based AI v2 vs Rule-Based AI (original),1428,0,rule_v2,45,No
Rule-Based AI v2 vs Rule-Based AI (original),1429,0,rule_v2,41,No
Rule-Based AI v2 vs Rule-Based AI (original),1430,1,rule,46,No
Rule-Based AI v2 vs Rule-Based AI (original),1431,2,rule_v2,35,No
Rule-Based AI v2 vs Rule-Based AI (original),1432,0,rule,37,No
Rule-Based AI v2 vs Rule-Based AI (original),1433,1,rule_v2,26,No
Rule-Based AI v2 vs Rule-Based AI (original),1434,0,rule_v2,33,No
Rule-Based AI v2 vs Rule-Based AI (original),1435,3,rule,28,No
Rule-Based AI v2 vs Rule-Based AI (original),1436,1,rule,34,No
Rule-Based AI v2 vs Rule-Based AI (original),1437,3,rule_v2,40,No
Rule-Based AI v2 vs Rule-Based AI (original),1438,,,800,Yes
Rule-Based AI v2 vs Rule-Based AI (original),1439,2,rule,43,No
Rule-Based AI v2 vs Rule-Based AI (original),1440,0,rule_v2,33,No
Rule-Based AI v2 vs Rule-Based AI (original),1441,,,800,Yes
Rule-Based AI v2 vs Rule-Based AI (original),1442,3,rule,16,No
Rule-Based AI v2 vs Rule-Based AI (original),1443,0,rule_v2,25,No
Rule-Based AI v2 vs Rule-Based AI (original),1444,0,rule_v2,9,No
Rule-Based AI v2 vs Rule-Based AI (original),1445,1,rule,22,No
Rule-Based AI v2 vs Rule-Based AI (original),1446,,,800,Yes
Rule-Based AI v2 vs Rule-Based AI (original),1447,2,rule_v2,19,No
Rule-Based AI v2 vs Rule-Based AI (original),1448,2,rule_v2,39,No
Rule-Based AI v2 vs Rule-Based AI (original),1449,3,rule,20,No
Rule-Based AI v2 vs Rule-Based AI (original),1450,0,rule_v2,13,No
Rule-Based AI v2 vs Rule-Based AI (original),1451,3,rule,24,No
Rule-Based AI v2 vs Rule-Based AI (original),1452,1,rule_v2,42,No
Rule-Based AI v2 vs Rule-Based AI (original),1453,1,rule_v2,34,No
Rule-Based AI v2 vs Rule-Based AI (original),1454,,,800,Yes
Rule-Based AI v2 vs Rule-Based AI (original),1455,,,800,Yes
Rule-Based AI v2 vs Rule-Based AI (original),1456,0,rule,13,No
Rule-Based AI v2 vs Rule-Based AI (original),1457,,,800,Yes
Rule-Based AI v2 vs Rule-Based AI (original),1458,2,rule_v2,27,No
Rule-Based AI v2 vs Rule-Based AI (original),1459,,,800,Yes
Rule-Based AI v2 vs Rule-Based AI (original),1460,2,rule_v2,31,No
Rule-Based AI v2 vs Rule-Based AI (original),1461,1,rule,14,No
Rule-Based AI v2 vs Rule-Based AI (original),1462,0,rule,21,No
Rule-Based AI v2 vs Rule-Based AI (original),1463,,,800,Yes
Rule-Based AI v2 vs Rule-Based AI (original),1464,,,800,Yes
Rule-Based AI v2 vs Rule-Based AI (original),1465,,,800,Yes
Rule-Based AI v2 vs Rule-Based AI (original),1466,2,rule,23,No
Rule-Based AI v2 vs Rule-Based AI (original),1467,,,800,Yes
Rule-Based AI v2 vs Rule-Based AI (original),1468,2,rule,15,No
Rule-Based AI v2 vs Rule-Based AI (original),1469,0,rule_v2,41,No
Rule-Based AI v2 vs Rule-Based AI (original),1470,,,800,Yes
Rule-Based AI v2 vs Rule-Based AI (original),1471,0,rule_v2,29,No
Rule-Based AI v2 vs Rule-Based AI (original),1472,,,800,Yes
Rule-Based AI v2 vs Rule-Based AI (original),1473,0,rule_v2,17,No
Rule-Based AI v2 vs Rule-Based AI (original),1474,0,rule,25,No
Rule-Based AI v2 vs Rule-Based AI (original),1475,,,800,Yes
Rule-Based AI v2 vs Rule-Based AI (original),1476,1,rule_v2,46,No
Rule-Based AI v2 vs Rule-Based AI (original),1477,3,rule_v2,8,No
Rule-Based AI v2 vs Rule-Based AI (original),1478,,,800,Yes
Rule-Based AI v2 vs Rule-Based AI (original),1479,0,rule_v2,37,No
Rule-Based AI v2 vs Rule-Based AI (original),1480,1,rule_v2,34,No
Rule-Based AI v2 vs Rule-Based AI (original),1481,,,800,Yes
Rule-Based AI v2 vs Rule-Based AI (original),1482,0,rule_v2,37,No
Rule-Based AI v2 vs Rule-Based AI (original),1483,,,800,Yes
Rule-Based AI v2 vs Rule-Based AI (original),1484,2,rule,19,No
Rule-Based AI v2 vs Rule-Based AI (original),1485,1,rule_v2,10,No
Rule-Based AI v2 vs Rule-Based AI (original),1486,2,rule_v2,27,No
Rule-Based AI v2 vs Rule-Based AI (original),1487,3,rule_v2,8,No
Rule-Based AI v2 vs Rule-Based AI (original),1488,,,800,Yes
Rule-Based AI v2 vs Rule-Based AI (original),1489,1,rule,10,No
Rule-Based AI v2 vs Rule-Based AI (original),1490,3,rule_v2,24,No
Rule-Based AI v2 vs Rule-Based AI (original),1491,1,rule,26,No
Rule-Based AI v2 vs Rule-Based AI (original),1492,,,800,Yes
Rule-Based AI v2 vs Rule-Based AI (original),1493,2,rule_v2,43,No
Rule-Based AI v2 vs Rule-Based AI (original),1494,,,800,Yes
Rule-Based AI v2 vs Rule-Based AI (original),1495,0,rule,17,No
Rule-Based AI v2 vs Rule-Based AI (original),1496,1,rule_v2,34,No
Rule-Based AI v2 vs Rule-Based AI (original),1497,1,rule_v2,30,No
Rule-Based AI v2 vs Rule-Based AI (original),1498,1,rule_v2,46,No
Rule-Based AI v2 vs Rule-Based AI (original),1499,2,rule_v2,43,No
Rule-Based AI v2 vs Rule-Based AI (original),1500,,,800,Yes
Rule-Based AI v2 vs Rule-Based AI (original),1501,3,rule_v2,24,No
Rule-Based AI v2 vs Rule-Based AI (original),1502,,,800,Yes
Rule-Based AI v2 vs Rule-Based AI (original),1503,0,rule,45,No
Rule-Based AI v2 vs Rule-Based AI (original),1504,3,rule_v2,44,No
Rule-Based AI v2 vs Rule-Based AI (original),1505,2,rule,7,No
Rule-Based AI v2 vs Rule-Based AI (original),1506,3,rule_v2,48,No
Rule-Based AI v2 vs Rule-Based AI (original),1507,,,800,Yes
Rule-Based AI v2 vs Rule-Based AI (original),1508,0,rule_v2,33,No
Rule-Based AI v2 vs Rule-Based AI (original),1509,,,800,Yes
Rule-Based AI v2 vs Rule-Based AI (original),1510,1,rule,38,No
Rule-Based AI v2 vs Rule-Based AI (original),1511,,,800,Yes
Rule-Based AI v2 vs Rule-Based AI (original),1512,2,rule,3,No
Rule-Based AI v2 vs Rule-Based AI (original),1513,3,rule,8,No
Rule-Based AI v2 vs Rule-Based AI (original),1514,,,800,Yes
Rule-Based AI v2 vs Rule-Based AI (original),1515,3,rule_v2,32,No
Rule-Based AI v2 vs Rule-Based AI (original),1516,0,rule_v2,21,No
Rule-Based AI v2 vs Rule-Based AI (original),1517,,,800,Yes
Rule-Based AI v2 vs Rule-Based AI (original),1518,,,800,Yes
Rule-Based AI v2 vs Rule-Based AI (original),1519,,,800,Yes
Rule-Based AI v2 vs Rule-Based AI (original),1520,0,rule,33,No
Rule-Based AI v2 vs Rule-Based AI (original),1521,,,800,Yes
Rule-Based AI v2 vs Rule-Based AI (original),1522,1,rule,46,No
Rule-Based AI v2 vs Rule-Based AI (original),1523,,,800,Yes
Rule-Based AI v2 vs Rule-Based AI (original),1524,1,rule,34,No
Rule-Based AI v2 vs Rule-Based AI (original),1525,1,rule_v2,18,No
Rule-Based AI v2 vs Rule-Based AI (original),1526,2,rule,43,No
Rule-Based AI v2 vs Rule-Based AI (original),1527,3,rule,8,No
Rule-Based AI v2 vs Rule-Based AI (original),1528,2,rule,31,No
Rule-Based AI v2 vs Rule-Based AI (original),1529,,,800,Yes
Rule-Based AI v2 vs Rule-Based AI (original),1530,2,rule,39,No
Rule-Based AI v2 vs Rule-Based AI (original),1531,,,800,Yes
Rule-Based AI v2 vs Rule-Based AI (original),1532,2,rule,43,No
Rule-Based AI v2 vs Rule-Based AI (original),1533,3,rule,28,No
Rule-Based AI v2 vs Rule-Based AI (original),1534,0,rule_v2,17,No
Rule-Based AI v2 vs Rule-Based AI (original),1535,1,rule_v2,26,No
Rule-Based AI v2 vs Rule-Based AI (original),1536,2,rule,47,No
Rule-Based AI v2 vs Rule-Based AI (original),1537,,,800,Yes
Rule-Based AI v2 vs Rule-Based AI (original),1538,3,rule,32,No
Rule-Based AI v2 vs Rule-Based AI (original),1539,1,rule_v2,46,No
Rule-Based AI v2 vs Rule-Based AI (original),1540,2,rule_v2,23,No
Rule-Based AI v2 vs Rule-Based AI (original),1541,2,rule_v2,35,No
Rule-Based AI v2 vs Rule-Based AI (original),1542,2,rule,19,No
Rule-Based AI v2 vs Rule-Based AI (original),1543,2,rule_v2,47,No
Rule-Based AI v2 vs Rule-Based AI (original),1544,3,rule,44,No
Rule-Based AI v2 vs Rule-Based AI (original),1545,2,rule,47,No
Rule-Based AI v2 vs Rule-Based AI (original),1546,,,800,Yes
Rule-Based AI v2 vs Rule-Based AI (original),1547,3,rule_v2,16,No
Rule-Based AI v2 vs Rule-Based AI (original),1548,3,rule,12,No
Rule-Based AI v2 vs Rule-Based AI (original),1549,,,800,Yes
Rule-Based AI v2 vs Rule-Based AI (original),1550,0,rule_v2,45,No
Rule-Based AI v2 vs Rule-Based AI (original),1551,0,rule,17,No
Rule-Based AI v2 vs Rule-Based AI (original),1552,1,rule,42,No
Rule-Based AI v2 vs Rule-Based AI (original),1553,1,rule_v2,38,No
Rule-Based AI v2 vs Rule-Based AI (original),1554,,,800,Yes
Rule-Based AI v2 vs Rule-Based AI (original),1555,2,rule_v2,35,No
Rule-Based AI v2 vs Rule-Based AI (original),1556,0,rule,37,No
Rule-Based AI v2 vs Rule-Based AI (original),1557,,,800,Yes
Rule-Based AI v2 vs Rule-Based AI (original),1558,1,rule_v2,30,No
Rule-Based AI v2 vs Rule-Based AI (original),1559,,,800,Yes
Rule-Based AI v2 vs Rule-Based AI (original),1560,2,rule,35,No
Rule-Based AI v2 vs Rule-Based AI (original),1561,,,800,Yes
Rule-Based AI v2 vs Rule-Based AI (original),1562,,,800,Yes
Rule-Based AI v2 vs Rule-Based AI (original),1563,,,800,Yes
Rule-Based AI v2 vs Rule-Based AI (original),1564,1,rule_v2,14,No
Rule-Based AI v2 vs Rule-Based AI (original),1565,2,rule,31,No
Rule-Based AI v2 vs Rule-Based AI (original),1566,0,rule,45,No
Rule-Based AI v2 vs Rule-Based AI (original),1567,1,rule,42,No
Rule-Based AI v2 vs Rule-Based AI (original),1568,1,rule_v2,38,No
Rule-Based AI v2 vs Rule-Based AI (original),1569,,,800,Yes
Rule-Based AI v2 vs Rule-Based AI (original),1570,3,rule_v2,24,No
Rule-Based AI v2 vs Rule-Based AI (original),1571,1,rule_v2,22,No
Rule-Based AI v2 vs Rule-Based AI (original),1572,2,rule_v2,15,No
Rule-Based AI v2 vs Rule-Based AI (original),1573,,,800,Yes
Rule-Based AI v2 vs Rule-Based AI (original),1574,,,800,Yes
Rule-Based AI v2 vs Rule-Based AI (original),1575,3,rule,28,No
Rule-Based AI v2 vs Rule-Based AI (original),1576,2,rule_v2,7,No
Rule-Based AI v2 vs Rule-Based AI (original),1577,,,800,Yes
Rule-Based AI v2 vs Rule-Based AI (original),1578,3,rule_v2,40,No
Rule-Based AI v2 vs Rule-Based AI (original),1579,1,rule_v2,34,No
Rule-Based AI v2 vs Rule-Based AI (original),1580,,,800,Yes
Rule-Based AI v2 vs Rule-Based AI (original),1581,1,rule,2,No
Rule-Based AI v2 vs Rule-Based AI (original),1582,1,rule,42,No
Rule-Based AI v2 vs Rule-Based AI (original),1583,2,rule_v2,27,No
Rule-Based AI v2 vs Rule-Based AI (original),1584,,,800,Yes
Rule-Based AI v2 vs Rule-Based AI (original),1585,,,800,Yes
Rule-Based AI v2 vs Rule-Based AI (original),1586,1,rule_v2,46,No
Rule-Based AI v2 vs Rule-Based AI (original),1587,,,800,Yes
Rule-Based AI v2 vs Rule-Based AI (original),1588,1,rule_v2,10,No
Rule-Based AI v2 vs Rule-Based AI (original),1589,1,rule_v2,26,No
Rule-Based AI v2 vs Rule-Based AI (original),1590,1,rule_v2,30,No
Rule-Based AI v2 vs Rule-Based AI (original),1591,2,rule,23,No
Rule-Based AI v2 vs Rule-Based AI (original),1592,,,800,Yes
Rule-Based AI v2 vs Rule-Based AI (original),1593,2,rule_v2,43,No
Rule-Based AI v2 vs Rule-Based AI (original),1594,,,800,Yes
Rule-Based AI v2 vs Rule-Based AI (original),1595,2,rule_v2,31,No
Rule-Based AI v2 vs Rule-Based AI (original),1596,2,rule_v2,43,No
Rule-Based AI v2 vs Rule-Based AI (original),1597,2,rule_v2,43,No
Rule-Based AI v2 vs Rule-Based AI (original),1598,,,800,Yes
Rule-Based AI v2 vs Rule-Based AI (original),1599,0,rule_v2,25,No
Rule-Based AI v2 vs Rule-Based AI (original),1600,1,rule_v2,34,No
Rule-Based AI v2 vs Rule-Based AI (original),1601,,,800,Yes
Rule-Based AI v2 vs Rule-Based AI (original),1602,2,rule,23,No
Rule-Based AI v2 vs Rule-Based AI (original),1603,0,rule_v2,21,No
Rule-Based AI v2 vs Rule-Based AI (original),1604,0,rule_v2,33,No
Rule-Based AI v2 vs Rule-Based AI (original),1605,1,rule,26,No
Rule-Based AI v2 vs Rule-Based AI (original),1606,3,rule,28,No
Rule-Based AI v2 vs Rule-Based AI (original),1607,,,800,Yes
Rule-Based AI v2 vs Rule-Based AI (original),1608,0,rule,33,No
Rule-Based AI v2 vs Rule-Based AI (original),1609,,,800,Yes
Rule-Based AI v2 vs Rule-Based AI (original),1610,1,rule,18,No
Rule-Based AI v2 vs Rule-Based AI (original),1611,,,800,Yes
Rule-Based AI v2 vs Rule-Based AI (original),1612,3,rule,8,No
Rule-Based AI v2 vs Rule-Based AI (original),1613,1,rule_v2,26,No
Rule-Based AI v2 vs Rule-Based AI (original),1614,,,800,Yes
Rule-Based AI v2 vs Rule-Based AI (original),1615,3,rule_v2,44,No
Rule-Based AI v2 vs Rule-Based AI (original),1616,2,rule_v2,31,No
Rule-Based AI v2 vs Rule-Based AI (original),1617,,,800,Yes
Rule-Based AI v2 vs Rule-Based AI (original),1618,2,rule,35,No
Rule-Based AI v2 vs Rule-Based AI (original),1619,1,rule_v2,22,No
Rule-Based AI v2 vs Rule-Based AI (original),1620,0,rule_v2,17,No
Rule-Based AI v2 vs Rule-Based AI (original),1621,0,rule_v2,29,No
Rule-Based AI v2 vs Rule-Based AI (original),1622,0,rule_v2,29,No
Rule-Based AI v2 vs Rule-Based AI (original),1623,,,800,Yes
Rule-Based AI v2 vs Rule-Based AI (original),1624,2,rule_v2,11,No
Rule-Based AI v2 vs Rule-Based AI (original),1625,,,800,Yes
Rule-Based AI v2 vs Rule-Based AI (original),1626,2,rule_v2,15,No
Rule-Based AI v2 vs Rule-Based AI (original),1627,,,800,Yes
Rule-Based AI v2 vs Rule-Based AI (original),1628,,,800,Yes
Rule-Based AI v2 vs Rule-Based AI (original),1629,2,rule,19,No
Rule-Based AI v2 vs Rule-Based AI (original),1630,,,800,Yes
Rule-Based AI v2 vs Rule-Based AI (original),1631,,,800,Yes
Rule-Based AI v2 vs Rule-Based AI (original),1632,1,rule_v2,30,No
Rule-Based AI v2 vs Rule-Based AI (original),1633,0,rule_v2,25,No
Rule-Based AI v2 vs Rule-Based AI (original),1634,3,rule,36,No
Rule-Based AI v2 vs Rule-Based AI (original),1635,0,rule_v2,17,No
Rule-Based AI v2 vs Rule-Based AI (original),1636,3,rule,8,No
Rule-Based AI v2 vs Rule-Based AI (original),1637,2,rule_v2,43,No
Rule-Based AI v2 vs Rule-Based AI (original),1638,,,800,Yes
Rule-Based AI v2 vs Rule-Based AI (original),1639,0,rule_v2,21,No
Rule-Based AI v2 vs Rule-Based AI (original),1640,1,rule_v2,42,No
Rule-Based AI v2 vs Rule-Based AI (original),1641,2,rule,31,No
Rule-Based AI v2 vs Rule-Based AI (original),1642,2,rule_v2,11,No
Rule-Based AI v2 vs Rule-Based AI (original),1643,3,rule_v2,12,No
Rule-Based AI v2 vs Rule-Based AI (original),1644,,,800,Yes
Rule-Based AI v2 vs Rule-Based AI (original),1645,1,rule,26,No
Rule-Based AI v2 vs Rule-Based AI (original),1646,3,rule_v2,28,No
Rule-Based AI v2 vs Rule-Based AI (original),1647,3,rule,24,No
Rule-Based AI v2 vs Rule-Based AI (original),1648,3,rule_v2,16,No
Rule-Based AI v2 vs Rule-Based AI (original),1649,2,rule,39,No
Rule-Based AI v2 vs Rule-Based AI (original),1650,1,rule,18,No
Rule-Based AI v2 vs Rule-Based AI (original),1651,0,rule_v2,29,No
Rule-Based AI v2 vs Rule-Based AI (original),1652,0,rule,9,No
Rule-Based AI v2 vs Rule-Based AI (original),1653,1,rule,30,No
Rule-Based AI v2 vs Rule-Based AI (original),1654,0,rule_v2,17,No
Rule-Based AI v2 vs Rule-Based AI (original),1655,1,rule,18,No
Rule-Based AI v2 vs Rule-Based AI (original),1656,,,800,Yes
Rule-Based AI v2 vs Rule-Based AI (original),1657,3,rule_v2,12,No
Rule-Based AI v2 vs Rule-Based AI (original),1658,0,rule,37,No
Rule-Based AI v2 vs Rule-Based AI (original),1659,0,rule,21,No
Rule-Based AI v2 vs Rule-Based AI (original),1660,0,rule_v2,37,No
Rule-Based AI v2 vs Rule-Based AI (original),1661,2,rule_v2,39,No
Rule-Based AI v2 vs Rule-Based AI (original),1662,0,rule,41,No
Rule-Based AI v2 vs Rule-Based AI (original),1663,1,rule_v2,30,No
Rule-Based AI v2 vs Rule-Based AI (original),1664,0,rule,25,No
Rule-Based AI v2 vs Rule-Based AI (original),1665,0,rule_v2,33,No
Rule-Based AI v2 vs Rule-Based AI (original),1666,,,800,Yes
Rule-Based AI v2 vs Rule-Based AI (original),1667,3,rule_v2,40,No
Rule-Based AI v2 vs Rule-Based AI (original),1668,3,rule_v2,44,No
Rule-Based AI v2 vs Rule-Based AI (original),1669,1,rule_v2,46,No
Rule-Based AI v2 vs Rule-Based AI (original),1670,0,rule,29,No
Rule-Based AI v2 vs Rule-Based AI (original),1671,1,rule,42,No
Rule-Based AI v2 vs Rule-Based AI (original),1672,,,800,Yes
Rule-Based AI v2 vs Rule-Based AI (original),1673,2,rule_v2,31,No
Rule-Based AI v2 vs Rule-Based AI (original),1674,3,rule_v2,48,No
Rule-Based AI v2 vs Rule-Based AI (original),1675,2,rule,19,No
Rule-Based AI v2 vs Rule-Based AI (original),1676,2,rule,31,No
Rule-Based AI v2 vs Rule-Based AI (original),1677,0,rule,9,No
Rule-Based AI v2 vs Rule-Based AI (original),1678,1,rule,10,No
Rule-Based AI v2 vs Rule-Based AI (original),1679,,,800,Yes
Rule-Based AI v2 vs Rule-Based AI (original),1680,,,800,Yes
Rule-Based AI v2 vs Rule-Based AI (original),1681,3,rule_v2,12,No
Rule-Based AI v2 vs Rule-Based AI (original),1682,0,rule,33,No
Rule-Based AI v2 vs Rule-Based AI (original),1683,3,rule_v2,48,No
Rule-Based AI v2 vs Rule-Based AI (original),1684,1,rule,14,No
Rule-Based AI v2 vs Rule-Based AI (original),1685,,,800,Yes
Rule-Based AI v2 vs Rule-Based AI (original),1686,,,800,Yes
Rule-Based AI v2 vs Rule-Based AI (original),1687,2,rule,43,No
Rule-Based AI v2 vs Rule-Based AI (original),1688,,,800,Yes
Rule-Based AI v2 vs Rule-Based AI (original),1689,2,rule,43,No
Rule-Based AI v2 vs Rule-Based AI (original),1690,2,rule_v2,31,No
Rule-Based AI v2 vs Rule-Based AI (original),1691,,,800,Yes
Rule-Based AI v2 vs Rule-Based AI (original),1692,,,800,Yes
Rule-Based AI v2 vs Rule-Based AI (original),1693,2,rule,43,No
Rule-Based AI v2 vs Rule-Based AI (original),1694,,,800,Yes
Rule-Based AI v2 vs Rule-Based AI (original),1695,2,rule,35,No
Rule-Based AI v2 vs Rule-Based AI (original),1696,3,rule,4,No
Rule-Based AI v2 vs Rule-Based AI (original),1697,2,rule,43,No
Rule-Based AI v2 vs Rule-Based AI (original),1698,1,rule_v2,30,No
Rule-Based AI v2 vs Rule-Based AI (original),1699,3,rule_v2,28,No
Rule-Based AI v2 vs Rule-Based AI (original),1700,3,rule_v2,36,No
Rule-Based AI v2 vs Rule-Based AI (original),1701,0,rule,37,No
Rule-Based AI v2 vs Rule-Based AI (original),1702,,,800,Yes
Rule-Based AI v2 vs Rule-Based AI (original),1703,2,rule_v2,27,No
Rule-Based AI v2 vs Rule-Based AI (original),1704,0,rule_v2,45,No
Rule-Based AI v2 vs Rule-Based AI (original),1705,,,800,Yes
Rule-Based AI v2 vs Rule-Based AI (original),1706,,,800,Yes
Rule-Based AI v2 vs Rule-Based AI (original),1707,2,rule_v2,35,No
Rule-Based AI v2 vs Rule-Based AI (original),1708,,,800,Yes
Rule-Based AI v2 vs Rule-Based AI (original),1709,,,800,Yes
Rule-Based AI v2 vs Rule-Based AI (original),1710,0,rule_v2,45,No
Rule-Based AI v2 vs Rule-Based AI (original),1711,0,rule,45,No
Rule-Based AI v2 vs Rule-Based AI (original),1712,2,rule_v2,31,No
Rule-Based AI v2 vs Rule-Based AI (original),1713,,,800,Yes
Rule-Based AI v2 vs Rule-Based AI (original),1714,0,rule_v2,21,No
Rule-Based AI v2 vs Rule-Based AI (original),1715,1,rule,42,No
Rule-Based AI v2 vs Rule-Based AI (original),1716,0,rule_v2,29,No
Rule-Based AI v2 vs Rule-Based AI (original),1717,,,800,Yes
Rule-Based AI v2 vs Rule-Based AI (original),1718,,,800,Yes
Rule-Based AI v2 vs Rule-Based AI (original),1719,1,rule_v2,18,No
Rule-Based AI v2 vs Rule-Based AI (original),1720,2,rule_v2,15,No
Rule-Based AI v2 vs Rule-Based AI (original),1721,1,rule,38,No
Rule-Based AI v2 vs Rule-Based AI (original),1722,,,800,Yes
Rule-Based AI v2 vs Rule-Based AI (original),1723,1,rule_v2,22,No
Rule-Based AI v2 vs Rule-Based AI (original),1724,0,rule_v2,29,No
Rule-Based AI v2 vs Rule-Based AI (original),1725,3,rule_v2,44,No
Rule-Based AI v2 vs Rule-Based AI (original),1726,,,800,Yes
Rule-Based AI v2 vs Rule-Based AI (original),1727,3,rule_v2,32,No
Rule-Based AI v2 vs Rule-Based AI (original),1728,,,800,Yes
Rule-Based AI v2 vs Rule-Based AI (original),1729,,,800,Yes
Rule-Based AI v2 vs Rule-Based AI (original),1730,1,rule_v2,22,No
Rule-Based AI v2 vs Rule-Based AI (original),1731,2,rule,15,No
Rule-Based AI v2 vs Rule-Based AI (original),1732,1,rule,26,No
Rule-Based AI v2 vs Rule-Based AI (original),1733,,,800,Yes
Rule-Based AI v2 vs Rule-Based AI (original),1734,3,rule,16,No
Rule-Based AI v2 vs Rule-Based AI (original),1735,0,rule,33,No
Rule-Based AI v2 vs Rule-Based AI (original),1736,3,rule,40,No
Rule-Based AI v2 vs Rule-Based AI (original),1737,0,rule_v2,17,No
Rule-Based AI v2 vs Rule-Based AI (original),1738,3,rule_v2,48,No
Rule-Based AI v2 vs Rule-Based AI (original),1739,0,rule,45,No
Rule-Based AI v2 vs Rule-Based AI (original),1740,,,800,Yes
Rule-Based AI v2 vs Rule-Based AI (original),1741,0,rule,33,No
Rule-Based AI v2 vs Rule-Based AI (original),1742,,,800,Yes
Rule-Based AI v2 vs Rule-Based AI (original),1743,2,rule,35,No
Rule-Based AI v2 vs Rule-Based AI (original),1744,3,rule,36,No
Rule-Based AI v2 vs Rule-Based AI (original),1745,,,800,Yes
Rule-Based AI v2 vs Rule-Based AI (original),1746,1,rule_v2,46,No
Rule-Based AI v2 vs Rule-Based AI (original),1747,,,800,Yes
Rule-Based AI v2 vs Rule-Based AI (original),1748,3,rule_v2,36,No
Rule-Based AI v2 vs Rule-Based AI (original),1749,0,rule,17,No
Rule-Based AI v2 vs Rule-Based AI (original),1750,,,800,Yes
Rule-Based AI v2 vs Rule-Based AI (original),1751,,,800,Yes
Rule-Based AI v2 vs Rule-Based AI (original),1752,2,rule,19,No
Rule-Based AI v2 vs Rule-Based AI (original),1753,,,800,Yes
Rule-Based AI v2 vs Rule-Based AI (original),1754,0,rule,17,No
Rule-Based AI v2 vs Rule-Based AI (original),1755,3,rule_v2,16,No
Rule-Based AI v2 vs Rule-Based AI (original),1756,0,rule,33,No
Rule-Based AI v2 vs Rule-Based AI (original),1757,2,rule,35,No
Rule-Based AI v2 vs Rule-Based AI (original),1758,0,rule,17,No
Rule-Based AI v2 vs Rule-Based AI (original),1759,1,rule,18,No
Rule-Based AI v2 vs Rule-Based AI (original),1760,1,rule_v2,34,No
Rule-Based AI v2 vs Rule-Based AI (original),1761,,,800,Yes
Rule-Based AI v2 vs Rule-Based AI (original),1762,2,rule_v2,23,No
Rule-Based AI v2 vs Rule-Based AI (original),1763,,,800,Yes
Rule-Based AI v2 vs Rule-Based AI (original),1764,3,rule,24,No
Rule-Based AI v2 vs Rule-Based AI (original),1765,3,rule_v2,20,No
Rule-Based AI v2 vs Rule-Based AI (original),1766,0,rule_v2,17,No
Rule-Based AI v2 vs Rule-Based AI (original),1767,3,rule_v2,16,No
Rule-Based AI v2 vs Rule-Based AI (original),1768,2,rule_v2,27,No
Rule-Based AI v2 vs Rule-Based AI (original),1769,2,rule_v2,31,No
Rule-Based AI v2 vs Rule-Based AI (original),1770,3,rule,28,No
Rule-Based AI v2 vs Rule-Based AI (original),1771,,,800,Yes
Rule-Based AI v2 vs Rule-Based AI (original),1772,3,rule_v2,36,No
Rule-Based AI v2 vs Rule-Based AI (original),1773,1,rule,46,No
Rule-Based AI v2 vs Rule-Based AI (original),1774,1,rule_v2,42,No
Rule-Based AI v2 vs Rule-Based AI (original),1775,3,rule_v2,36,No
Rule-Based AI v2 vs Rule-Based AI (original),1776,1,rule_v2,46,No
Rule-Based AI v2 vs Rule-Based AI (original),1777,1,rule_v2,34,No
Rule-Based AI v2 vs Rule-Based AI (original),1778,1,rule,30,No
Rule-Based AI v2 vs Rule-Based AI (original),1779,0,rule_v2,41,No
Rule-Based AI v2 vs Rule-Based AI (original),1780,,,800,Yes
Rule-Based AI v2 vs Rule-Based AI (original),1781,,,800,Yes
Rule-Based AI v2 vs Rule-Based AI (original),1782,1,rule_v2,26,No
Rule-Based AI v2 vs Rule-Based AI (original),1783,3,rule_v2,44,No
Rule-Based AI v2 vs Rule-Based AI (original),1784,,,800,Yes
Rule-Based AI v2 vs Rule-Based AI (original),1785,0,rule_v2,21,No
Rule-Based AI v2 vs Rule-Based AI (original),1786,0,rule_v2,29,No
Rule-Based AI v2 vs Rule-Based AI (original),1787,3,rule_v2,36,No
Rule-Based AI v2 vs Rule-Based AI (original),1788,1,rule_v2,34,No
Rule-Based AI v2 vs Rule-Based AI (original),1789,3,rule,24,No
Rule-Based AI v2 vs Rule-Based AI (original),1790,1,rule,38,No
Rule-Based AI v2 vs Rule-Based AI (original),1791,1,rule_v2,34,No
Rule-Based AI v2 vs Rule-Based AI (original),1792,3,rule_v2,32,No
Rule-Based AI v2 vs Rule-Based AI (original),1793,,,800,Yes
Rule-Based AI v2 vs Rule-Based AI (original),1794,2,rule_v2,7,No
Rule-Based AI v2 vs Rule-Based AI (original),1795,,,800,Yes
Rule-Based AI v2 vs Rule-Based AI (original),1796,,,800,Yes
Rule-Based AI v2 vs Rule-Based AI (original),1797,0,rule,21,No
Rule-Based AI v2 vs Rule-Based AI (original),1798,2,rule_v2,27,No
Rule-Based AI v2 vs Rule-Based AI (original),1799,0,rule,17,No
Rule-Based AI v2 vs Rule-Based AI (original),1800,,,800,Yes
Rule-Based AI v2 vs Rule-Based AI (original),1801,,,800,Yes
Rule-Based AI v2 vs Rule-Based AI (original),1802,,,800,Yes
Rule-Based AI v2 vs Rule-Based AI (original),1803,3,rule,20,No
Rule-Based AI v2 vs Rule-Based AI (original),1804,1,rule_v2,38,No
Rule-Based AI v2 vs Rule-Based AI (original),1805,1,rule_v2,30,No
Rule-Based AI v2 vs Rule-Based AI (original),1806,2,rule_v2,47,No
Rule-Based AI v2 vs Rule-Based AI (original),1807,0,rule_v2,13,No
Rule-Based AI v2 vs Rule-Based AI (original),1808,0,rule,13,No
Rule-Based AI v2 vs Rule-Based AI (original),1809,2,rule_v2,27,No
Rule-Based AI v2 vs Rule-Based AI (original),1810,,,800,Yes
Rule-Based AI v2 vs Rule-Based AI (original),1811,1,rule_v2,30,No
Rule-Based AI v2 vs Rule-Based AI (original),1812,2,rule_v2,15,No
Rule-Based AI v2 vs Rule-Based AI (original),1813,3,rule,40,No
Rule-Based AI v2 vs Rule-Based AI (original),1814,0,rule_v2,45,No
Rule-Based AI v2 vs Rule-Based AI (original),1815,,,800,Yes
Rule-Based AI v2 vs Rule-Based AI (original),1816,,,800,Yes
Rule-Based AI v2 vs Rule-Based AI (original),1817,3,rule_v2,20,No
Rule-Based AI v2 vs Rule-Based AI (original),1818,2,rule,19,No
Rule-Based AI v2 vs Rule-Based AI (original),1819,0,rule_v2,33,No
Rule-Based AI v2 vs Rule-Based AI (original),1820,2,rule_v2,19,No
Rule-Based AI v2 vs Rule-Based AI (original),1821,3,rule_v2,20,No
Rule-Based AI v2 vs Rule-Based AI (original),1822,0,rule_v2,45,No
Rule-Based AI v2 vs Rule-Based AI (original),1823,1,rule,18,No
Rule-Based AI v2 vs Rule-Based AI (original),1824,,,800,Yes
Rule-Based AI v2 vs Rule-Based AI (original),1825,0,rule_v2,21,No
Rule-Based AI v2 vs Rule-Based AI (original),1826,2,rule_v2,19,No
Rule-Based AI v2 vs Rule-Based AI (original),1827,3,rule,40,No
Rule-Based AI v2 vs Rule-Based AI (original),1828,3,rule_v2,48,No
Rule-Based AI v2 vs Rule-Based AI (original),1829,0,rule_v2,33,No
Rule-Based AI v2 vs Rule-Based AI (original),1830,,,800,Yes
Rule-Based AI v2 vs Rule-Based AI (original),1831,2,rule,19,No
Rule-Based AI v2 vs Rule-Based AI (original),1832,3,rule,28,No
Rule-Based AI v2 vs Rule-Based AI (original),1833,1,rule_v2,30,No
Rule-Based AI v2 vs Rule-Based AI (original),1834,2,rule_v2,27,No
Rule-Based AI v2 vs Rule-Based AI (original),1835,,,800,Yes
Rule-Based AI v2 vs Rule-Based AI (original),1836,0,rule,37,No
Rule-Based AI v2 vs Rule-Based AI (original),1837,,,800,Yes
Rule-Based AI v2 vs Rule-Based AI (original),1838,2,rule,19,No
Rule-Based AI v2 vs Rule-Based AI (original),1839,1,rule,22,No
Rule-Based AI v2 vs Rule-Based AI (original),1840,3,rule_v2,16,No
Rule-Based AI v2 vs Rule-Based AI (original),1841,3,rule,20,No
Rule-Based AI v2 vs Rule-Based AI (original),1842,,,800,Yes
Rule-Based AI v2 vs Rule-Based AI (original),1843,0,rule,9,No
Rule-Based AI v2 vs Rule-Based AI (original),1844,0,rule,25,No
Rule-Based AI v2 vs Rule-Based AI (original),1845,3,rule_v2,32,No
Rule-Based AI v2 vs Rule-Based AI (original),1846,1,rule_v2,14,No
Rule-Based AI v2 vs Rule-Based AI (original),1847,0,rule,25,No
Rule-Based AI v2 vs Rule-Based AI (original),1848,0,rule_v2,13,No
Rule-Based AI v2 vs Rule-Based AI (original),1849,0,rule,29,No
Rule-Based AI v2 vs Rule-Based AI (original),1850,3,rule,48,No
Rule-Based AI v2 vs Rule-Based AI (original),1851,,,800,Yes
Rule-Based AI v2 vs Rule-Based AI (original),1852,1,rule_v2,18,No
Rule-Based AI v2 vs Rule-Based AI (original),1853,3,rule_v2,44,No
Rule-Based AI v2 vs Rule-Based AI (original),1854,,,800,Yes
Rule-Based AI v2 vs Rule-Based AI (original),1855,,,800,Yes
Rule-Based AI v2 vs Rule-Based AI (original),1856,1,rule_v2,38,No
Rule-Based AI v2 vs Rule-Based AI (original),1857,2,rule_v2,47,No
Rule-Based AI v2 vs Rule-Based AI (original),1858,1,rule,26,No
Rule-Based AI v2 vs Rule-Based AI (original),1859,0,rule_v2,37,No
Rule-Based AI v2 vs Rule-Based AI (original),1860,1,rule_v2,34,No
Rule-Based AI v2 vs Rule-Based AI (original),1861,1,rule_v2,42,No
Rule-Based AI v2 vs Rule-Based AI (original),1862,3,rule_v2,44,No
Rule-Based AI v2 vs Rule-Based AI (original),1863,,,800,Yes
Rule-Based AI v2 vs Rule-Based AI (original),1864,1,rule_v2,30,No
Rule-Based AI v2 vs Rule-Based AI (original),1865,2,rule_v2,35,No
Rule-Based AI v2 vs Rule-Based AI (original),1866,1,rule_v2,26,No
Rule-Based AI v2 vs Rule-Based AI (original),1867,3,rule,24,No
Rule-Based AI v2 vs Rule-Based AI (original),1868,2,rule,31,No
Rule-Based AI v2 vs Rule-Based AI (original),1869,1,rule,22,No
Rule-Based AI v2 vs Rule-Based AI (original),1870,,,800,Yes
Rule-Based AI v2 vs Rule-Based AI (original),1871,,,800,Yes
Rule-Based AI v2 vs Rule-Based AI (original),1872,,,800,Yes
Rule-Based AI v2 vs Rule-Based AI (original),1873,,,800,Yes
Rule-Based AI v2 vs Rule-Based AI (original),1874,,,800,Yes
Rule-Based AI v2 vs Rule-Based AI (original),1875,,,800,Yes
Rule-Based AI v2 vs Rule-Based AI (original),1876,3,rule,12,No
Rule-Based AI v2 vs Rule-Based AI (original),1877,2,rule_v2,15,No
Rule-Based AI v2 vs Rule-Based AI (original),1878,2,rule,43,No
Rule-Based AI v2 vs Rule-Based AI (original),1879,2,rule,39,No
Rule-Based AI v2 vs Rule-Based AI (original),1880,3,rule_v2,36,No
Rule-Based AI v2 vs Rule-Based AI (original),1881,0,rule_v2,33,No
Rule-Based AI v2 vs Rule-Based AI (original),1882,2,rule_v2,7,No
Rule-Based AI v2 vs Rule-Based AI (original),1883,,,800,Yes
Rule-Based AI v2 vs Rule-Based AI (original),1884,2,rule,31,No
Rule-Based AI v2 vs Rule-Based AI (original),1885,0,rule_v2,17,No
Rule-Based AI v2 vs Rule-Based AI (original),1886,,,800,Yes
Rule-Based AI v2 vs Rule-Based AI (original),1887,1,rule_v2,34,No
Rule-Based AI v2 vs Rule-Based AI (original),1888,3,rule,44,No
Rule-Based AI v2 vs Rule-Based AI (original),1889,1,rule_v2,14,No
Rule-Based AI v2 vs Rule-Based AI (original),1890,1,rule,46,No
Rule-Based AI v2 vs Rule-Based AI (original),1891,1,rule,46,No
Rule-Based AI v2 vs Rule-Based AI (original),1892,0,rule,45,No
Rule-Based AI v2 vs Rule-Based AI (original),1893,2,rule_v2,47,No
Rule-Based AI v2 vs Rule-Based AI (original),1894,2,rule_v2,27,No
Rule-Based AI v2 vs Rule-Based AI (original),1895,2,rule,31,No
Rule-Based AI v2 vs Rule-Based AI (original),1896,,,800,Yes
Rule-Based AI v2 vs Rule-Based AI (original),1897,,,800,Yes
Rule-Based AI v2 vs Rule-Based AI (original),1898,2,rule_v2,19,No
Rule-Based AI v2 vs Rule-Based AI (original),1899,3,rule,24,No
Rule-Based AI v2 vs Rule-Based AI (original),1900,1,rule_v2,26,No
Rule-Based AI v2 vs Rule-Based AI (original),1901,3,rule_v2,24,No
Rule-Based AI v2 vs Rule-Based AI (original),1902,2,rule_v2,11,No
Rule-Based AI v2 vs Rule-Based AI (original),1903,2,rule_v2,39,No
Rule-Based AI v2 vs Rule-Based AI (original),1904,0,rule,25,No
Rule-Based AI v2 vs Rule-Based AI (original),1905,2,rule,27,No
Rule-Based AI v2 vs Rule-Based AI (original),1906,,,800,Yes
Rule-Based AI v2 vs Rule-Based AI (original),1907,3,rule,24,No
Rule-Based AI v2 vs Rule-Based AI (original),1908,,,800,Yes
Rule-Based AI v2 vs Rule-Based AI (original),1909,0,rule,45,No
Rule-Based AI v2 vs Rule-Based AI (original),1910,2,rule,31,No
Rule-Based AI v2 vs Rule-Based AI (original),1911,3,rule_v2,16,No
Rule-Based AI v2 vs Rule-Based AI (original),1912,,,800,Yes
Rule-Based AI v2 vs Rule-Based AI (original),1913,,,800,Yes
Rule-Based AI v2 vs Rule-Based AI (original),1914,,,800,Yes
Rule-Based AI v2 vs Rule-Based AI (original),1915,3,rule_v2,48,No
Rule-Based AI v2 vs Rule-Based AI (original),1916,0,rule_v2,29,No
Rule-Based AI v2 vs Rule-Based AI (original),1917,,,800,Yes
Rule-Based AI v2 vs Rule-Based AI (original),1918,,,800,Yes
Rule-Based AI v2 vs Rule-Based AI (original),1919,0,rule_v2,21,No
Rule-Based AI v2 vs Rule-Based AI (original),1920,0,rule_v2,33,No
Rule-Based AI v2 vs Rule-Based AI (original),1921,2,rule_v2,27,No
Rule-Based AI v2 vs Rule-Based AI (original),1922,1,rule,14,No
Rule-Based AI v2 vs Rule-Based AI (original),1923,,,800,Yes
Rule-Based AI v2 vs Rule-Based AI (original),1924,1,rule_v2,26,No
Rule-Based AI v2 vs Rule-Based AI (original),1925,,,800,Yes
Rule-Based AI v2 vs Rule-Based AI (original),1926,,,800,Yes
Rule-Based AI v2 vs Rule-Based AI (original),1927,1,rule,22,No
Rule-Based AI v2 vs Rule-Based AI (original),1928,0,rule,37,No
Rule-Based AI v2 vs Rule-Based AI (original),1929,3,rule,48,No
Rule-Based AI v2 vs Rule-Based AI (original),1930,3,rule,24,No
Rule-Based AI v2 vs Rule-Based AI (original),1931,0,rule,13,No
Rule-Based AI v2 vs Rule-Based AI (original),1932,1,rule_v2,38,No
Rule-Based AI v2 vs Rule-Based AI (original),1933,2,rule,43,No
Rule-Based AI v2 vs Rule-Based AI (original),1934,2,rule,31,No
Rule-Based AI v2 vs Rule-Based AI (original),1935,1,rule,22,No
Rule-Based AI v2 vs Rule-Based AI (original),1936,0,rule,33,No
Rule-Based AI v2 vs Rule-Based AI (original),1937,0,rule_v2,45,No
Rule-Based AI v2 vs Rule-Based AI (original),1938,,,800,Yes
Rule-Based AI v2 vs Rule-Based AI (original),1939,2,rule,19,No
Rule-Based AI v2 vs Rule-Based AI (original),1940,2,rule_v2,23,No
Rule-Based AI v2 vs Rule-Based AI (original),1941,1,rule_v2,42,No
Rule-Based AI v2 vs Rule-Based AI (original),1942,,,800,Yes
Rule-Based AI v2 vs Rule-Based AI (original),1943,,,800,Yes
Rule-Based AI v2 vs Rule-Based AI (original),1944,0,rule,29,No
Rule-Based AI v2 vs Rule-Based AI (original),1945,,,800,Yes
Rule-Based AI v2 vs Rule-Based AI (original),1946,1,rule_v2,38,No
Rule-Based AI v2 vs Rule-Based AI (original),1947,,,800,Yes
Rule-Based AI v2 vs Rule-Based AI (original),1948,3,rule,36,No
Rule-Based AI v2 vs Rule-Based AI (original),1949,0,rule_v2,37,No
Rule-Based AI v2 vs Rule-Based AI (original),1950,0,rule_v2,21,No
Rule-Based AI v2 vs Rule-Based AI (original),1951,2,rule,27,No
Rule-Based AI v2 vs Rule-Based AI (original),1952,,,800,Yes
Rule-Based AI v2 vs Rule-Based AI (original),1953,,,800,Yes
Rule-Based AI v2 vs Rule-Based AI (original),1954,,,800,Yes
Rule-Based AI v2 vs Rule-Based AI (original),1955,,,800,Yes
Rule-Based AI v2 vs Rule-Based AI (original),1956,3,rule_v2,4,No
Rule-Based AI v2 vs Rule-Based AI (original),1957,1,rule_v2,18,No
Rule-Based AI v2 vs Rule-Based AI (original),1958,2,rule,23,No
Rule-Based AI v2 vs Rule-Based AI (original),1959,,,800,Yes
Rule-Based AI v2 vs Rule-Based AI (original),1960,,,800,Yes
Rule-Based AI v2 vs Rule-Based AI (original),1961,,,800,Yes
Rule-Based AI v2 vs Rule-Based AI (original),1962,3,rule,40,No
Rule-Based AI v2 vs Rule-Based AI (original),1963,0,rule_v2,41,No
Rule-Based AI v2 vs Rule-Based AI (original),1964,0,rule_v2,33,No
Rule-Based AI v2 vs Rule-Based AI (original),1965,2,rule,39,No
Rule-Based AI v2 vs Rule-Based AI (original),1966,0,rule_v2,29,No
Rule-Based AI v2 vs Rule-Based AI (original),1967,,,800,Yes
Rule-Based AI v2 vs Rule-Based AI (original),1968,0,rule,25,No
Rule-Based AI v2 vs Rule-Based AI (original),1969,2,rule,47,No
Rule-Based AI v2 vs Rule-Based AI (original),1970,1,rule_v2,30,No
Rule-Based AI v2 vs Rule-Based AI (original),1971,0,rule_v2,37,No
Rule-Based AI v2 vs Rule-Based AI (original),1972,1,rule,26,No
Rule-Based AI v2 vs Rule-Based AI (original),1973,1,rule,42,No
Rule-Based AI v2 vs Rule-Based AI (original),1974,1,rule,30,No
Rule-Based AI v2 vs Rule-Based AI (original),1975,,,800,Yes
Rule-Based AI v2 vs Rule-Based AI (original),1976,1,rule,46,No
Rule-Based AI v2 vs Rule-Based AI (original),1977,,,800,Yes
Rule-Based AI v2 vs Rule-Based AI (original),1978,1,rule,10,No
Rule-Based AI v2 vs Rule-Based AI (original),1979,2,rule,31,No
Rule-Based AI v2 vs Rule-Based AI (original),1980,1,rule,10,No
Rule-Based AI v2 vs Rule-Based AI (original),1981,1,rule,22,No
Rule-Based AI v2 vs Rule-Based AI (original),1982,,,800,Yes
Rule-Based AI v2 vs Rule-Based AI (original),1983,,,800,Yes
Rule-Based AI v2 vs Rule-Based AI (original),1984,,,800,Yes
Rule-Based AI v2 vs Rule-Based AI (original),1985,0,rule_v2,37,No
Rule-Based AI v2 vs Rule-Based AI (original),1986,,,800,Yes
Rule-Based AI v2 vs Rule-Based AI (original),1987,,,800,Yes
Rule-Based AI v2 vs Rule-Based AI (original),1988,2,rule,3,No
Rule-Based AI v2 vs Rule-Based AI (original),1989,3,rule_v2,24,No
Rule-Based AI v2 vs Rule-Based AI (original),1990,3,rule,24,No
Rule-Based AI v2 vs Rule-Based AI (original),1991,2,rule,35,No
Rule-Based AI v2 vs Rule-Based AI (original),1992,1,rule_v2,14,No
Rule-Based AI v2 vs Rule-Based AI (original),1993,2,rule,15,No
Rule-Based AI v2 vs Rule-Based AI (original),1994,,,800,Yes
Rule-Based AI v2 vs Rule-Based AI (original),1995,,,800,Yes
Rule-Based AI v2 vs Rule-Based AI (original),1996,1,rule_v2,46,No
Rule-Based AI v2 vs Rule-Based AI (original),1997,,,800,Yes
Rule-Based AI v2 vs Rule-Based AI (original),1998,2,rule,35,No
Rule-Based AI v2 vs Rule-Based AI (original),1999,2,rule_v2,23,No
Rule-Based AI v2 vs Rule-Based AI (original),2000,3,rule_v2,40,No
Rule-Based AI v2 vs 1SGS AI,1,,,800,Yes
Rule-Based AI v2 vs 1SGS AI,2,0,oneSGS,41,No
Rule-Based AI v2 vs 1SGS AI,3,2,oneSGS,39,No
Rule-Based AI v2 vs 1SGS AI,4,1,oneSGS,38,No
Rule-Based AI v2 vs 1SGS AI,5,,,800,Yes
Rule-Based AI v2 vs 1SGS AI,6,,,800,Yes
Rule-Based AI v2 vs 1SGS AI,7,3,rule_v2,36,No
Rule-Based AI v2 vs 1SGS AI,8,2,rule_v2,39,No
Rule-Based AI v2 vs 1SGS AI,9,0,rule_v2,37,No
Rule-Based AI v2 vs 1SGS AI,10,2,oneSGS,47,No
Rule-Based AI v2 vs 1SGS AI,11,2,rule_v2,23,No
Rule-Based AI v2 vs 1SGS AI,12,0,rule_v2,37,No
Rule-Based AI v2 vs 1SGS AI,13,,,800,Yes
Rule-Based AI v2 vs 1SGS AI,14,,,800,Yes
Rule-Based AI v2 vs 1SGS AI,15,,,800,Yes
Rule-Based AI v2 vs 1SGS AI,16,0,rule_v2,41,No
Rule-Based AI v2 vs 1SGS AI,17,3,oneSGS,28,No
Rule-Based AI v2 vs 1SGS AI,18,2,rule_v2,31,No
Rule-Based AI v2 vs 1SGS AI,19,2,oneSGS,27,No
Rule-Based AI v2 vs 1SGS AI,20,1,rule_v2,22,No
Rule-Based AI v2 vs 1SGS AI,21,3,rule_v2,32,No
Rule-Based AI v2 vs 1SGS AI,22,,,800,Yes
Rule-Based AI v2 vs 1SGS AI,23,2,rule_v2,23,No
Rule-Based AI v2 vs 1SGS AI,24,1,rule_v2,30,No
Rule-Based AI v2 vs 1SGS AI,25,0,rule_v2,45,No
Rule-Based AI v2 vs 1SGS AI,26,3,oneSGS,44,No
Rule-Based AI v2 vs 1SGS AI,27,2,rule_v2,43,No
Rule-Based AI v2 vs 1SGS AI,28,,,800,Yes
Rule-Based AI v2 vs 1SGS AI,29,3,rule_v2,24,No
Rule-Based AI v2 vs 1SGS AI,30,2,oneSGS,23,No
Rule-Based AI v2 vs 1SGS AI,31,,,800,Yes
Rule-Based AI v2 vs 1SGS AI,32,0,rule_v2,21,No
Rule-Based AI v2 vs 1SGS AI,33,3,oneSGS,20,No
Rule-Based AI v2 vs 1SGS AI,34,2,oneSGS,27,No
Rule-Based AI v2 vs 1SGS AI,35,1,rule_v2,42,No
Rule-Based AI v2 vs 1SGS AI,36,0,rule_v2,21,No
Rule-Based AI v2 vs 1SGS AI,37,3,oneSGS,8,No
Rule-Based AI v2 vs 1SGS AI,38,,,800,Yes
Rule-Based AI v2 vs 1SGS AI,39,,,800,Yes
Rule-Based AI v2 vs 1SGS AI,40,0,rule_v2,37,No
Rule-Based AI v2 vs 1SGS AI,41,,,800,Yes
Rule-Based AI v2 vs 1SGS AI,42,,,800,Yes
Rule-Based AI v2 vs 1SGS AI,43,0,oneSGS,41,No
Rule-Based AI v2 vs 1SGS AI,44,,,800,Yes
Rule-Based AI v2 vs 1SGS AI,45,2,oneSGS,23,No
Rule-Based AI v2 vs 1SGS AI,46,2,rule_v2,39,No
Rule-Based AI v2 vs 1SGS AI,47,2,rule_v2,31,No
Rule-Based AI v2 vs 1SGS AI,48,0,rule_v2,37,No
Rule-Based AI v2 vs 1SGS AI,49,,,800,Yes
Rule-Based AI v2 vs 1SGS AI,50,,,800,Yes
Rule-Based AI v2 vs 1SGS AI,51,1,rule_v2,26,No
Rule-Based AI v2 vs 1SGS AI,52,2,rule_v2,31,No
Rule-Based AI v2 vs 1SGS AI,53,2,rule_v2,35,No
Rule-Based AI v2 vs 1SGS AI,54,3,oneSGS,24,No
Rule-Based AI v2 vs 1SGS AI,55,0,oneSGS,33,No
Rule-Based AI v2 vs 1SGS AI,56,,,800,Yes
Rule-Based AI v2 vs 1SGS AI,57,2,rule_v2,35,No
Rule-Based AI v2 vs 1SGS AI,58,,,800,Yes
Rule-Based AI v2 vs 1SGS AI,59,1,rule_v2,26,No
Rule-Based AI v2 vs 1SGS AI,60,,,800,Yes
Rule-Based AI v2 vs 1SGS AI,61,2,rule_v2,31,No
Rule-Based AI v2 vs 1SGS AI,62,1,oneSGS,42,No
Rule-Based AI v2 vs 1SGS AI,63,3,rule_v2,16,No
Rule-Based AI v2 vs 1SGS AI,64,3,oneSGS,32,No
Rule-Based AI v2 vs 1SGS AI,65,,,800,Yes
Rule-Based AI v2 vs 1SGS AI,66,,,800,Yes
Rule-Based AI v2 vs 1SGS AI,67,0,oneSGS,29,No
Rule-Based AI v2 vs 1SGS AI,68,0,rule_v2,29,No
Rule-Based AI v2 vs 1SGS AI,69,0,oneSGS,9,No
Rule-Based AI v2 vs 1SGS AI,70,,,800,Yes
Rule-Based AI v2 vs 1SGS AI,71,3,rule_v2,24,No
Rule-Based AI v2 vs 1SGS AI,72,,,800,Yes
Rule-Based AI v2 vs 1SGS AI,73,,,800,Yes
Rule-Based AI v2 vs 1SGS AI,74,3,rule_v2,40,No
Rule-Based AI v2 vs 1SGS AI,75,1,rule_v2,22,No
Rule-Based AI v2 vs 1SGS AI,76,3,rule_v2,48,No
Rule-Based AI v2 vs 1SGS AI,77,2,rule_v2,15,No
Rule-Based AI v2 vs 1SGS AI,78,3,oneSGS,20,No
Rule-Based AI v2 vs 1SGS AI,79,2,rule_v2,15,No
Rule-Based AI v2 vs 1SGS AI,80,0,oneSGS,17,No
Rule-Based AI v2 vs 1SGS AI,81,,,800,Yes
Rule-Based AI v2 vs 1SGS AI,82,1,rule_v2,30,No
Rule-Based AI v2 vs 1SGS AI,83,0,oneSGS,45,No
Rule-Based AI v2 vs 1SGS AI,84,3,oneSGS,16,No
Rule-Based AI v2 vs 1SGS AI,85,3,oneSGS,44,No
Rule-Based AI v2 vs 1SGS AI,86,,,800,Yes
Rule-Based AI v2 vs 1SGS AI,87,3,rule_v2,28,No
Rule-Based AI v2 vs 1SGS AI,88,0,oneSGS,17,No
Rule-Based AI v2 vs 1SGS AI,89,,,800,Yes
Rule-Based AI v2 vs 1SGS AI,90,0,oneSGS,25,No
Rule-Based AI v2 vs 1SGS AI,91,,,800,Yes
Rule-Based AI v2 vs 1SGS AI,92,1,rule_v2,34,No
Rule-Based AI v2 vs 1SGS AI,93,0,oneSGS,29,No
Rule-Based AI v2 vs 1SGS AI,94,,,800,Yes
Rule-Based AI v2 vs 1SGS AI,95,,,800,Yes
Rule-Based AI v2 vs 1SGS AI,96,,,800,Yes
Rule-Based AI v2 vs 1SGS AI,97,0,oneSGS,25,No
Rule-Based AI v2 vs 1SGS AI,98,1,rule_v2,34,No
Rule-Based AI v2 vs 1SGS AI,99,3,oneSGS,36,No
Rule-Based AI v2 vs 1SGS AI,100,1,oneSGS,14,No
Rule-Based AI v2 vs 1SGS AI,101,3,oneSGS,28,No
Rule-Based AI v2 vs 1SGS AI,102,,,800,Yes
Rule-Based AI v2 vs 1SGS AI,103,,,800,Yes
Rule-Based AI v2 vs 1SGS AI,104,3,oneSGS,48,No
Rule-Based AI v2 vs 1SGS AI,105,2,rule_v2,27,No
Rule-Based AI v2 vs 1SGS AI,106,,,800,Yes
Rule-Based AI v2 vs 1SGS AI,107,,,800,Yes
Rule-Based AI v2 vs 1SGS AI,108,,,800,Yes
Rule-Based AI v2 vs 1SGS AI,109,1,oneSGS,38,No
Rule-Based AI v2 vs 1SGS AI,110,0,oneSGS,21,No
Rule-Based AI v2 vs 1SGS AI,111,,,800,Yes
Rule-Based AI v2 vs 1SGS AI,112,0,rule_v2,21,No
Rule-Based AI v2 vs 1SGS AI,113,,,800,Yes
Rule-Based AI v2 vs 1SGS AI,114,3,rule_v2,24,No
Rule-Based AI v2 vs 1SGS AI,115,0,oneSGS,33,No
Rule-Based AI v2 vs 1SGS AI,116,3,rule_v2,36,No
Rule-Based AI v2 vs 1SGS AI,117,2,oneSGS,39,No
Rule-Based AI v2 vs 1SGS AI,118,,,800,Yes
Rule-Based AI v2 vs 1SGS AI,119,,,800,Yes
Rule-Based AI v2 vs 1SGS AI,120,,,800,Yes
Rule-Based AI v2 vs 1SGS AI,121,0,rule_v2,33,No
Rule-Based AI v2 vs 1SGS AI,122,2,rule_v2,43,No
Rule-Based AI v2 vs 1SGS AI,123,2,rule_v2,39,No
Rule-Based AI v2 vs 1SGS AI,124,,,800,Yes
Rule-Based AI v2 vs 1SGS AI,125,,,800,Yes
Rule-Based AI v2 vs 1SGS AI,126,2,oneSGS,43,No
Rule-Based AI v2 vs 1SGS AI,127,3,oneSGS,28,No
Rule-Based AI v2 vs 1SGS AI,128,,,800,Yes
Rule-Based AI v2 vs 1SGS AI,129,,,800,Yes
Rule-Based AI v2 vs 1SGS AI,130,1,oneSGS,34,No
Rule-Based AI v2 vs 1SGS AI,131,0,oneSGS,41,No
Rule-Based AI v2 vs 1SGS AI,132,0,oneSGS,17,No
Rule-Based AI v2 vs 1SGS AI,133,0,rule_v2,41,No
Rule-Based AI v2 vs 1SGS AI,134,3,oneSGS,28,No
Rule-Based AI v2 vs 1SGS AI,135,2,rule_v2,35,No
Rule-Based AI v2 vs 1SGS AI,136,3,oneSGS,32,No
Rule-Based AI v2 vs 1SGS AI,137,0,oneSGS,5,No
Rule-Based AI v2 vs 1SGS AI,138,3,oneSGS,44,No
Rule-Based AI v2 vs 1SGS AI,139,0,rule_v2,29,No
Rule-Based AI v2 vs 1SGS AI,140,2,oneSGS,35,No
Rule-Based AI v2 vs 1SGS AI,141,3,rule_v2,36,No
Rule-Based AI v2 vs 1SGS AI,142,,,800,Yes
Rule-Based AI v2 vs 1SGS AI,143,1,oneSGS,22,No
Rule-Based AI v2 vs 1SGS AI,144,,,800,Yes
Rule-Based AI v2 vs 1SGS AI,145,3,oneSGS,36,No
Rule-Based AI v2 vs 1SGS AI,146,,,800,Yes
Rule-Based AI v2 vs 1SGS AI,147,1,rule_v2,18,No
Rule-Based AI v2 vs 1SGS AI,148,,,800,Yes
Rule-Based AI v2 vs 1SGS AI,149,1,oneSGS,6,No
Rule-Based AI v2 vs 1SGS AI,150,2,rule_v2,19,No
Rule-Based AI v2 vs 1SGS AI,151,2,oneSGS,19,No
Rule-Based AI v2 vs 1SGS AI,152,,,800,Yes
Rule-Based AI v2 vs 1SGS AI,153,,,800,Yes
Rule-Based AI v2 vs 1SGS AI,154,2,rule_v2,31,No
Rule-Based AI v2 vs 1SGS AI,155,3,rule_v2,44,No
Rule-Based AI v2 vs 1SGS AI,156,0,rule_v2,29,No
Rule-Based AI v2 vs 1SGS AI,157,1,rule_v2,34,No
Rule-Based AI v2 vs 1SGS AI,158,,,800,Yes
Rule-Based AI v2 vs 1SGS AI,159,2,rule_v2,31,No
Rule-Based AI v2 vs 1SGS AI,160,,,800,Yes
Rule-Based AI v2 vs 1SGS AI,161,0,rule_v2,45,No
Rule-Based AI v2 vs 1SGS AI,162,,,800,Yes
Rule-Based AI v2 vs 1SGS AI,163,,,800,Yes
Rule-Based AI v2 vs 1SGS AI,164,0,rule_v2,29,No
Rule-Based AI v2 vs 1SGS AI,165,,,800,Yes
Rule-Based AI v2 vs 1SGS AI,166,0,rule_v2,33,No
Rule-Based AI v2 vs 1SGS AI,167,3,oneSGS,44,No
Rule-Based AI v2 vs 1SGS AI,168,1,oneSGS,46,No
Rule-Based AI v2 vs 1SGS AI,169,3,oneSGS,36,No
Rule-Based AI v2 vs 1SGS AI,170,,,800,Yes
Rule-Based AI v2 vs 1SGS AI,171,1,oneSGS,18,No
Rule-Based AI v2 vs 1SGS AI,172,0,rule_v2,33,No
Rule-Based AI v2 vs 1SGS AI,173,0,oneSGS,17,No
Rule-Based AI v2 vs 1SGS AI,174,,,800,Yes
Rule-Based AI v2 vs 1SGS AI,175,0,rule_v2,37,No
Rule-Based AI v2 vs 1SGS AI,176,,,800,Yes
Rule-Based AI v2 vs 1SGS AI,177,2,oneSGS,19,No
Rule-Based AI v2 vs 1SGS AI,178,1,rule_v2,30,No
Rule-Based AI v2 vs 1SGS AI,179,3,rule_v2,28,No
Rule-Based AI v2 vs 1SGS AI,180,2,rule_v2,15,No
Rule-Based AI v2 vs 1SGS AI,181,,,800,Yes
Rule-Based AI v2 vs 1SGS AI,182,1,rule_v2,46,No
Rule-Based AI v2 vs 1SGS AI,183,0,oneSGS,29,No
Rule-Based AI v2 vs 1SGS AI,184,2,rule_v2,11,No
Rule-Based AI v2 vs 1SGS AI,185,3,rule_v2,36,No
Rule-Based AI v2 vs 1SGS AI,186,3,rule_v2,44,No
Rule-Based AI v2 vs 1SGS AI,187,,,800,Yes
Rule-Based AI v2 vs 1SGS AI,188,,,800,Yes
Rule-Based AI v2 vs 1SGS AI,189,0,rule_v2,37,No
Rule-Based AI v2 vs 1SGS AI,190,,,800,Yes
Rule-Based AI v2 vs 1SGS AI,191,,,800,Yes
Rule-Based AI v2 vs 1SGS AI,192,,,800,Yes
Rule-Based AI v2 vs 1SGS AI,193,2,oneSGS,19,No
Rule-Based AI v2 vs 1SGS AI,194,3,rule_v2,36,No
Rule-Based AI v2 vs 1SGS AI,195,,,800,Yes
Rule-Based AI v2 vs 1SGS AI,196,0,rule_v2,37,No
Rule-Based AI v2 vs 1SGS AI,197,0,oneSGS,41,No
Rule-Based AI v2 vs 1SGS AI,198,,,800,Yes
Rule-Based AI v2 vs 1SGS AI,199,,,800,Yes
Rule-Based AI v2 vs 1SGS AI,200,1,rule_v2,10,No
Rule-Based AI v2 vs 1SGS AI,201,,,800,Yes
Rule-Based AI v2 vs 1SGS AI,202,2,rule_v2,31,No
Rule-Based AI v2 vs 1SGS AI,203,2,rule_v2,47,No
Rule-Based AI v2 vs 1SGS AI,204,2,oneSGS,35,No
Rule-Based AI v2 vs 1SGS AI,205,,,800,Yes
Rule-Based AI v2 vs 1SGS AI,206,2,rule_v2,15,No
Rule-Based AI v2 vs 1SGS AI,207,3,rule_v2,48,No
Rule-Based AI v2 vs 1SGS AI,208,,,800,Yes
Rule-Based AI v2 vs 1SGS AI,209,,,800,Yes
Rule-Based AI v2 vs 1SGS AI,210,,,800,Yes
Rule-Based AI v2 vs 1SGS AI,211,1,oneSGS,18,No
Rule-Based AI v2 vs 1SGS AI,212,2,oneSGS,15,No
Rule-Based AI v2 vs 1SGS AI,213,,,800,Yes
Rule-Based AI v2 vs 1SGS AI,214,0,rule_v2,13,No
Rule-Based AI v2 vs 1SGS AI,215,0,rule_v2,9,No
Rule-Based AI v2 vs 1SGS AI,216,0,rule_v2,41,No
Rule-Based AI v2 vs 1SGS AI,217,3,oneSGS,32,No
Rule-Based AI v2 vs 1SGS AI,218,3,oneSGS,24,No
Rule-Based AI v2 vs 1SGS AI,219,,,800,Yes
Rule-Based AI v2 vs 1SGS AI,220,,,800,Yes
Rule-Based AI v2 vs 1SGS AI,221,1,oneSGS,30,No
Rule-Based AI v2 vs 1SGS AI,222,,,800,Yes
Rule-Based AI v2 vs 1SGS AI,223,1,rule_v2,38,No
Rule-Based AI v2 vs 1SGS AI,224,,,800,Yes
Rule-Based AI v2 vs 1SGS AI,225,1,oneSGS,42,No
Rule-Based AI v2 vs 1SGS AI,226,0,rule_v2,33,No
Rule-Based AI v2 vs 1SGS AI,227,,,800,Yes
Rule-Based AI v2 vs 1SGS AI,228,2,oneSGS,31,No
Rule-Based AI v2 vs 1SGS AI,229,0,rule_v2,37,No
Rule-Based AI v2 vs 1SGS AI,230,,,800,Yes
Rule-Based AI v2 vs 1SGS AI,231,3,oneSGS,12,No
Rule-Based AI v2 vs 1SGS AI,232,,,800,Yes
Rule-Based AI v2 vs 1SGS AI,233,,,800,Yes
Rule-Based AI v2 vs 1SGS AI,234,0,rule_v2,21,No
Rule-Based AI v2 vs 1SGS AI,235,,,800,Yes
Rule-Based AI v2 vs 1SGS AI,236,3,rule_v2,16,No
Rule-Based AI v2 vs 1SGS AI,237,,,800,Yes
Rule-Based AI v2 vs 1SGS AI,238,0,rule_v2,29,No
Rule-Based AI v2 vs 1SGS AI,239,0,rule_v2,41,No
Rule-Based AI v2 vs 1SGS AI,240,3,rule_v2,48,No
Rule-Based AI v2 vs 1SGS AI,241,,,800,Yes
Rule-Based AI v2 vs 1SGS AI,242,,,800,Yes
Rule-Based AI v2 vs 1SGS AI,243,,,800,Yes
Rule-Based AI v2 vs 1SGS AI,244,2,oneSGS,27,No
Rule-Based AI v2 vs 1SGS AI,245,,,800,Yes
Rule-Based AI v2 vs 1SGS AI,246,,,800,Yes
Rule-Based AI v2 vs 1SGS AI,247,0,rule_v2,41,No
Rule-Based AI v2 vs 1SGS AI,248,,,800,Yes
Rule-Based AI v2 vs 1SGS AI,249,3,oneSGS,32,No
Rule-Based AI v2 vs 1SGS AI,250,1,rule_v2,26,No
Rule-Based AI v2 vs 1SGS AI,251,,,800,Yes
Rule-Based AI v2 vs 1SGS AI,252,3,oneSGS,16,No
Rule-Based AI v2 vs 1SGS AI,253,2,oneSGS,7,No
Rule-Based AI v2 vs 1SGS AI,254,2,rule_v2,39,No
Rule-Based AI v2 vs 1SGS AI,255,3,rule_v2,36,No
Rule-Based AI v2 vs 1SGS AI,256,2,oneSGS,27,No
Rule-Based AI v2 vs 1SGS AI,257,,,800,Yes
Rule-Based AI v2 vs 1SGS AI,258,,,800,Yes
Rule-Based AI v2 vs 1SGS AI,259,2,rule_v2,27,No
Rule-Based AI v2 vs 1SGS AI,260,2,rule_v2,15,No
Rule-Based AI v2 vs 1SGS AI,261,,,800,Yes
Rule-Based AI v2 vs 1SGS AI,262,1,oneSGS,10,No
Rule-Based AI v2 vs 1SGS AI,263,0,oneSGS,37,No
Rule-Based AI v2 vs 1SGS AI,264,1,oneSGS,34,No
Rule-Based AI v2 vs 1SGS AI,265,,,800,Yes
Rule-Based AI v2 vs 1SGS AI,266,1,rule_v2,34,No
Rule-Based AI v2 vs 1SGS AI,267,0,rule_v2,21,No
Rule-Based AI v2 vs 1SGS AI,268,0,rule_v2,33,No
Rule-Based AI v2 vs 1SGS AI,269,,,800,Yes
Rule-Based AI v2 vs 1SGS AI,270,3,rule_v2,36,No
Rule-Based AI v2 vs 1SGS AI,271,0,oneSGS,33,No
Rule-Based AI v2 vs 1SGS AI,272,,,800,Yes
Rule-Based AI v2 vs 1SGS AI,273,2,oneSGS,19,No
Rule-Based AI v2 vs 1SGS AI,274,0,oneSGS,45,No
Rule-Based AI v2 vs 1SGS AI,275,0,oneSGS,25,No
Rule-Based AI v2 vs 1SGS AI,276,,,800,Yes
Rule-Based AI v2 vs 1SGS AI,277,,,800,Yes
Rule-Based AI v2 vs 1SGS AI,278,1,oneSGS,42,No
Rule-Based AI v2 vs 1SGS AI,279,3,rule_v2,24,No
Rule-Based AI v2 vs 1SGS AI,280,,,800,Yes
Rule-Based AI v2 vs 1SGS AI,281,2,rule_v2,47,No
Rule-Based AI v2 vs 1SGS AI,282,,,800,Yes
Rule-Based AI v2 vs 1SGS AI,283,2,rule_v2,31,No
Rule-Based AI v2 vs 1SGS AI,284,2,rule_v2,19,No
Rule-Based AI v2 vs 1SGS AI,285,,,800,Yes
Rule-Based AI v2 vs 1SGS AI,286,1,oneSGS,38,No
Rule-Based AI v2 vs 1SGS AI,287,1,rule_v2,30,No
Rule-Based AI v2 vs 1SGS AI,288,0,oneSGS,21,No
Rule-Based AI v2 vs 1SGS AI,289,1,rule_v2,14,No
Rule-Based AI v2 vs 1SGS AI,290,3,oneSGS,24,No
Rule-Based AI v2 vs 1SGS AI,291,3,oneSGS,36,No
Rule-Based AI v2 vs 1SGS AI,292,2,rule_v2,43,No
Rule-Based AI v2 vs 1SGS AI,293,1,oneSGS,14,No
Rule-Based AI v2 vs 1SGS AI,294,2,rule_v2,31,No
Rule-Based AI v2 vs 1SGS AI,295,2,rule_v2,43,No
Rule-Based AI v2 vs 1SGS AI,296,0,rule_v2,21,No
Rule-Based AI v2 vs 1SGS AI,297,,,800,Yes
Rule-Based AI v2 vs 1SGS AI,298,,,800,Yes
Rule-Based AI v2 vs 1SGS AI,299,,,800,Yes
Rule-Based AI v2 vs 1SGS AI,300,3,oneSGS,28,No
Rule-Based AI v2 vs 1SGS AI,301,2,oneSGS,35,No
Rule-Based AI v2 vs 1SGS AI,302,1,rule_v2,26,No
Rule-Based AI v2 vs 1SGS AI,303,2,oneSGS,31,No
Rule-Based AI v2 vs 1SGS AI,304,1,rule_v2,42,No
Rule-Based AI v2 vs 1SGS AI,305,0,oneSGS,45,No
Rule-Based AI v2 vs 1SGS AI,306,,,800,Yes
Rule-Based AI v2 vs 1SGS AI,307,,,800,Yes
Rule-Based AI v2 vs 1SGS AI,308,,,800,Yes
Rule-Based AI v2 vs 1SGS AI,309,0,oneSGS,25,No
Rule-Based AI v2 vs 1SGS AI,310,0,oneSGS,17,No
Rule-Based AI v2 vs 1SGS AI,311,,,800,Yes
Rule-Based AI v2 vs 1SGS AI,312,2,oneSGS,23,No
Rule-Based AI v2 vs 1SGS AI,313,2,rule_v2,31,No
Rule-Based AI v2 vs 1SGS AI,314,,,800,Yes
Rule-Based AI v2 vs 1SGS AI,315,0,oneSGS,25,No
Rule-Based AI v2 vs 1SGS AI,316,2,oneSGS,23,No
Rule-Based AI v2 vs 1SGS AI,317,1,rule_v2,30,No
Rule-Based AI v2 vs 1SGS AI,318,0,rule_v2,9,No
Rule-Based AI v2 vs 1SGS AI,319,,,800,Yes
Rule-Based AI v2 vs 1SGS AI,320,1,rule_v2,38,No
Rule-Based AI v2 vs 1SGS AI,321,3,rule_v2,32,No
Rule-Based AI v2 vs 1SGS AI,322,3,oneSGS,24,No
Rule-Based AI v2 vs 1SGS AI,323,,,800,Yes
Rule-Based AI v2 vs 1SGS AI,324,,,800,Yes
Rule-Based AI v2 vs 1SGS AI,325,,,800,Yes
Rule-Based AI v2 vs 1SGS AI,326,2,oneSGS,23,No
Rule-Based AI v2 vs 1SGS AI,327,,,800,Yes
Rule-Based AI v2 vs 1SGS AI,328,1,oneSGS,38,No
Rule-Based AI v2 vs 1SGS AI,329,,,800,Yes
Rule-Based AI v2 vs 1SGS AI,330,3,oneSGS,28,No
Rule-Based AI v2 vs 1SGS AI,331,1,oneSGS,42,No
Rule-Based AI v2 vs 1SGS AI,332,1,rule_v2,34,No
Rule-Based AI v2 vs 1SGS AI,333,,,800,Yes
Rule-Based AI v2 vs 1SGS AI,334,2,oneSGS,27,No
Rule-Based AI v2 vs 1SGS AI,335,2,oneSGS,35,No
Rule-Based AI v2 vs 1SGS AI,336,,,800,Yes
Rule-Based AI v2 vs 1SGS AI,337,0,rule_v2,33,No
Rule-Based AI v2 vs 1SGS AI,338,3,oneSGS,32,No
Rule-Based AI v2 vs 1SGS AI,339,,,800,Yes
Rule-Based AI v2 vs 1SGS AI,340,0,oneSGS,45,No
Rule-Based AI v2 vs 1SGS AI,341,3,oneSGS,16,No
Rule-Based AI v2 vs 1SGS AI,342,,,800,Yes
Rule-Based AI v2 vs 1SGS AI,343,0,rule_v2,25,No
Rule-Based AI v2 vs 1SGS AI,344,0,rule_v2,33,No
Rule-Based AI v2 vs 1SGS AI,345,0,rule_v2,37,No
Rule-Based AI v2 vs 1SGS AI,346,3,rule_v2,28,No
Rule-Based AI v2 vs 1SGS AI,347,3,rule_v2,48,No
Rule-Based AI v2 vs 1SGS AI,348,2,rule_v2,35,No
Rule-Based AI v2 vs 1SGS AI,349,,,800,Yes
Rule-Based AI v2 vs 1SGS AI,350,,,800,Yes
Rule-Based AI v2 vs 1SGS AI,351,,,800,Yes
Rule-Based AI v2 vs 1SGS AI,352,,,800,Yes
Rule-Based AI v2 vs 1SGS AI,353,2,rule_v2,27,No
Rule-Based AI v2 vs 1SGS AI,354,,,800,Yes
Rule-Based AI v2 vs 1SGS AI,355,3,rule_v2,40,No
Rule-Based AI v2 vs 1SGS AI,356,0,rule_v2,17,No
Rule-Based AI v2 vs 1SGS AI,357,,,800,Yes
Rule-Based AI v2 vs 1SGS AI,358,,,800,Yes
Rule-Based AI v2 vs 1SGS AI,359,1,oneSGS,42,No
Rule-Based AI v2 vs 1SGS AI,360,,,800,Yes
Rule-Based AI v2 vs 1SGS AI,361,3,rule_v2,44,No
Rule-Based AI v2 vs 1SGS AI,362,,,800,Yes
Rule-Based AI v2 vs 1SGS AI,363,,,800,Yes
Rule-Based AI v2 vs 1SGS AI,364,,,800,Yes
Rule-Based AI v2 vs 1SGS AI,365,,,800,Yes
Rule-Based AI v2 vs 1SGS AI,366,2,oneSGS,39,No
Rule-Based AI v2 vs 1SGS AI,367,,,800,Yes
Rule-Based AI v2 vs 1SGS AI,368,,,800,Yes
Rule-Based AI v2 vs 1SGS AI,369,,,800,Yes
Rule-Based AI v2 vs 1SGS AI,370,0,rule_v2,9,No
Rule-Based AI v2 vs 1SGS AI,371,,,800,Yes
Rule-Based AI v2 vs 1SGS AI,372,2,rule_v2,47,No
Rule-Based AI v2 vs 1SGS AI,373,,,800,Yes
Rule-Based AI v2 vs 1SGS AI,374,,,800,Yes
Rule-Based AI v2 vs 1SGS AI,375,3,rule_v2,16,No
Rule-Based AI v2 vs 1SGS AI,376,0,oneSGS,25,No
Rule-Based AI v2 vs 1SGS AI,377,,,800,Yes
Rule-Based AI v2 vs 1SGS AI,378,2,rule_v2,23,No
Rule-Based AI v2 vs 1SGS AI,379,1,oneSGS,30,No
Rule-Based AI v2 vs 1SGS AI,380,2,rule_v2,31,No
Rule-Based AI v2 vs 1SGS AI,381,0,rule_v2,37,No
Rule-Based AI v2 vs 1SGS AI,382,3,rule_v2,48,No
Rule-Based AI v2 vs 1SGS AI,383,1,oneSGS,34,No
Rule-Based AI v2 vs 1SGS AI,384,,,800,Yes
Rule-Based AI v2 vs 1SGS AI,385,3,rule_v2,32,No
Rule-Based AI v2 vs 1SGS AI,386,0,oneSGS,25,No
Rule-Based AI v2 vs 1SGS AI,387,,,800,Yes
Rule-Based AI v2 vs 1SGS AI,388,,,800,Yes
Rule-Based AI v2 vs 1SGS AI,389,2,oneSGS,23,No
Rule-Based AI v2 vs 1SGS AI,390,3,oneSGS,36,No
Rule-Based AI v2 vs 1SGS AI,391,,,800,Yes
Rule-Based AI v2 vs 1SGS AI,392,0,oneSGS,33,No
Rule-Based AI v2 vs 1SGS AI,393,2,rule_v2,31,No
Rule-Based AI v2 vs 1SGS AI,394,0,rule_v2,29,No
Rule-Based AI v2 vs 1SGS AI,395,1,oneSGS,18,No
Rule-Based AI v2 vs 1SGS AI,396,2,rule_v2,43,No
Rule-Based AI v2 vs 1SGS AI,397,3,rule_v2,40,No
Rule-Based AI v2 vs 1SGS AI,398,2,rule_v2,47,No
Rule-Based AI v2 vs 1SGS AI,399,0,rule_v2,17,No
Rule-Based AI v2 vs 1SGS AI,400,1,oneSGS,46,No
Rule-Based AI v2 vs 1SGS AI,401,1,rule_v2,6,No
Rule-Based AI v2 vs 1SGS AI,402,3,rule_v2,16,No
Rule-Based AI v2 vs 1SGS AI,403,2,rule_v2,35,No
Rule-Based AI v2 vs 1SGS AI,404,0,oneSGS,9,No
Rule-Based AI v2 vs 1SGS AI,405,3,rule_v2,32,No
Rule-Based AI v2 vs 1SGS AI,406,0,rule_v2,41,No
Rule-Based AI v2 vs 1SGS AI,407,3,rule_v2,16,No
Rule-Based AI v2 vs 1SGS AI,408,,,800,Yes
Rule-Based AI v2 vs 1SGS AI,409,0,rule_v2,21,No
Rule-Based AI v2 vs 1SGS AI,410,2,rule_v2,15,No
Rule-Based AI v2 vs 1SGS AI,411,,,800,Yes
Rule-Based AI v2 vs 1SGS AI,412,3,rule_v2,24,No
Rule-Based AI v2 vs 1SGS AI,413,1,oneSGS,46,No
Rule-Based AI v2 vs 1SGS AI,414,,,800,Yes
Rule-Based AI v2 vs 1SGS AI,415,0,rule_v2,41,No
Rule-Based AI v2 vs 1SGS AI,416,0,rule_v2,25,No
Rule-Based AI v2 vs 1SGS AI,417,3,oneSGS,16,No
Rule-Based AI v2 vs 1SGS AI,418,3,oneSGS,36,No
Rule-Based AI v2 vs 1SGS AI,419,,,800,Yes
Rule-Based AI v2 vs 1SGS AI,420,3,rule_v2,16,No
Rule-Based AI v2 vs 1SGS AI,421,1,oneSGS,46,No
Rule-Based AI v2 vs 1SGS AI,422,2,oneSGS,39,No
Rule-Based AI v2 vs 1SGS AI,423,,,800,Yes
Rule-Based AI v2 vs 1SGS AI,424,3,rule_v2,32,No
Rule-Based AI v2 vs 1SGS AI,425,3,rule_v2,12,No
Rule-Based AI v2 vs 1SGS AI,426,,,800,Yes
Rule-Based AI v2 vs 1SGS AI,427,0,oneSGS,29,No
Rule-Based AI v2 vs 1SGS AI,428,,,800,Yes
Rule-Based AI v2 vs 1SGS AI,429,0,rule_v2,25,No
Rule-Based AI v2 vs 1SGS AI,430,2,oneSGS,15,No
Rule-Based AI v2 vs 1SGS AI,431,0,oneSGS,29,No
Rule-Based AI v2 vs 1SGS AI,432,3,rule_v2,16,No
Rule-Based AI v2 vs 1SGS AI,433,1,rule_v2,34,No
Rule-Based AI v2 vs 1SGS AI,434,,,800,Yes
Rule-Based AI v2 vs 1SGS AI,435,0,oneSGS,21,No
Rule-Based AI v2 vs 1SGS AI,436,2,rule_v2,27,No
Rule-Based AI v2 vs 1SGS AI,437,,,800,Yes
Rule-Based AI v2 vs 1SGS AI,438,,,800,Yes
Rule-Based AI v2 vs 1SGS AI,439,,,800,Yes
Rule-Based AI v2 vs 1SGS AI,440,2,oneSGS,43,No
Rule-Based AI v2 vs 1SGS AI,441,2,rule_v2,15,No
Rule-Based AI v2 vs 1SGS AI,442,2,rule_v2,31,No
Rule-Based AI v2 vs 1SGS AI,443,2,oneSGS,39,No
Rule-Based AI v2 vs 1SGS AI,444,,,800,Yes
Rule-Based AI v2 vs 1SGS AI,445,3,oneSGS,36,No
Rule-Based AI v2 vs 1SGS AI,446,,,800,Yes
Rule-Based AI v2 vs 1SGS AI,447,2,rule_v2,23,No
Rule-Based AI v2 vs 1SGS AI,448,3,rule_v2,36,No
Rule-Based AI v2 vs 1SGS AI,449,,,800,Yes
Rule-Based AI v2 vs 1SGS AI,450,3,rule_v2,44,No
Rule-Based AI v2 vs 1SGS AI,451,2,rule_v2,23,No
Rule-Based AI v2 vs 1SGS AI,452,0,oneSGS,41,No
Rule-Based AI v2 vs 1SGS AI,453,0,oneSGS,45,No
Rule-Based AI v2 vs 1SGS AI,454,2,rule_v2,23,No
Rule-Based AI v2 vs 1SGS AI,455,3,rule_v2,16,No
Rule-Based AI v2 vs 1SGS AI,456,2,rule_v2,39,No
Rule-Based AI v2 vs 1SGS AI,457,,,800,Yes
Rule-Based AI v2 vs 1SGS AI,458,2,rule_v2,39,No
Rule-Based AI v2 vs 1SGS AI,459,,,800,Yes
Rule-Based AI v2 vs 1SGS AI,460,3,rule_v2,36,No
Rule-Based AI v2 vs 1SGS AI,461,,,800,Yes
Rule-Based AI v2 vs 1SGS AI,462,,,800,Yes
Rule-Based AI v2 vs 1SGS AI,463,0,rule_v2,29,No
Rule-Based AI v2 vs 1SGS AI,464,,,800,Yes
Rule-Based AI v2 vs 1SGS AI,465,3,oneSGS,48,No
Rule-Based AI v2 vs 1SGS AI,466,3,oneSGS,16,No
Rule-Based AI v2 vs 1SGS AI,467,3,rule_v2,40,No
Rule-Based AI v2 vs 1SGS AI,468,,,800,Yes
Rule-Based AI v2 vs 1SGS AI,469,3,rule_v2,20,No
Rule-Based AI v2 vs 1SGS AI,470,,,800,Yes
Rule-Based AI v2 vs 1SGS AI,471,,,800,Yes
Rule-Based AI v2 vs 1SGS AI,472,1,rule_v2,34,No
Rule-Based AI v2 vs 1SGS AI,473,,,800,Yes
Rule-Based AI v2 vs 1SGS AI,474,3,rule_v2,32,No
Rule-Based AI v2 vs 1SGS AI,475,1,oneSGS,46,No
Rule-Based AI v2 vs 1SGS AI,476,0,rule_v2,29,No
Rule-Based AI v2 vs 1SGS AI,477,2,oneSGS,35,No
Rule-Based AI v2 vs 1SGS AI,478,,,800,Yes
Rule-Based AI v2 vs 1SGS AI,479,,,800,Yes
Rule-Based AI v2 vs 1SGS AI,480,,,800,Yes
Rule-Based AI v2 vs 1SGS AI,481,2,oneSGS,27,No
Rule-Based AI v2 vs 1SGS AI,482,3,oneSGS,16,No
Rule-Based AI v2 vs 1SGS AI,483,2,oneSGS,15,No
Rule-Based AI v2 vs 1SGS AI,484,,,800,Yes
Rule-Based AI v2 vs 1SGS AI,485,0,oneSGS,21,No
Rule-Based AI v2 vs 1SGS AI,486,3,rule_v2,20,No
Rule-Based AI v2 vs 1SGS AI,487,2,oneSGS,23,No
Rule-Based AI v2 vs 1SGS AI,488,,,800,Yes
Rule-Based AI v2 vs 1SGS AI,489,3,oneSGS,40,No
Rule-Based AI v2 vs 1SGS AI,490,3,oneSGS,16,No
Rule-Based AI v2 vs 1SGS AI,491,3,rule_v2,36,No
Rule-Based AI v2 vs 1SGS AI,492,2,oneSGS,47,No
Rule-Based AI v2 vs 1SGS AI,493,,,800,Yes
Rule-Based AI v2 vs 1SGS AI,494,3,rule_v2,28,No
Rule-Based AI v2 vs 1SGS AI,495,2,rule_v2,43,No
Rule-Based AI v2 vs 1SGS AI,496,1,oneSGS,22,No
Rule-Based AI v2 vs 1SGS AI,497,,,800,Yes
Rule-Based AI v2 vs 1SGS AI,498,3,oneSGS,32,No
Rule-Based AI v2 vs 1SGS AI,499,1,rule_v2,26,No
Rule-Based AI v2 vs 1SGS AI,500,,,800,Yes
Rule-Based AI v2 vs 1SGS AI,501,2,oneSGS,31,No
Rule-Based AI v2 vs 1SGS AI,502,0,oneSGS,41,No
Rule-Based AI v2 vs 1SGS AI,503,,,800,Yes
Rule-Based AI v2 vs 1SGS AI,504,,,800,Yes
Rule-Based AI v2 vs 1SGS AI,505,3,rule_v2,32,No
Rule-Based AI v2 vs 1SGS AI,506,1,rule_v2,14,No
Rule-Based AI v2 vs 1SGS AI,507,1,rule_v2,2,No
Rule-Based AI v2 vs 1SGS AI,508,,,800,Yes
Rule-Based AI v2 vs 1SGS AI,509,3,rule_v2,32,No
Rule-Based AI v2 vs 1SGS AI,510,,,800,Yes
Rule-Based AI v2 vs 1SGS AI,511,,,800,Yes
Rule-Based AI v2 vs 1SGS AI,512,,,800,Yes
Rule-Based AI v2 vs 1SGS AI,513,3,rule_v2,36,No
Rule-Based AI v2 vs 1SGS AI,514,,,800,Yes
Rule-Based AI v2 vs 1SGS AI,515,,,800,Yes
Rule-Based AI v2 vs 1SGS AI,516,,,800,Yes
Rule-Based AI v2 vs 1SGS AI,517,0,rule_v2,13,No
Rule-Based AI v2 vs 1SGS AI,518,1,rule_v2,34,No
Rule-Based AI v2 vs 1SGS AI,519,2,oneSGS,27,No
Rule-Based AI v2 vs 1SGS AI,520,0,rule_v2,41,No
Rule-Based AI v2 vs 1SGS AI,521,1,oneSGS,38,No
Rule-Based AI v2 vs 1SGS AI,522,,,800,Yes
Rule-Based AI v2 vs 1SGS AI,523,2,rule_v2,47,No
Rule-Based AI v2 vs 1SGS AI,524,,,800,Yes
Rule-Based AI v2 vs 1SGS AI,525,0,oneSGS,21,No
Rule-Based AI v2 vs 1SGS AI,526,1,oneSGS,46,No
Rule-Based AI v2 vs 1SGS AI,527,3,oneSGS,32,No
Rule-Based AI v2 vs 1SGS AI,528,0,oneSGS,45,No
Rule-Based AI v2 vs 1SGS AI,529,3,rule_v2,32,No
Rule-Based AI v2 vs 1SGS AI,530,3,rule_v2,12,No
Rule-Based AI v2 vs 1SGS AI,531,2,oneSGS,31,No
Rule-Based AI v2 vs 1SGS AI,532,,,800,Yes
Rule-Based AI v2 vs 1SGS AI,533,3,oneSGS,44,No
Rule-Based AI v2 vs 1SGS AI,534,2,oneSGS,39,No
Rule-Based AI v2 vs 1SGS AI,535,0,oneSGS,25,No
Rule-Based AI v2 vs 1SGS AI,536,1,rule_v2,30,No
Rule-Based AI v2 vs 1SGS AI,537,3,rule_v2,44,No
Rule-Based AI v2 vs 1SGS AI,538,3,rule_v2,28,No
Rule-Based AI v2 vs 1SGS AI,539,3,rule_v2,36,No
Rule-Based AI v2 vs 1SGS AI,540,,,800,Yes
Rule-Based AI v2 vs 1SGS AI,541,1,oneSGS,46,No
Rule-Based AI v2 vs 1SGS AI,542,1,rule_v2,42,No
Rule-Based AI v2 vs 1SGS AI,543,,,800,Yes
Rule-Based AI v2 vs 1SGS AI,544,,,800,Yes
Rule-Based AI v2 vs 1SGS AI,545,,,800,Yes
Rule-Based AI v2 vs 1SGS AI,546,,,800,Yes
Rule-Based AI v2 vs 1SGS AI,547,1,rule_v2,46,No
Rule-Based AI v2 vs 1SGS AI,548,3,oneSGS,28,No
Rule-Based AI v2 vs 1SGS AI,549,1,oneSGS,34,No
Rule-Based AI v2 vs 1SGS AI,550,,,800,Yes
Rule-Based AI v2 vs 1SGS AI,551,,,800,Yes
Rule-Based AI v2 vs 1SGS AI,552,0,rule_v2,13,No
Rule-Based AI v2 vs 1SGS AI,553,,,800,Yes
Rule-Based AI v2 vs 1SGS AI,554,1,rule_v2,6,No
Rule-Based AI v2 vs 1SGS AI,555,1,oneSGS,34,No
Rule-Based AI v2 vs 1SGS AI,556,3,rule_v2,28,No
Rule-Based AI v2 vs 1SGS AI,557,1,oneSGS,14,No
Rule-Based AI v2 vs 1SGS AI,558,1,oneSGS,14,No
Rule-Based AI v2 vs 1SGS AI,559,0,oneSGS,5,No
Rule-Based AI v2 vs 1SGS AI,560,1,rule_v2,22,No
Rule-Based AI v2 vs 1SGS AI,561,3,oneSGS,40,No
Rule-Based AI v2 vs 1SGS AI,562,0,rule_v2,29,No
Rule-Based AI v2 vs 1SGS AI,563,,,800,Yes
Rule-Based AI v2 vs 1SGS AI,564,3,oneSGS,44,No
Rule-Based AI v2 vs 1SGS AI,565,0,oneSGS,33,No
Rule-Based AI v2 vs 1SGS AI,566,1,oneSGS,38,No
Rule-Based AI v2 vs 1SGS AI,567,3,oneSGS,24,No
Rule-Based AI v2 vs 1SGS AI,568,3,oneSGS,48,No
Rule-Based AI v2 vs 1SGS AI,569,,,800,Yes
Rule-Based AI v2 vs 1SGS AI,570,,,800,Yes
Rule-Based AI v2 vs 1SGS AI,571,1,rule_v2,34,No
Rule-Based AI v2 vs 1SGS AI,572,1,rule_v2,22,No
Rule-Based AI v2 vs 1SGS AI,573,2,rule_v2,31,No
Rule-Based AI v2 vs 1SGS AI,574,0,oneSGS,25,No
Rule-Based AI v2 vs 1SGS AI,575,1,oneSGS,10,No
Rule-Based AI v2 vs 1SGS AI,576,3,rule_v2,36,No
Rule-Based AI v2 vs 1SGS AI,577,2,rule_v2,15,No
Rule-Based AI v2 vs 1SGS AI,578,3,oneSGS,32,No
Rule-Based AI v2 vs 1SGS AI,579,0,oneSGS,33,No
Rule-Based AI v2 vs 1SGS AI,580,0,rule_v2,33,No
Rule-Based AI v2 vs 1SGS AI,581,1,rule_v2,18,No
Rule-Based AI v2 vs 1SGS AI,582,,,800,Yes
Rule-Based AI v2 vs 1SGS AI,583,2,rule_v2,23,No
Rule-Based AI v2 vs 1SGS AI,584,2,rule_v2,39,No
Rule-Based AI v2 vs 1SGS AI,585,0,rule_v2,41,No
Rule-Based AI v2 vs 1SGS AI,586,,,800,Yes
Rule-Based AI v2 vs 1SGS AI,587,,,800,Yes
Rule-Based AI v2 vs 1SGS AI,588,,,800,Yes
Rule-Based AI v2 vs 1SGS AI,589,2,rule_v2,35,No
Rule-Based AI v2 vs 1SGS AI,590,2,rule_v2,47,No
Rule-Based AI v2 vs 1SGS AI,591,3,oneSGS,28,No
Rule-Based AI v2 vs 1SGS AI,592,1,oneSGS,14,No
Rule-Based AI v2 vs 1SGS AI,593,1,oneSGS,10,No
Rule-Based AI v2 vs 1SGS AI,594,,,800,Yes
Rule-Based AI v2 vs 1SGS AI,595,2,oneSGS,23,No
Rule-Based AI v2 vs 1SGS AI,596,3,rule_v2,44,No
Rule-Based AI v2 vs 1SGS AI,597,,,800,Yes
Rule-Based AI v2 vs 1SGS AI,598,1,oneSGS,30,No
Rule-Based AI v2 vs 1SGS AI,599,2,rule_v2,23,No
Rule-Based AI v2 vs 1SGS AI,600,2,oneSGS,19,No
Rule-Based AI v2 vs 1SGS AI,601,2,rule_v2,27,No
Rule-Based AI v2 vs 1SGS AI,602,,,800,Yes
Rule-Based AI v2 vs 1SGS AI,603,2,rule_v2,23,No
Rule-Based AI v2 vs 1SGS AI,604,2,rule_v2,27,No
Rule-Based AI v2 vs 1SGS AI,605,3,oneSGS,44,No
Rule-Based AI v2 vs 1SGS AI,606,1,oneSGS,42,No
Rule-Based AI v2 vs 1SGS AI,607,,,800,Yes
Rule-Based AI v2 vs 1SGS AI,608,3,oneSGS,32,No
Rule-Based AI v2 vs 1SGS AI,609,,,800,Yes
Rule-Based AI v2 vs 1SGS AI,610,3,oneSGS,20,No
Rule-Based AI v2 vs 1SGS AI,611,2,oneSGS,3,No
Rule-Based AI v2 vs 1SGS AI,612,,,800,Yes
Rule-Based AI v2 vs 1SGS AI,613,3,rule_v2,36,No
Rule-Based AI v2 vs 1SGS AI,614,2,rule_v2,19,No
Rule-Based AI v2 vs 1SGS AI,615,2,oneSGS,31,No
Rule-Based AI v2 vs 1SGS AI,616,,,800,Yes
Rule-Based AI v2 vs 1SGS AI,617,3,rule_v2,32,No
Rule-Based AI v2 vs 1SGS AI,618,,,800,Yes
Rule-Based AI v2 vs 1SGS AI,619,3,rule_v2,48,No
Rule-Based AI v2 vs 1SGS AI,620,,,800,Yes
Rule-Based AI v2 vs 1SGS AI,621,1,oneSGS,42,No
Rule-Based AI v2 vs 1SGS AI,622,1,oneSGS,42,No
Rule-Based AI v2 vs 1SGS AI,623,3,rule_v2,28,No
Rule-Based AI v2 vs 1SGS AI,624,0,rule_v2,13,No
Rule-Based AI v2 vs 1SGS AI,625,,,800,Yes
Rule-Based AI v2 vs 1SGS AI,626,3,rule_v2,28,No
Rule-Based AI v2 vs 1SGS AI,627,,,800,Yes
Rule-Based AI v2 vs 1SGS AI,628,2,oneSGS,15,No
Rule-Based AI v2 vs 1SGS AI,629,1,oneSGS,38,No
Rule-Based AI v2 vs 1SGS AI,630,2,rule_v2,27,No
Rule-Based AI v2 vs 1SGS AI,631,2,rule_v2,31,No
Rule-Based AI v2 vs 1SGS AI,632,,,800,Yes
Rule-Based AI v2 vs 1SGS AI,633,,,800,Yes
Rule-Based AI v2 vs 1SGS AI,634,3,rule_v2,40,No
Rule-Based AI v2 vs 1SGS AI,635,,,800,Yes
Rule-Based AI v2 vs 1SGS AI,636,,,800,Yes
Rule-Based AI v2 vs 1SGS AI,637,,,800,Yes
Rule-Based AI v2 vs 1SGS AI,638,2,rule_v2,23,No
Rule-Based AI v2 vs 1SGS AI,639,,,800,Yes
Rule-Based AI v2 vs 1SGS AI,640,3,rule_v2,24,No
Rule-Based AI v2 vs 1SGS AI,641,3,oneSGS,40,No
Rule-Based AI v2 vs 1SGS AI,642,2,rule_v2,31,No
Rule-Based AI v2 vs 1SGS AI,643,0,rule_v2,37,No
Rule-Based AI v2 vs 1SGS AI,644,2,oneSGS,35,No
Rule-Based AI v2 vs 1SGS AI,645,0,rule_v2,37,No
Rule-Based AI v2 vs 1SGS AI,646,,,800,Yes
Rule-Based AI v2 vs 1SGS AI,647,,,800,Yes
Rule-Based AI v2 vs 1SGS AI,648,,,800,Yes
Rule-Based AI v2 vs 1SGS AI,649,,,800,Yes
Rule-Based AI v2 vs 1SGS AI,650,0,rule_v2,25,No
Rule-Based AI v2 vs 1SGS AI,651,,,800,Yes
Rule-Based AI v2 vs 1SGS AI,652,1,rule_v2,30,No
Rule-Based AI v2 vs 1SGS AI,653,,,800,Yes
Rule-Based AI v2 vs 1SGS AI,654,2,rule_v2,7,No
Rule-Based AI v2 vs 1SGS AI,655,0,rule_v2,17,No
Rule-Based AI v2 vs 1SGS AI,656,0,oneSGS,21,No
Rule-Based AI v2 vs 1SGS AI,657,0,oneSGS,17,No
Rule-Based AI v2 vs 1SGS AI,658,1,oneSGS,26,No
Rule-Based AI v2 vs 1SGS AI,659,3,oneSGS,20,No
Rule-Based AI v2 vs 1SGS AI,660,,,800,Yes
Rule-Based AI v2 vs 1SGS AI,661,3,rule_v2,40,No
Rule-Based AI v2 vs 1SGS AI,662,,,800,Yes
Rule-Based AI v2 vs 1SGS AI,663,,,800,Yes
Rule-Based AI v2 vs 1SGS AI,664,2,rule_v2,15,No
Rule-Based AI v2 vs 1SGS AI,665,,,800,Yes
Rule-Based AI v2 vs 1SGS AI,666,1,oneSGS,26,No
Rule-Based AI v2 vs 1SGS AI,667,,,800,Yes
Rule-Based AI v2 vs 1SGS AI,668,,,800,Yes
Rule-Based AI v2 vs 1SGS AI,669,0,rule_v2,37,No
Rule-Based AI v2 vs 1SGS AI,670,1,rule_v2,22,No
Rule-Based AI v2 vs 1SGS AI,671,1,rule_v2,22,No
Rule-Based AI v2 vs 1SGS AI,672,3,oneSGS,36,No
Rule-Based AI v2 vs 1SGS AI,673,,,800,Yes
Rule-Based AI v2 vs 1SGS AI,674,3,rule_v2,44,No
Rule-Based AI v2 vs 1SGS AI,675,3,rule_v2,20,No
Rule-Based AI v2 vs 1SGS AI,676,1,oneSGS,6,No
Rule-Based AI v2 vs 1SGS AI,677,0,oneSGS,45,No
Rule-Based AI v2 vs 1SGS AI,678,2,rule_v2,31,No
Rule-Based AI v2 vs 1SGS AI,679,,,800,Yes
Rule-Based AI v2 vs 1SGS AI,680,3,oneSGS,12,No
Rule-Based AI v2 vs 1SGS AI,681,,,800,Yes
Rule-Based AI v2 vs 1SGS AI,682,2,oneSGS,31,No
Rule-Based AI v2 vs 1SGS AI,683,0,oneSGS,45,No
Rule-Based AI v2 vs 1SGS AI,684,1,oneSGS,42,No
Rule-Based AI v2 vs 1SGS AI,685,,,800,Yes
Rule-Based AI v2 vs 1SGS AI,686,3,oneSGS,48,No
Rule-Based AI v2 vs 1SGS AI,687,,,800,Yes
Rule-Based AI v2 vs 1SGS AI,688,1,rule_v2,46,No
Rule-Based AI v2 vs 1SGS AI,689,3,oneSGS,32,No
Rule-Based AI v2 vs 1SGS AI,690,2,rule_v2,19,No
Rule-Based AI v2 vs 1SGS AI,691,1,rule_v2,18,No
Rule-Based AI v2 vs 1SGS AI,692,,,800,Yes
Rule-Based AI v2 vs 1SGS AI,693,,,800,Yes
Rule-Based AI v2 vs 1SGS AI,694,0,rule_v2,41,No
Rule-Based AI v2 vs 1SGS AI,695,0,oneSGS,21,No
Rule-Based AI v2 vs 1SGS AI,696,2,rule_v2,43,No
Rule-Based AI v2 vs 1SGS AI,697,,,800,Yes
Rule-Based AI v2 vs 1SGS AI,698,3,rule_v2,28,No
Rule-Based AI v2 vs 1SGS AI,699,3,rule_v2,16,No
Rule-Based AI v2 vs 1SGS AI,700,1,rule_v2,34,No
Rule-Based AI v2 vs 1SGS AI,701,,,800,Yes
Rule-Based AI v2 vs 1SGS AI,702,1,rule_v2,42,No
Rule-Based AI v2 vs 1SGS AI,703,0,rule_v2,41,No
Rule-Based AI v2 vs 1SGS AI,704,,,800,Yes
Rule-Based AI v2 vs 1SGS AI,705,0,rule_v2,25,No
Rule-Based AI v2 vs 1SGS AI,706,1,oneSGS,18,No
Rule-Based AI v2 vs 1SGS AI,707,,,800,Yes
Rule-Based AI v2 vs 1SGS AI,708,3,rule_v2,20,No
Rule-Based AI v2 vs 1SGS AI,709,3,oneSGS,36,No
Rule-Based AI v2 vs 1SGS AI,710,,,800,Yes
Rule-Based AI v2 vs 1SGS AI,711,,,800,Yes
Rule-Based AI v2 vs 1SGS AI,712,,,800,Yes
Rule-Based AI v2 vs 1SGS AI,713,,,800,Yes
Rule-Based AI v2 vs 1SGS AI,714,0,rule_v2,45,No
Rule-Based AI v2 vs 1SGS AI,715,2,oneSGS,31,No
Rule-Based AI v2 vs 1SGS AI,716,1,oneSGS,38,No
Rule-Based AI v2 vs 1SGS AI,717,1,oneSGS,30,No
Rule-Based AI v2 vs 1SGS AI,718,2,oneSGS,39,No
Rule-Based AI v2 vs 1SGS AI,719,,,800,Yes
Rule-Based AI v2 vs 1SGS AI,720,0,oneSGS,29,No
Rule-Based AI v2 vs 1SGS AI,721,1,oneSGS,30,No
Rule-Based AI v2 vs 1SGS AI,722,0,oneSGS,33,No
Rule-Based AI v2 vs 1SGS AI,723,1,rule_v2,14,No
Rule-Based AI v2 vs 1SGS AI,724,,,800,Yes
Rule-Based AI v2 vs 1SGS AI,725,0,rule_v2,29,No
Rule-Based AI v2 vs 1SGS AI,726,0,rule_v2,21,No
Rule-Based AI v2 vs 1SGS AI,727,3,rule_v2,28,No
Rule-Based AI v2 vs 1SGS AI,728,0,rule_v2,41,No
Rule-Based AI v2 vs 1SGS AI,729,3,oneSGS,32,No
Rule-Based AI v2 vs 1SGS AI,730,0,oneSGS,29,No
Rule-Based AI v2 vs 1SGS AI,731,2,rule_v2,35,No
Rule-Based AI v2 vs 1SGS AI,732,0,rule_v2,41,No
Rule-Based AI v2 vs 1SGS AI,733,0,rule_v2,9,No
Rule-Based AI v2 vs 1SGS AI,734,2,rule_v2,27,No
Rule-Based AI v2 vs 1SGS AI,735,,,800,Yes
Rule-Based AI v2 vs 1SGS AI,736,2,rule_v2,11,No
Rule-Based AI v2 vs 1SGS AI,737,1,rule_v2,34,No
Rule-Based AI v2 vs 1SGS AI,738,1,rule_v2,26,No
Rule-Based AI v2 vs 1SGS AI,739,,,800,Yes
Rule-Based AI v2 vs 1SGS AI,740,3,rule_v2,44,No
Rule-Based AI v2 vs 1SGS AI,741,1,oneSGS,42,No
Rule-Based AI v2 vs 1SGS AI,742,2,rule_v2,23,No
Rule-Based AI v2 vs 1SGS AI,743,2,oneSGS,35,No
Rule-Based AI v2 vs 1SGS AI,744,0,rule_v2,13,No
Rule-Based AI v2 vs 1SGS AI,745,,,800,Yes
Rule-Based AI v2 vs 1SGS AI,746,,,800,Yes
Rule-Based AI v2 vs 1SGS AI,747,,,800,Yes
Rule-Based AI v2 vs 1SGS AI,748,2,rule_v2,43,No
Rule-Based AI v2 vs 1SGS AI,749,1,rule_v2,46,No
Rule-Based AI v2 vs 1SGS AI,750,1,rule_v2,34,No
Rule-Based AI v2 vs 1SGS AI,751,1,rule_v2,34,No
Rule-Based AI v2 vs 1SGS AI,752,2,rule_v2,15,No
Rule-Based AI v2 vs 1SGS AI,753,2,oneSGS,27,No
Rule-Based AI v2 vs 1SGS AI,754,1,rule_v2,42,No
Rule-Based AI v2 vs 1SGS AI,755,,,800,Yes
Rule-Based AI v2 vs 1SGS AI,756,0,rule_v2,5,No
Rule-Based AI v2 vs 1SGS AI,757,,,800,Yes
Rule-Based AI v2 vs 1SGS AI,758,,,800,Yes
Rule-Based AI v2 vs 1SGS AI,759,,,800,Yes
Rule-Based AI v2 vs 1SGS AI,760,,,800,Yes
Rule-Based AI v2 vs 1SGS AI,761,3,oneSGS,28,No
Rule-Based AI v2 vs 1SGS AI,762,,,800,Yes
Rule-Based AI v2 vs 1SGS AI,763,3,oneSGS,24,No
Rule-Based AI v2 vs 1SGS AI,764,1,rule_v2,42,No
Rule-Based AI v2 vs 1SGS AI,765,,,800,Yes
Rule-Based AI v2 vs 1SGS AI,766,1,oneSGS,22,No
Rule-Based AI v2 vs 1SGS AI,767,1,rule_v2,42,No
Rule-Based AI v2 vs 1SGS AI,768,,,800,Yes
Rule-Based AI v2 vs 1SGS AI,769,,,800,Yes
Rule-Based AI v2 vs 1SGS AI,770,1,oneSGS,26,No
Rule-Based AI v2 vs 1SGS AI,771,,,800,Yes
Rule-Based AI v2 vs 1SGS AI,772,2,oneSGS,31,No
Rule-Based AI v2 vs 1SGS AI,773,2,rule_v2,39,No
Rule-Based AI v2 vs 1SGS AI,774,,,800,Yes
Rule-Based AI v2 vs 1SGS AI,775,1,oneSGS,38,No
Rule-Based AI v2 vs 1SGS AI,776,2,rule_v2,43,No
Rule-Based AI v2 vs 1SGS AI,777,1,rule_v2,22,No
Rule-Based AI v2 vs 1SGS AI,778,,,800,Yes
Rule-Based AI v2 vs 1SGS AI,779,,,800,Yes
Rule-Based AI v2 vs 1SGS AI,780,1,oneSGS,38,No
Rule-Based AI v2 vs 1SGS AI,781,,,800,Yes
Rule-Based AI v2 vs 1SGS AI,782,0,rule_v2,45,No
Rule-Based AI v2 vs 1SGS AI,783,0,rule_v2,13,No
Rule-Based AI v2 vs 1SGS AI,784,3,rule_v2,24,No
Rule-Based AI v2 vs 1SGS AI,785,0,rule_v2,41,No
Rule-Based AI v2 vs 1SGS AI,786,,,800,Yes
Rule-Based AI v2 vs 1SGS AI,787,3,oneSGS,36,No
Rule-Based AI v2 vs 1SGS AI,788,,,800,Yes
Rule-Based AI v2 vs 1SGS AI,789,0,oneSGS,17,No
Rule-Based AI v2 vs 1SGS AI,790,3,oneSGS,36,No
Rule-Based AI v2 vs 1SGS AI,791,0,rule_v2,41,No
Rule-Based AI v2 vs 1SGS AI,792,3,oneSGS,36,No
Rule-Based AI v2 vs 1SGS AI,793,0,rule_v2,17,No
Rule-Based AI v2 vs 1SGS AI,794,2,rule_v2,19,No
Rule-Based AI v2 vs 1SGS AI,795,,,800,Yes
Rule-Based AI v2 vs 1SGS AI,796,0,oneSGS,25,No
Rule-Based AI v2 vs 1SGS AI,797,1,rule_v2,38,No
Rule-Based AI v2 vs 1SGS AI,798,,,800,Yes
Rule-Based AI v2 vs 1SGS AI,799,,,800,Yes
Rule-Based AI v2 vs 1SGS AI,800,3,rule_v2,20,No
Rule-Based AI v2 vs 1SGS AI,801,1,rule_v2,14,No
Rule-Based AI v2 vs 1SGS AI,802,,,800,Yes
Rule-Based AI v2 vs 1SGS AI,803,3,oneSGS,8,No
Rule-Based AI v2 vs 1SGS AI,804,,,800,Yes
Rule-Based AI v2 vs 1SGS AI,805,0,oneSGS,37,No
Rule-Based AI v2 vs 1SGS AI,806,3,rule_v2,48,No
Rule-Based AI v2 vs 1SGS AI,807,0,oneSGS,45,No
Rule-Based AI v2 vs 1SGS AI,808,,,800,Yes
Rule-Based AI v2 vs 1SGS AI,809,0,rule_v2,21,No
Rule-Based AI v2 vs 1SGS AI,810,2,oneSGS,47,No
Rule-Based AI v2 vs 1SGS AI,811,,,800,Yes
Rule-Based AI v2 vs 1SGS AI,812,,,800,Yes
Rule-Based AI v2 vs 1SGS AI,813,2,oneSGS,31,No
Rule-Based AI v2 vs 1SGS AI,814,,,800,Yes
Rule-Based AI v2 vs 1SGS AI,815,1,rule_v2,6,No
Rule-Based AI v2 vs 1SGS AI,816,0,rule_v2,41,No
Rule-Based AI v2 vs 1SGS AI,817,0,oneSGS,37,No
Rule-Based AI v2 vs 1SGS AI,818,,,800,Yes
Rule-Based AI v2 vs 1SGS AI,819,2,oneSGS,19,No
Rule-Based AI v2 vs 1SGS AI,820,0,oneSGS,33,No
Rule-Based AI v2 vs 1SGS AI,821,,,800,Yes
Rule-Based AI v2 vs 1SGS AI,822,0,oneSGS,33,No
Rule-Based AI v2 vs 1SGS AI,823,1,oneSGS,46,No
Rule-Based AI v2 vs 1SGS AI,824,,,800,Yes
Rule-Based AI v2 vs 1SGS AI,825,1,rule_v2,46,No
Rule-Based AI v2 vs 1SGS AI,826,3,rule_v2,28,No
Rule-Based AI v2 vs 1SGS AI,827,3,rule_v2,40,No
Rule-Based AI v2 vs 1SGS AI,828,,,800,Yes
Rule-Based AI v2 vs 1SGS AI,829,3,oneSGS,24,No
Rule-Based AI v2 vs 1SGS AI,830,2,rule_v2,23,No
Rule-Based AI v2 vs 1SGS AI,831,,,800,Yes
Rule-Based AI v2 vs 1SGS AI,832,0,rule_v2,41,No
Rule-Based AI v2 vs 1SGS AI,833,,,800,Yes
Rule-Based AI v2 vs 1SGS AI,834,2,rule_v2,47,No
Rule-Based AI v2 vs 1SGS AI,835,3,oneSGS,48,No
Rule-Based AI v2 vs 1SGS AI,836,1,rule_v2,22,No
Rule-Based AI v2 vs 1SGS AI,837,0,rule_v2,25,No
Rule-Based AI v2 vs 1SGS AI,838,,,800,Yes
Rule-Based AI v2 vs 1SGS AI,839,3,oneSGS,28,No
Rule-Based AI v2 vs 1SGS AI,840,0,rule_v2,45,No
Rule-Based AI v2 vs 1SGS AI,841,3,rule_v2,36,No
Rule-Based AI v2 vs 1SGS AI,842,2,rule_v2,19,No
Rule-Based AI v2 vs 1SGS AI,843,2,oneSGS,7,No
Rule-Based AI v2 vs 1SGS AI,844,1,rule_v2,18,No
Rule-Based AI v2 vs 1SGS AI,845,2,rule_v2,23,No
Rule-Based AI v2 vs 1SGS AI,846,3,rule_v2,36,No
Rule-Based AI v2 vs 1SGS AI,847,,,800,Yes
Rule-Based AI v2 vs 1SGS AI,848,0,oneSGS,33,No
Rule-Based AI v2 vs 1SGS AI,849,3,rule_v2,8,No
Rule-Based AI v2 vs 1SGS AI,850,3,oneSGS,16,No
Rule-Based AI v2 vs 1SGS AI,851,1,rule_v2,42,No
Rule-Based AI v2 vs 1SGS AI,852,1,oneSGS,30,No
Rule-Based AI v2 vs 1SGS AI,853,2,rule_v2,47,No
Rule-Based AI v2 vs 1SGS AI,854,,,800,Yes
Rule-Based AI v2 vs 1SGS AI,855,1,rule_v2,34,No
Rule-Based AI v2 vs 1SGS AI,856,2,oneSGS,23,No
Rule-Based AI v2 vs 1SGS AI,857,2,rule_v2,31,No
Rule-Based AI v2 vs 1SGS AI,858,,,800,Yes
Rule-Based AI v2 vs 1SGS AI,859,,,800,Yes
Rule-Based AI v2 vs 1SGS AI,860,,,800,Yes
Rule-Based AI v2 vs 1SGS AI,861,0,rule_v2,25,No
Rule-Based AI v2 vs 1SGS AI,862,1,rule_v2,18,No
Rule-Based AI v2 vs 1SGS AI,863,,,800,Yes
Rule-Based AI v2 vs 1SGS AI,864,3,rule_v2,24,No
Rule-Based AI v2 vs 1SGS AI,865,1,rule_v2,34,No
Rule-Based AI v2 vs 1SGS AI,866,2,rule_v2,27,No
Rule-Based AI v2 vs 1SGS AI,867,2,rule_v2,27,No
Rule-Based AI v2 vs 1SGS AI,868,0,oneSGS,13,No
Rule-Based AI v2 vs 1SGS AI,869,0,oneSGS,33,No
Rule-Based AI v2 vs 1SGS AI,870,,,800,Yes
Rule-Based AI v2 vs 1SGS AI,871,,,800,Yes
Rule-Based AI v2 vs 1SGS AI,872,1,oneSGS,14,No
Rule-Based AI v2 vs 1SGS AI,873,2,rule_v2,7,No
Rule-Based AI v2 vs 1SGS AI,874,2,rule_v2,35,No
Rule-Based AI v2 vs 1SGS AI,875,,,800,Yes
Rule-Based AI v2 vs 1SGS AI,876,2,oneSGS,7,No
Rule-Based AI v2 vs 1SGS AI,877,2,oneSGS,23,No
Rule-Based AI v2 vs 1SGS AI,878,3,oneSGS,40,No
Rule-Based AI v2 vs 1SGS AI,879,2,oneSGS,47,No
Rule-Based AI v2 vs 1SGS AI,880,2,rule_v2,31,No
Rule-Based AI v2 vs 1SGS AI,881,3,rule_v2,48,No
Rule-Based AI v2 vs 1SGS AI,882,2,oneSGS,35,No
Rule-Based AI v2 vs 1SGS AI,883,,,800,Yes
Rule-Based AI v2 vs 1SGS AI,884,1,oneSGS,34,No
Rule-Based AI v2 vs 1SGS AI,885,0,oneSGS,33,No
Rule-Based AI v2 vs 1SGS AI,886,2,rule_v2,27,No
Rule-Based AI v2 vs 1SGS AI,887,0,rule_v2,25,No
Rule-Based AI v2 vs 1SGS AI,888,,,800,Yes
Rule-Based AI v2 vs 1SGS AI,889,,,800,Yes
Rule-Based AI v2 vs 1SGS AI,890,3,oneSGS,16,No
Rule-Based AI v2 vs 1SGS AI,891,2,rule_v2,35,No
Rule-Based AI v2 vs 1SGS AI,892,,,800,Yes
Rule-Based AI v2 vs 1SGS AI,893,,,800,Yes
Rule-Based AI v2 vs 1SGS AI,894,,,800,Yes
Rule-Based AI v2 vs 1SGS AI,895,,,800,Yes
Rule-Based AI v2 vs 1SGS AI,896,2,rule_v2,47,No
Rule-Based AI v2 vs 1SGS AI,897,,,800,Yes
Rule-Based AI v2 vs 1SGS AI,898,2,rule_v2,31,No
Rule-Based AI v2 vs 1SGS AI,899,1,rule_v2,6,No
Rule-Based AI v2 vs 1SGS AI,900,,,800,Yes
Rule-Based AI v2 vs 1SGS AI,901,,,800,Yes
Rule-Based AI v2 vs 1SGS AI,902,,,800,Yes
Rule-Based AI v2 vs 1SGS AI,903,,,800,Yes
Rule-Based AI v2 vs 1SGS AI,904,3,oneSGS,36,No
Rule-Based AI v2 vs 1SGS AI,905,2,rule_v2,23,No
Rule-Based AI v2 vs 1SGS AI,906,,,800,Yes
Rule-Based AI v2 vs 1SGS AI,907,2,rule_v2,23,No
Rule-Based AI v2 vs 1SGS AI,908,2,rule_v2,23,No
Rule-Based AI v2 vs 1SGS AI,909,1,oneSGS,22,No
Rule-Based AI v2 vs 1SGS AI,910,,,800,Yes
Rule-Based AI v2 vs 1SGS AI,911,1,rule_v2,30,No
Rule-Based AI v2 vs 1SGS AI,912,1,oneSGS,38,No
Rule-Based AI v2 vs 1SGS AI,913,,,800,Yes
Rule-Based AI v2 vs 1SGS AI,914,2,rule_v2,39,No
Rule-Based AI v2 vs 1SGS AI,915,0,oneSGS,13,No
Rule-Based AI v2 vs 1SGS AI,916,,,800,Yes
Rule-Based AI v2 vs 1SGS AI,917,,,800,Yes
Rule-Based AI v2 vs 1SGS AI,918,,,800,Yes
Rule-Based AI v2 vs 1SGS AI,919,2,rule_v2,43,No
Rule-Based AI v2 vs 1SGS AI,920,,,800,Yes
Rule-Based AI v2 vs 1SGS AI,921,,,800,Yes
Rule-Based AI v2 vs 1SGS AI,922,3,rule_v2,28,No
Rule-Based AI v2 vs 1SGS AI,923,,,800,Yes
Rule-Based AI v2 vs 1SGS AI,924,1,oneSGS,14,No
Rule-Based AI v2 vs 1SGS AI,925,,,800,Yes
Rule-Based AI v2 vs 1SGS AI,926,2,rule_v2,19,No
Rule-Based AI v2 vs 1SGS AI,927,1,oneSGS,14,No
Rule-Based AI v2 vs 1SGS AI,928,2,oneSGS,39,No
Rule-Based AI v2 vs 1SGS AI,929,1,oneSGS,22,No
Rule-Based AI v2 vs 1SGS AI,930,1,rule_v2,26,No
Rule-Based AI v2 vs 1SGS AI,931,,,800,Yes
Rule-Based AI v2 vs 1SGS AI,932,3,oneSGS,36,No
Rule-Based AI v2 vs 1SGS AI,933,,,800,Yes
Rule-Based AI v2 vs 1SGS AI,934,,,800,Yes
Rule-Based AI v2 vs 1SGS AI,935,2,oneSGS,43,No
Rule-Based AI v2 vs 1SGS AI,936,0,oneSGS,25,No
Rule-Based AI v2 vs 1SGS AI,937,0,oneSGS,9,No
Rule-Based AI v2 vs 1SGS AI,938,2,rule_v2,11,No
Rule-Based AI v2 vs 1SGS AI,939,1,oneSGS,10,No
Rule-Based AI v2 vs 1SGS AI,940,2,oneSGS,35,No
Rule-Based AI v2 vs 1SGS AI,941,1,rule_v2,26,No
Rule-Based AI v2 vs 1SGS AI,942,1,rule_v2,18,No
Rule-Based AI v2 vs 1SGS AI,943,3,rule_v2,16,No
Rule-Based AI v2 vs 1SGS AI,944,3,rule_v2,20,No
Rule-Based AI v2 vs 1SGS AI,945,,,800,Yes
Rule-Based AI v2 vs 1SGS AI,946,3,rule_v2,28,No
Rule-Based AI v2 vs 1SGS AI,947,3,oneSGS,32,No
Rule-Based AI v2 vs 1SGS AI,948,1,rule_v2,18,No
Rule-Based AI v2 vs 1SGS AI,949,,,800,Yes
Rule-Based AI v2 vs 1SGS AI,950,1,rule_v2,14,No
Rule-Based AI v2 vs 1SGS AI,951,,,800,Yes
Rule-Based AI v2 vs 1SGS AI,952,,,800,Yes
Rule-Based AI v2 vs 1SGS AI,953,0,oneSGS,33,No
Rule-Based AI v2 vs 1SGS AI,954,0,rule_v2,17,No
Rule-Based AI v2 vs 1SGS AI,955,2,oneSGS,39,No
Rule-Based AI v2 vs 1SGS AI,956,,,800,Yes
Rule-Based AI v2 vs 1SGS AI,957,2,rule_v2,27,No
Rule-Based AI v2 vs 1SGS AI,958,3,rule_v2,12,No
Rule-Based AI v2 vs 1SGS AI,959,1,rule_v2,38,No
Rule-Based AI v2 vs 1SGS AI,960,2,oneSGS,15,No
Rule-Based AI v2 vs 1SGS AI,961,,,800,Yes
Rule-Based AI v2 vs 1SGS AI,962,,,800,Yes
Rule-Based AI v2 vs 1SGS AI,963,,,800,Yes
Rule-Based AI v2 vs 1SGS AI,964,,,800,Yes
Rule-Based AI v2 vs 1SGS AI,965,0,rule_v2,25,No
Rule-Based AI v2 vs 1SGS AI,966,,,800,Yes
Rule-Based AI v2 vs 1SGS AI,967,3,rule_v2,36,No
Rule-Based AI v2 vs 1SGS AI,968,3,oneSGS,20,No
Rule-Based AI v2 vs 1SGS AI,969,,,800,Yes
Rule-Based AI v2 vs 1SGS AI,970,,,800,Yes
Rule-Based AI v2 vs 1SGS AI,971,,,800,Yes
Rule-Based AI v2 vs 1SGS AI,972,,,800,Yes
Rule-Based AI v2 vs 1SGS AI,973,0,rule_v2,45,No
Rule-Based AI v2 vs 1SGS AI,974,1,rule_v2,46,No
Rule-Based AI v2 vs 1SGS AI,975,0,oneSGS,29,No
Rule-Based AI v2 vs 1SGS AI,976,2,oneSGS,47,No
Rule-Based AI v2 vs 1SGS AI,977,2,oneSGS,7,No
Rule-Based AI v2 vs 1SGS AI,978,,,800,Yes
Rule-Based AI v2 vs 1SGS AI,979,2,oneSGS,27,No
Rule-Based AI v2 vs 1SGS AI,980,,,800,Yes
Rule-Based AI v2 vs 1SGS AI,981,1,rule_v2,30,No
Rule-Based AI v2 vs 1SGS AI,982,3,rule_v2,40,No
Rule-Based AI v2 vs 1SGS AI,983,0,rule_v2,33,No
Rule-Based AI v2 vs 1SGS AI,984,0,rule_v2,29,No
Rule-Based AI v2 vs 1SGS AI,985,1,oneSGS,38,No
Rule-Based AI v2 vs 1SGS AI,986,,,800,Yes
Rule-Based AI v2 vs 1SGS AI,987,,,800,Yes
Rule-Based AI v2 vs 1SGS AI,988,,,800,Yes
Rule-Based AI v2 vs 1SGS AI,989,3,rule_v2,36,No
Rule-Based AI v2 vs 1SGS AI,990,,,800,Yes
Rule-Based AI v2 vs 1SGS AI,991,,,800,Yes
Rule-Based AI v2 vs 1SGS AI,992,,,800,Yes
Rule-Based AI v2 vs 1SGS AI,993,2,rule_v2,47,No
Rule-Based AI v2 vs 1SGS AI,994,0,rule_v2,25,No
Rule-Based AI v2 vs 1SGS AI,995,,,800,Yes
Rule-Based AI v2 vs 1SGS AI,996,3,oneSGS,24,No
Rule-Based AI v2 vs 1SGS AI,997,,,800,Yes
Rule-Based AI v2 vs 1SGS AI,998,2,oneSGS,31,No
Rule-Based AI v2 vs 1SGS AI,999,0,rule_v2,41,No
Rule-Based AI v2 vs 1SGS AI,1000,0,oneSGS,45,No
Rule-Based AI v2 vs 1SGS AI,1001,3,oneSGS,12,No
Rule-Based AI v2 vs 1SGS AI,1002,0,rule_v2,37,No
Rule-Based AI v2 vs 1SGS AI,1003,,,800,Yes
Rule-Based AI v2 vs 1SGS AI,1004,1,rule_v2,22,No
Rule-Based AI v2 vs 1SGS AI,1005,1,rule_v2,18,No
Rule-Based AI v2 vs 1SGS AI,1006,,,800,Yes
Rule-Based AI v2 vs 1SGS AI,1007,1,oneSGS,14,No
Rule-Based AI v2 vs 1SGS AI,1008,,,800,Yes
Rule-Based AI v2 vs 1SGS AI,1009,2,oneSGS,47,No
Rule-Based AI v2 vs 1SGS AI,1010,,,800,Yes
Rule-Based AI v2 vs 1SGS AI,1011,3,rule_v2,28,No
Rule-Based AI v2 vs 1SGS AI,1012,,,800,Yes
Rule-Based AI v2 vs 1SGS AI,1013,0,oneSGS,17,No
Rule-Based AI v2 vs 1SGS AI,1014,1,rule_v2,22,No
Rule-Based AI v2 vs 1SGS AI,1015,3,oneSGS,24,No
Rule-Based AI v2 vs 1SGS AI,1016,2,rule_v2,19,No
Rule-Based AI v2 vs 1SGS AI,1017,0,oneSGS,41,No
Rule-Based AI v2 vs 1SGS AI,1018,1,rule_v2,18,No
Rule-Based AI v2 vs 1SGS AI,1019,,,800,Yes
Rule-Based AI v2 vs 1SGS AI,1020,1,rule_v2,34,No
Rule-Based AI v2 vs 1SGS AI,1021,0,rule_v2,25,No
Rule-Based AI v2 vs 1SGS AI,1022,,,800,Yes
Rule-Based AI v2 vs 1SGS AI,1023,,,800,Yes
Rule-Based AI v2 vs 1SGS AI,1024,1,oneSGS,38,No
Rule-Based AI v2 vs 1SGS AI,1025,2,rule_v2,47,No
Rule-Based AI v2 vs 1SGS AI,1026,1,oneSGS,14,No
Rule-Based AI v2 vs 1SGS AI,1027,0,rule_v2,13,No
Rule-Based AI v2 vs 1SGS AI,1028,3,rule_v2,20,No
Rule-Based AI v2 vs 1SGS AI,1029,,,800,Yes
Rule-Based AI v2 vs 1SGS AI,1030,2,oneSGS,27,No
Rule-Based AI v2 vs 1SGS AI,1031,1,oneSGS,30,No
Rule-Based AI v2 vs 1SGS AI,1032,0,rule_v2,13,No
Rule-Based AI v2 vs 1SGS AI,1033,0,rule_v2,29,No
Rule-Based AI v2 vs 1SGS AI,1034,,,800,Yes
Rule-Based AI v2 vs 1SGS AI,1035,,,800,Yes
Rule-Based AI v2 vs 1SGS AI,1036,3,oneSGS,16,No
Rule-Based AI v2 vs 1SGS AI,1037,,,800,Yes
Rule-Based AI v2 vs 1SGS AI,1038,3,oneSGS,24,No
Rule-Based AI v2 vs 1SGS AI,1039,,,800,Yes
Rule-Based AI v2 vs 1SGS AI,1040,2,rule_v2,39,No
Rule-Based AI v2 vs 1SGS AI,1041,2,rule_v2,27,No
Rule-Based AI v2 vs 1SGS AI,1042,3,rule_v2,28,No
Rule-Based AI v2 vs 1SGS AI,1043,2,rule_v2,47,No
Rule-Based AI v2 vs 1SGS AI,1044,3,oneSGS,36,No
Rule-Based AI v2 vs 1SGS AI,1045,2,rule_v2,43,No
Rule-Based AI v2 vs 1SGS AI,1046,,,800,Yes
Rule-Based AI v2 vs 1SGS AI,1047,0,rule_v2,21,No
Rule-Based AI v2 vs 1SGS AI,1048,,,800,Yes
Rule-Based AI v2 vs 1SGS AI,1049,1,rule_v2,26,No
Rule-Based AI v2 vs 1SGS AI,1050,1,rule_v2,18,No
Rule-Based AI v2 vs 1SGS AI,1051,,,800,Yes
Rule-Based AI v2 vs 1SGS AI,1052,,,800,Yes
Rule-Based AI v2 vs 1SGS AI,1053,1,oneSGS,18,No
Rule-Based AI v2 vs 1SGS AI,1054,0,rule_v2,17,No
Rule-Based AI v2 vs 1SGS AI,1055,1,rule_v2,26,No
Rule-Based AI v2 vs 1SGS AI,1056,,,800,Yes
Rule-Based AI v2 vs 1SGS AI,1057,,,800,Yes
Rule-Based AI v2 vs 1SGS AI,1058,,,800,Yes
Rule-Based AI v2 vs 1SGS AI,1059,,,800,Yes
Rule-Based AI v2 vs 1SGS AI,1060,1,oneSGS,26,No
Rule-Based AI v2 vs 1SGS AI,1061,1,rule_v2,30,No
Rule-Based AI v2 vs 1SGS AI,1062,,,800,Yes
Rule-Based AI v2 vs 1SGS AI,1063,3,oneSGS,44,No
Rule-Based AI v2 vs 1SGS AI,1064,,,800,Yes
Rule-Based AI v2 vs 1SGS AI,1065,,,800,Yes
Rule-Based AI v2 vs 1SGS AI,1066,3,oneSGS,4,No
Rule-Based AI v2 vs 1SGS AI,1067,,,800,Yes
Rule-Based AI v2 vs 1SGS AI,1068,,,800,Yes
Rule-Based AI v2 vs 1SGS AI,1069,1,oneSGS,14,No
Rule-Based AI v2 vs 1SGS AI,1070,,,800,Yes
Rule-Based AI v2 vs 1SGS AI,1071,1,rule_v2,42,No
Rule-Based AI v2 vs 1SGS AI,1072,2,rule_v2,35,No
Rule-Based AI v2 vs 1SGS AI,1073,,,800,Yes
Rule-Based AI v2 vs 1SGS AI,1074,,,800,Yes
Rule-Based AI v2 vs 1SGS AI,1075,1,rule_v2,38,No
Rule-Based AI v2 vs 1SGS AI,1076,2,oneSGS,35,No
Rule-Based AI v2 vs 1SGS AI,1077,,,800,Yes
Rule-Based AI v2 vs 1SGS AI,1078,0,oneSGS,41,No
Rule-Based AI v2 vs 1SGS AI,1079,1,rule_v2,30,No
Rule-Based AI v2 vs 1SGS AI,1080,2,oneSGS,35,No
Rule-Based AI v2 vs 1SGS AI,1081,,,800,Yes
Rule-Based AI v2 vs 1SGS AI,1082,,,800,Yes
Rule-Based AI v2 vs 1SGS AI,1083,0,rule_v2,45,No
Rule-Based AI v2 vs 1SGS AI,1084,1,rule_v2,26,No
Rule-Based AI v2 vs 1SGS AI,1085,,,800,Yes
Rule-Based AI v2 vs 1SGS AI,1086,1,oneSGS,38,No
Rule-Based AI v2 vs 1SGS AI,1087,,,800,Yes
Rule-Based AI v2 vs 1SGS AI,1088,,,800,Yes
Rule-Based AI v2 vs 1SGS AI,1089,1,oneSGS,22,No
Rule-Based AI v2 vs 1SGS AI,1090,3,rule_v2,36,No
Rule-Based AI v2 vs 1SGS AI,1091,0,rule_v2,13,No
Rule-Based AI v2 vs 1SGS AI,1092,1,oneSGS,14,No
Rule-Based AI v2 vs 1SGS AI,1093,2,rule_v2,47,No
Rule-Based AI v2 vs 1SGS AI,1094,0,oneSGS,33,No
Rule-Based AI v2 vs 1SGS AI,1095,,,800,Yes
Rule-Based AI v2 vs 1SGS AI,1096,1,rule_v2,30,No
Rule-Based AI v2 vs 1SGS AI,1097,2,oneSGS,31,No
Rule-Based AI v2 vs 1SGS AI,1098,2,rule_v2,47,No
Rule-Based AI v2 vs 1SGS AI,1099,,,800,Yes
Rule-Based AI v2 vs 1SGS AI,1100,0,oneSGS,41,No
Rule-Based AI v2 vs 1SGS AI,1101,,,800,Yes
Rule-Based AI v2 vs 1SGS AI,1102,3,rule_v2,24,No
Rule-Based AI v2 vs 1SGS AI,1103,,,800,Yes
Rule-Based AI v2 vs 1SGS AI,1104,,,800,Yes
Rule-Based AI v2 vs 1SGS AI,1105,3,rule_v2,40,No
Rule-Based AI v2 vs 1SGS AI,1106,0,oneSGS,37,No
Rule-Based AI v2 vs 1SGS AI,1107,2,rule_v2,47,No
Rule-Based AI v2 vs 1SGS AI,1108,0,oneSGS,29,No
Rule-Based AI v2 vs 1SGS AI,1109,1,rule_v2,34,No
Rule-Based AI v2 vs 1SGS AI,1110,,,800,Yes
Rule-Based AI v2 vs 1SGS AI,1111,,,800,Yes
Rule-Based AI v2 vs 1SGS AI,1112,3,rule_v2,16,No
Rule-Based AI v2 vs 1SGS AI,1113,,,800,Yes
Rule-Based AI v2 vs 1SGS AI,1114,,,800,Yes
Rule-Based AI v2 vs 1SGS AI,1115,0,oneSGS,25,No
Rule-Based AI v2 vs 1SGS AI,1116,2,oneSGS,39,No
Rule-Based AI v2 vs 1SGS AI,1117,1,oneSGS,22,No
Rule-Based AI v2 vs 1SGS AI,1118,1,rule_v2,46,No
Rule-Based AI v2 vs 1SGS AI,1119,2,oneSGS,35,No
Rule-Based AI v2 vs 1SGS AI,1120,3,rule_v2,28,No
Rule-Based AI v2 vs 1SGS AI,1121,,,800,Yes
Rule-Based AI v2 vs 1SGS AI,1122,,,800,Yes
Rule-Based AI v2 vs 1SGS AI,1123,2,oneSGS,27,No
Rule-Based AI v2 vs 1SGS AI,1124,1,oneSGS,38,No
Rule-Based AI v2 vs 1SGS AI,1125,2,rule_v2,31,No
Rule-Based AI v2 vs 1SGS AI,1126,2,rule_v2,19,No
Rule-Based AI v2 vs 1SGS AI,1127,2,rule_v2,23,No
Rule-Based AI v2 vs 1SGS AI,1128,3,oneSGS,28,No
Rule-Based AI v2 vs 1SGS AI,1129,,,800,Yes
Rule-Based AI v2 vs 1SGS AI,1130,0,rule_v2,33,No
Rule-Based AI v2 vs 1SGS AI,1131,1,oneSGS,26,No
Rule-Based AI v2 vs 1SGS AI,1132,3,rule_v2,44,No
Rule-Based AI v2 vs 1SGS AI,1133,0,oneSGS,37,No
Rule-Based AI v2 vs 1SGS AI,1134,,,800,Yes
Rule-Based AI v2 vs 1SGS AI,1135,,,800,Yes
Rule-Based AI v2 vs 1SGS AI,1136,,,800,Yes
Rule-Based AI v2 vs 1SGS AI,1137,,,800,Yes
Rule-Based AI v2 vs 1SGS AI,1138,3,oneSGS,24,No
Rule-Based AI v2 vs 1SGS AI,1139,1,rule_v2,14,No
Rule-Based AI v2 vs 1SGS AI,1140,0,rule_v2,37,No
Rule-Based AI v2 vs 1SGS AI,1141,0,rule_v2,17,No
Rule-Based AI v2 vs 1SGS AI,1142,0,rule_v2,33,No
Rule-Based AI v2 vs 1SGS AI,1143,2,rule_v2,43,No
Rule-Based AI v2 vs 1SGS AI,1144,1,rule_v2,10,No
Rule-Based AI v2 vs 1SGS AI,1145,2,oneSGS,23,No
Rule-Based AI v2 vs 1SGS AI,1146,,,800,Yes
Rule-Based AI v2 vs 1SGS AI,1147,,,800,Yes
Rule-Based AI v2 vs 1SGS AI,1148,2,oneSGS,11,No
Rule-Based AI v2 vs 1SGS AI,1149,3,rule_v2,4,No
Rule-Based AI v2 vs 1SGS AI,1150,3,rule_v2,28,No
Rule-Based AI v2 vs 1SGS AI,1151,,,800,Yes
Rule-Based AI v2 vs 1SGS AI,1152,3,rule_v2,36,No
Rule-Based AI v2 vs 1SGS AI,1153,2,rule_v2,43,No
Rule-Based AI v2 vs 1SGS AI,1154,,,800,Yes
Rule-Based AI v2 vs 1SGS AI,1155,,,800,Yes
Rule-Based AI v2 vs 1SGS AI,1156,2,oneSGS,43,No
Rule-Based AI v2 vs 1SGS AI,1157,,,800,Yes
Rule-Based AI v2 vs 1SGS AI,1158,1,oneSGS,30,No
Rule-Based AI v2 vs 1SGS AI,1159,,,800,Yes
Rule-Based AI v2 vs 1SGS AI,1160,2,rule_v2,23,No
Rule-Based AI v2 vs 1SGS AI,1161,0,rule_v2,33,No
Rule-Based AI v2 vs 1SGS AI,1162,2,rule_v2,35,No
Rule-Based AI v2 vs 1SGS AI,1163,,,800,Yes
Rule-Based AI v2 vs 1SGS AI,1164,,,800,Yes
Rule-Based AI v2 vs 1SGS AI,1165,2,oneSGS,23,No
Rule-Based AI v2 vs 1SGS AI,1166,,,800,Yes
Rule-Based AI v2 vs 1SGS AI,1167,2,oneSGS,23,No
Rule-Based AI v2 vs 1SGS AI,1168,2,rule_v2,39,No
Rule-Based AI v2 vs 1SGS AI,1169,3,rule_v2,40,No
Rule-Based AI v2 vs 1SGS AI,1170,3,rule_v2,40,No
Rule-Based AI v2 vs 1SGS AI,1171,2,oneSGS,7,No
Rule-Based AI v2 vs 1SGS AI,1172,1,oneSGS,34,No
Rule-Based AI v2 vs 1SGS AI,1173,,,800,Yes
Rule-Based AI v2 vs 1SGS AI,1174,0,oneSGS,41,No
Rule-Based AI v2 vs 1SGS AI,1175,1,oneSGS,14,No
Rule-Based AI v2 vs 1SGS AI,1176,0,rule_v2,37,No
Rule-Based AI v2 vs 1SGS AI,1177,2,rule_v2,47,No
Rule-Based AI v2 vs 1SGS AI,1178,2,rule_v2,35,No
Rule-Based AI v2 vs 1SGS AI,1179,1,oneSGS,14,No
Rule-Based AI v2 vs 1SGS AI,1180,,,800,Yes
Rule-Based AI v2 vs 1SGS AI,1181,3,rule_v2,32,No
Rule-Based AI v2 vs 1SGS AI,1182,1,rule_v2,38,No
Rule-Based AI v2 vs 1SGS AI,1183,,,800,Yes
Rule-Based AI v2 vs 1SGS AI,1184,1,rule_v2,42,No
Rule-Based AI v2 vs 1SGS AI,1185,2,oneSGS,31,No
Rule-Based AI v2 vs 1SGS AI,1186,3,rule_v2,28,No
Rule-Based AI v2 vs 1SGS AI,1187,,,800,Yes
Rule-Based AI v2 vs 1SGS AI,1188,0,rule_v2,17,No
Rule-Based AI v2 vs 1SGS AI,1189,2,oneSGS,39,No
Rule-Based AI v2 vs 1SGS AI,1190,,,800,Yes
Rule-Based AI v2 vs 1SGS AI,1191,,,800,Yes
Rule-Based AI v2 vs 1SGS AI,1192,3,rule_v2,12,No
Rule-Based AI v2 vs 1SGS AI,1193,,,800,Yes
Rule-Based AI v2 vs 1SGS AI,1194,1,rule_v2,34,No
Rule-Based AI v2 vs 1SGS AI,1195,0,oneSGS,37,No
Rule-Based AI v2 vs 1SGS AI,1196,,,800,Yes
Rule-Based AI v2 vs 1SGS AI,1197,2,rule_v2,43,No
Rule-Based AI v2 vs 1SGS AI,1198,,,800,Yes
Rule-Based AI v2 vs 1SGS AI,1199,3,rule_v2,28,No
Rule-Based AI v2 vs 1SGS AI,1200,,,800,Yes
Rule-Based AI v2 vs 1SGS AI,1201,0,rule_v2,29,No
Rule-Based AI v2 vs 1SGS AI,1202,1,rule_v2,26,No
Rule-Based AI v2 vs 1SGS AI,1203,2,rule_v2,35,No
Rule-Based AI v2 vs 1SGS AI,1204,3,oneSGS,20,No
Rule-Based AI v2 vs 1SGS AI,1205,0,rule_v2,17,No
Rule-Based AI v2 vs 1SGS AI,1206,2,oneSGS,43,No
Rule-Based AI v2 vs 1SGS AI,1207,,,800,Yes
Rule-Based AI v2 vs 1SGS AI,1208,,,800,Yes
Rule-Based AI v2 vs 1SGS AI,1209,2,oneSGS,47,No
Rule-Based AI v2 vs 1SGS AI,1210,,,800,Yes
Rule-Based AI v2 vs 1SGS AI,1211,1,oneSGS,30,No
Rule-Based AI v2 vs 1SGS AI,1212,,,800,Yes
Rule-Based AI v2 vs 1SGS AI,1213,1,oneSGS,42,No
Rule-Based AI v2 vs 1SGS AI,1214,0,oneSGS,37,No
Rule-Based AI v2 vs 1SGS AI,1215,2,oneSGS,31,No
Rule-Based AI v2 vs 1SGS AI,1216,,,800,Yes
Rule-Based AI v2 vs 1SGS AI,1217,2,rule_v2,7,No
Rule-Based AI v2 vs 1SGS AI,1218,,,800,Yes
Rule-Based AI v2 vs 1SGS AI,1219,1,rule_v2,22,No
Rule-Based AI v2 vs 1SGS AI,1220,1,rule_v2,22,No
Rule-Based AI v2 vs 1SGS AI,1221,1,oneSGS,30,No
Rule-Based AI v2 vs 1SGS AI,1222,,,800,Yes
Rule-Based AI v2 vs 1SGS AI,1223,,,800,Yes
Rule-Based AI v2 vs 1SGS AI,1224,2,oneSGS,39,No
Rule-Based AI v2 vs 1SGS AI,1225,,,800,Yes
Rule-Based AI v2 vs 1SGS AI,1226,2,oneSGS,43,No
Rule-Based AI v2 vs 1SGS AI,1227,3,rule_v2,28,No
Rule-Based AI v2 vs 1SGS AI,1228,,,800,Yes
Rule-Based AI v2 vs 1SGS AI,1229,0,rule_v2,33,No
Rule-Based AI v2 vs 1SGS AI,1230,3,rule_v2,24,No
Rule-Based AI v2 vs 1SGS AI,1231,2,oneSGS,39,No
Rule-Based AI v2 vs 1SGS AI,1232,,,800,Yes
Rule-Based AI v2 vs 1SGS AI,1233,1,rule_v2,38,No
Rule-Based AI v2 vs 1SGS AI,1234,,,800,Yes
Rule-Based AI v2 vs 1SGS AI,1235,1,rule_v2,38,No
Rule-Based AI v2 vs 1SGS AI,1236,,,800,Yes
Rule-Based AI v2 vs 1SGS AI,1237,3,rule_v2,24,No
Rule-Based AI v2 vs 1SGS AI,1238,2,rule_v2,35,No
Rule-Based AI v2 vs 1SGS AI,1239,,,800,Yes
Rule-Based AI v2 vs 1SGS AI,1240,1,rule_v2,30,No
Rule-Based AI v2 vs 1SGS AI,1241,0,rule_v2,29,No
Rule-Based AI v2 vs 1SGS AI,1242,1,rule_v2,42,No
Rule-Based AI v2 vs 1SGS AI,1243,,,800,Yes
Rule-Based AI v2 vs 1SGS AI,1244,1,rule_v2,38,No
Rule-Based AI v2 vs 1SGS AI,1245,3,rule_v2,12,No
Rule-Based AI v2 vs 1SGS AI,1246,,,800,Yes
Rule-Based AI v2 vs 1SGS AI,1247,2,rule_v2,11,No
Rule-Based AI v2 vs 1SGS AI,1248,,,800,Yes
Rule-Based AI v2 vs 1SGS AI,1249,1,oneSGS,46,No
Rule-Based AI v2 vs 1SGS AI,1250,2,oneSGS,15,No
Rule-Based AI v2 vs 1SGS AI,1251,3,rule_v2,28,No
Rule-Based AI v2 vs 1SGS AI,1252,2,oneSGS,47,No
Rule-Based AI v2 vs 1SGS AI,1253,1,oneSGS,38,No
Rule-Based AI v2 vs 1SGS AI,1254,0,rule_v2,25,No
Rule-Based AI v2 vs 1SGS AI,1255,0,rule_v2,21,No
Rule-Based AI v2 vs 1SGS AI,1256,,,800,Yes
Rule-Based AI v2 vs 1SGS AI,1257,1,rule_v2,38,No
Rule-Based AI v2 vs 1SGS AI,1258,1,rule_v2,42,No
Rule-Based AI v2 vs 1SGS AI,1259,3,oneSGS,48,No
Rule-Based AI v2 vs 1SGS AI,1260,,,800,Yes
Rule-Based AI v2 vs 1SGS AI,1261,,,800,Yes
Rule-Based AI v2 vs 1SGS AI,1262,0,oneSGS,45,No
Rule-Based AI v2 vs 1SGS AI,1263,,,800,Yes
Rule-Based AI v2 vs 1SGS AI,1264,3,rule_v2,44,No
Rule-Based AI v2 vs 1SGS AI,1265,3,rule_v2,32,No
Rule-Based AI v2 vs 1SGS AI,1266,3,oneSGS,36,No
Rule-Based AI v2 vs 1SGS AI,1267,,,800,Yes
Rule-Based AI v2 vs 1SGS AI,1268,,,800,Yes
Rule-Based AI v2 vs 1SGS AI,1269,0,oneSGS,29,No
Rule-Based AI v2 vs 1SGS AI,1270,2,oneSGS,7,No
Rule-Based AI v2 vs 1SGS AI,1271,,,800,Yes
Rule-Based AI v2 vs 1SGS AI,1272,,,800,Yes
Rule-Based AI v2 vs 1SGS AI,1273,3,oneSGS,28,No
Rule-Based AI v2 vs 1SGS AI,1274,0,oneSGS,17,No
Rule-Based AI v2 vs 1SGS AI,1275,2,oneSGS,43,No
Rule-Based AI v2 vs 1SGS AI,1276,3,rule_v2,40,No
Rule-Based AI v2 vs 1SGS AI,1277,1,rule_v2,18,No
Rule-Based AI v2 vs 1SGS AI,1278,1,rule_v2,22,No
Rule-Based AI v2 vs 1SGS AI,1279,,,800,Yes
Rule-Based AI v2 vs 1SGS AI,1280,,,800,Yes
Rule-Based AI v2 vs 1SGS AI,1281,2,rule_v2,39,No
Rule-Based AI v2 vs 1SGS AI,1282,,,800,Yes
Rule-Based AI v2 vs 1SGS AI,1283,0,rule_v2,5,No
Rule-Based AI v2 vs 1SGS AI,1284,,,800,Yes
Rule-Based AI v2 vs 1SGS AI,1285,0,oneSGS,41,No
Rule-Based AI v2 vs 1SGS AI,1286,,,800,Yes
Rule-Based AI v2 vs 1SGS AI,1287,,,800,Yes
Rule-Based AI v2 vs 1SGS AI,1288,0,rule_v2,21,No
Rule-Based AI v2 vs 1SGS AI,1289,0,rule_v2,17,No
Rule-Based AI v2 vs 1SGS AI,1290,3,oneSGS,36,No
Rule-Based AI v2 vs 1SGS AI,1291,,,800,Yes
Rule-Based AI v2 vs 1SGS AI,1292,2,rule_v2,43,No
Rule-Based AI v2 vs 1SGS AI,1293,,,800,Yes
Rule-Based AI v2 vs 1SGS AI,1294,2,oneSGS,31,No
Rule-Based AI v2 vs 1SGS AI,1295,1,oneSGS,42,No
Rule-Based AI v2 vs 1SGS AI,1296,2,oneSGS,19,No
Rule-Based AI v2 vs 1SGS AI,1297,0,oneSGS,9,No
Rule-Based AI v2 vs 1SGS AI,1298,,,800,Yes
Rule-Based AI v2 vs 1SGS AI,1299,3,oneSGS,28,No
Rule-Based AI v2 vs 1SGS AI,1300,0,rule_v2,13,No
Rule-Based AI v2 vs 1SGS AI,1301,2,rule_v2,31,No
Rule-Based AI v2 vs 1SGS AI,1302,3,oneSGS,40,No
Rule-Based AI v2 vs 1SGS AI,1303,,,800,Yes
Rule-Based AI v2 vs 1SGS AI,1304,2,rule_v2,47,No
Rule-Based AI v2 vs 1SGS AI,1305,3,oneSGS,24,No
Rule-Based AI v2 vs 1SGS AI,1306,,,800,Yes
Rule-Based AI v2 vs 1SGS AI,1307,3,rule_v2,36,No
Rule-Based AI v2 vs 1SGS AI,1308,,,800,Yes
Rule-Based AI v2 vs 1SGS AI,1309,3,oneSGS,44,No
Rule-Based AI v2 vs 1SGS AI,1310,1,oneSGS,42,No
Rule-Based AI v2 vs 1SGS AI,1311,0,oneSGS,29,No
Rule-Based AI v2 vs 1SGS AI,1312,1,oneSGS,26,No
Rule-Based AI v2 vs 1SGS AI,1313,0,oneSGS,17,No
Rule-Based AI v2 vs 1SGS AI,1314,,,800,Yes
Rule-Based AI v2 vs 1SGS AI,1315,1,rule_v2,30,No
Rule-Based AI v2 vs 1SGS AI,1316,,,800,Yes
Rule-Based AI v2 vs 1SGS AI,1317,,,800,Yes
Rule-Based AI v2 vs 1SGS AI,1318,0,oneSGS,29,No
Rule-Based AI v2 vs 1SGS AI,1319,0,rule_v2,37,No
Rule-Based AI v2 vs 1SGS AI,1320,1,rule_v2,22,No
Rule-Based AI v2 vs 1SGS AI,1321,2,oneSGS,19,No
Rule-Based AI v2 vs 1SGS AI,1322,2,rule_v2,23,No
Rule-Based AI v2 vs 1SGS AI,1323,2,oneSGS,39,No
Rule-Based AI v2 vs 1SGS AI,1324,1,rule_v2,26,No
Rule-Based AI v2 vs 1SGS AI,1325,0,rule_v2,41,No
Rule-Based AI v2 vs 1SGS AI,1326,1,rule_v2,46,No
Rule-Based AI v2 vs 1SGS AI,1327,3,oneSGS,16,No
Rule-Based AI v2 vs 1SGS AI,1328,2,oneSGS,47,No
Rule-Based AI v2 vs 1SGS AI,1329,,,800,Yes
Rule-Based AI v2 vs 1SGS AI,1330,1,rule_v2,18,No
Rule-Based AI v2 vs 1SGS AI,1331,,,800,Yes
Rule-Based AI v2 vs 1SGS AI,1332,3,rule_v2,32,No
Rule-Based AI v2 vs 1SGS AI,1333,0,oneSGS,45,No
Rule-Based AI v2 vs 1SGS AI,1334,0,rule_v2,21,No
Rule-Based AI v2 vs 1SGS AI,1335,3,rule_v2,28,No
Rule-Based AI v2 vs 1SGS AI,1336,,,800,Yes
Rule-Based AI v2 vs 1SGS AI,1337,,,800,Yes
Rule-Based AI v2 vs 1SGS AI,1338,0,oneSGS,29,No
Rule-Based AI v2 vs 1SGS AI,1339,0,rule_v2,9,No
Rule-Based AI v2 vs 1SGS AI,1340,1,oneSGS,30,No
Rule-Based AI v2 vs 1SGS AI,1341,,,800,Yes
Rule-Based AI v2 vs 1SGS AI,1342,3,oneSGS,36,No
Rule-Based AI v2 vs 1SGS AI,1343,,,800,Yes
Rule-Based AI v2 vs 1SGS AI,1344,2,rule_v2,27,No
Rule-Based AI v2 vs 1SGS AI,1345,,,800,Yes
Rule-Based AI v2 vs 1SGS AI,1346,1,rule_v2,26,No
Rule-Based AI v2 vs 1SGS AI,1347,,,800,Yes
Rule-Based AI v2 vs 1SGS AI,1348,0,oneSGS,21,No
Rule-Based AI v2 vs 1SGS AI,1349,,,800,Yes
Rule-Based AI v2 vs 1SGS AI,1350,3,rule_v2,40,No
Rule-Based AI v2 vs 1SGS AI,1351,,,800,Yes
Rule-Based AI v2 vs 1SGS AI,1352,2,oneSGS,47,No
Rule-Based AI v2 vs 1SGS AI,1353,,,800,Yes
Rule-Based AI v2 vs 1SGS AI,1354,,,800,Yes
Rule-Based AI v2 vs 1SGS AI,1355,0,rule_v2,37,No
Rule-Based AI v2 vs 1SGS AI,1356,,,800,Yes
Rule-Based AI v2 vs 1SGS AI,1357,2,rule_v2,23,No
Rule-Based AI v2 vs 1SGS AI,1358,,,800,Yes
Rule-Based AI v2 vs 1SGS AI,1359,2,rule_v2,23,No
Rule-Based AI v2 vs 1SGS AI,1360,1,oneSGS,26,No
Rule-Based AI v2 vs 1SGS AI,1361,2,rule_v2,35,No
Rule-Based AI v2 vs 1SGS AI,1362,,,800,Yes
Rule-Based AI v2 vs 1SGS AI,1363,0,rule_v2,33,No
Rule-Based AI v2 vs 1SGS AI,1364,3,rule_v2,16,No
Rule-Based AI v2 vs 1SGS AI,1365,2,oneSGS,31,No
Rule-Based AI v2 vs 1SGS AI,1366,2,rule_v2,23,No
Rule-Based AI v2 vs 1SGS AI,1367,,,800,Yes
Rule-Based AI v2 vs 1SGS AI,1368,,,800,Yes
Rule-Based AI v2 vs 1SGS AI,1369,,,800,Yes
Rule-Based AI v2 vs 1SGS AI,1370,,,800,Yes
Rule-Based AI v2 vs 1SGS AI,1371,3,rule_v2,36,No
Rule-Based AI v2 vs 1SGS AI,1372,2,rule_v2,31,No
Rule-Based AI v2 vs 1SGS AI,1373,1,oneSGS,2,No
Rule-Based AI v2 vs 1SGS AI,1374,0,rule_v2,29,No
Rule-Based AI v2 vs 1SGS AI,1375,,,800,Yes
Rule-Based AI v2 vs 1SGS AI,1376,3,rule_v2,20,No
Rule-Based AI v2 vs 1SGS AI,1377,2,rule_v2,47,No
Rule-Based AI v2 vs 1SGS AI,1378,3,oneSGS,20,No
Rule-Based AI v2 vs 1SGS AI,1379,,,800,Yes
Rule-Based AI v2 vs 1SGS AI,1380,0,rule_v2,25,No
Rule-Based AI v2 vs 1SGS AI,1381,0,rule_v2,21,No
Rule-Based AI v2 vs 1SGS AI,1382,3,rule_v2,36,No
Rule-Based AI v2 vs 1SGS AI,1383,0,oneSGS,21,No
Rule-Based AI v2 vs 1SGS AI,1384,0,oneSGS,45,No
Rule-Based AI v2 vs 1SGS AI,1385,1,oneSGS,30,No
Rule-Based AI v2 vs 1SGS AI,1386,3,rule_v2,28,No
Rule-Based AI v2 vs 1SGS AI,1387,3,oneSGS,36,No
Rule-Based AI v2 vs 1SGS AI,1388,2,rule_v2,31,No
Rule-Based AI v2 vs 1SGS AI,1389,3,oneSGS,28,No
Rule-Based AI v2 vs 1SGS AI,1390,1,oneSGS,38,No
Rule-Based AI v2 vs 1SGS AI,1391,1,oneSGS,38,No
Rule-Based AI v2 vs 1SGS AI,1392,0,rule_v2,25,No
Rule-Based AI v2 vs 1SGS AI,1393,1,rule_v2,42,No
Rule-Based AI v2 vs 1SGS AI,1394,,,800,Yes
Rule-Based AI v2 vs 1SGS AI,1395,0,oneSGS,37,No
Rule-Based AI v2 vs 1SGS AI,1396,,,800,Yes
Rule-Based AI v2 vs 1SGS AI,1397,3,oneSGS,24,No
Rule-Based AI v2 vs 1SGS AI,1398,,,800,Yes
Rule-Based AI v2 vs 1SGS AI,1399,,,800,Yes
Rule-Based AI v2 vs 1SGS AI,1400,,,800,Yes
Rule-Based AI v2 vs 1SGS AI,1401,2,oneSGS,31,No
Rule-Based AI v2 vs 1SGS AI,1402,,,800,Yes
Rule-Based AI v2 vs 1SGS AI,1403,0,rule_v2,25,No
Rule-Based AI v2 vs 1SGS AI,1404,2,rule_v2,27,No
Rule-Based AI v2 vs 1SGS AI,1405,,,800,Yes
Rule-Based AI v2 vs 1SGS AI,1406,1,oneSGS,22,No
Rule-Based AI v2 vs 1SGS AI,1407,2,oneSGS,31,No
Rule-Based AI v2 vs 1SGS AI,1408,,,800,Yes
Rule-Based AI v2 vs 1SGS AI,1409,,,800,Yes
Rule-Based AI v2 vs 1SGS AI,1410,3,oneSGS,40,No
Rule-Based AI v2 vs 1SGS AI,1411,2,oneSGS,39,No
Rule-Based AI v2 vs 1SGS AI,1412,,,800,Yes
Rule-Based AI v2 vs 1SGS AI,1413,,,800,Yes
Rule-Based AI v2 vs 1SGS AI,1414,,,800,Yes
Rule-Based AI v2 vs 1SGS AI,1415,3,rule_v2,40,No
Rule-Based AI v2 vs 1SGS AI,1416,2,oneSGS,39,No
Rule-Based AI v2 vs 1SGS AI,1417,0,oneSGS,33,No
Rule-Based AI v2 vs 1SGS AI,1418,3,oneSGS,20,No
Rule-Based AI v2 vs 1SGS AI,1419,1,oneSGS,46,No
Rule-Based AI v2 vs 1SGS AI,1420,,,800,Yes
Rule-Based AI v2 vs 1SGS AI,1421,3,oneSGS,44,No
Rule-Based AI v2 vs 1SGS AI,1422,3,rule_v2,36,No
Rule-Based AI v2 vs 1SGS AI,1423,0,rule_v2,41,No
Rule-Based AI v2 vs 1SGS AI,1424,,,800,Yes
Rule-Based AI v2 vs 1SGS AI,1425,,,800,Yes
Rule-Based AI v2 vs 1SGS AI,1426,3,rule_v2,24,No
Rule-Based AI v2 vs 1SGS AI,1427,3,rule_v2,40,No
Rule-Based AI v2 vs 1SGS AI,1428,,,800,Yes
Rule-Based AI v2 vs 1SGS AI,1429,,,800,Yes
Rule-Based AI v2 vs 1SGS AI,1430,1,rule_v2,10,No
Rule-Based AI v2 vs 1SGS AI,1431,1,rule_v2,38,No
Rule-Based AI v2 vs 1SGS AI,1432,2,oneSGS,35,No
Rule-Based AI v2 vs 1SGS AI,1433,,,800,Yes
Rule-Based AI v2 vs 1SGS AI,1434,2,oneSGS,11,No
Rule-Based AI v2 vs 1SGS AI,1435,1,rule_v2,2,No
Rule-Based AI v2 vs 1SGS AI,1436,0,oneSGS,17,No
Rule-Based AI v2 vs 1SGS AI,1437,3,rule_v2,12,No
Rule-Based AI v2 vs 1SGS AI,1438,,,800,Yes
Rule-Based AI v2 vs 1SGS AI,1439,2,rule_v2,23,No
Rule-Based AI v2 vs 1SGS AI,1440,3,oneSGS,48,No
Rule-Based AI v2 vs 1SGS AI,1441,1,rule_v2,22,No
Rule-Based AI v2 vs 1SGS AI,1442,3,oneSGS,28,No
Rule-Based AI v2 vs 1SGS AI,1443,2,oneSGS,31,No
Rule-Based AI v2 vs 1SGS AI,1444,1,oneSGS,42,No
Rule-Based AI v2 vs 1SGS AI,1445,0,rule_v2,33,No
Rule-Based AI v2 vs 1SGS AI,1446,0,rule_v2,29,No
Rule-Based AI v2 vs 1SGS AI,1447,3,rule_v2,16,No
Rule-Based AI v2 vs 1SGS AI,1448,,,800,Yes
Rule-Based AI v2 vs 1SGS AI,1449,2,oneSGS,23,No
Rule-Based AI v2 vs 1SGS AI,1450,0,oneSGS,17,No
Rule-Based AI v2 vs 1SGS AI,1451,,,800,Yes
Rule-Based AI v2 vs 1SGS AI,1452,3,oneSGS,8,No
Rule-Based AI v2 vs 1SGS AI,1453,3,rule_v2,32,No
Rule-Based AI v2 vs 1SGS AI,1454,,,800,Yes
Rule-Based AI v2 vs 1SGS AI,1455,2,rule_v2,7,No
Rule-Based AI v2 vs 1SGS AI,1456,0,oneSGS,33,No
Rule-Based AI v2 vs 1SGS AI,1457,,,800,Yes
Rule-Based AI v2 vs 1SGS AI,1458,3,oneSGS,16,No
Rule-Based AI v2 vs 1SGS AI,1459,0,oneSGS,37,No
Rule-Based AI v2 vs 1SGS AI,1460,,,800,Yes
Rule-Based AI v2 vs 1SGS AI,1461,1,oneSGS,38,No
Rule-Based AI v2 vs 1SGS AI,1462,,,800,Yes
Rule-Based AI v2 vs 1SGS AI,1463,2,oneSGS,19,No
Rule-Based AI v2 vs 1SGS AI,1464,,,800,Yes
Rule-Based AI v2 vs 1SGS AI,1465,2,rule_v2,11,No
Rule-Based AI v2 vs 1SGS AI,1466,3,oneSGS,32,No
Rule-Based AI v2 vs 1SGS AI,1467,0,oneSGS,9,No
Rule-Based AI v2 vs 1SGS AI,1468,1,oneSGS,42,No
Rule-Based AI v2 vs 1SGS AI,1469,3,rule_v2,12,No
Rule-Based AI v2 vs 1SGS AI,1470,0,rule_v2,33,No
Rule-Based AI v2 vs 1SGS AI,1471,1,rule_v2,38,No
Rule-Based AI v2 vs 1SGS AI,1472,,,800,Yes
Rule-Based AI v2 vs 1SGS AI,1473,2,rule_v2,43,No
Rule-Based AI v2 vs 1SGS AI,1474,2,rule_v2,35,No
Rule-Based AI v2 vs 1SGS AI,1475,,,800,Yes
Rule-Based AI v2 vs 1SGS AI,1476,0,oneSGS,37,No
Rule-Based AI v2 vs 1SGS AI,1477,1,oneSGS,46,No
Rule-Based AI v2 vs 1SGS AI,1478,1,oneSGS,38,No
Rule-Based AI v2 vs 1SGS AI,1479,2,rule_v2,31,No
Rule-Based AI v2 vs 1SGS AI,1480,0,oneSGS,33,No
Rule-Based AI v2 vs 1SGS AI,1481,3,rule_v2,8,No
Rule-Based AI v2 vs 1SGS AI,1482,1,oneSGS,30,No
Rule-Based AI v2 vs 1SGS AI,1483,2,oneSGS,35,No
Rule-Based AI v2 vs 1SGS AI,1484,3,rule_v2,48,No
Rule-Based AI v2 vs 1SGS AI,1485,,,800,Yes
Rule-Based AI v2 vs 1SGS AI,1486,0,rule_v2,25,No
Rule-Based AI v2 vs 1SGS AI,1487,2,rule_v2,39,No
Rule-Based AI v2 vs 1SGS AI,1488,3,oneSGS,32,No
Rule-Based AI v2 vs 1SGS AI,1489,0,oneSGS,41,No
Rule-Based AI v2 vs 1SGS AI,1490,,,800,Yes
Rule-Based AI v2 vs 1SGS AI,1491,0,rule_v2,41,No
Rule-Based AI v2 vs 1SGS AI,1492,2,rule_v2,27,No
Rule-Based AI v2 vs 1SGS AI,1493,2,oneSGS,19,No
Rule-Based AI v2 vs 1SGS AI,1494,,,800,Yes
Rule-Based AI v2 vs 1SGS AI,1495,,,800,Yes
Rule-Based AI v2 vs 1SGS AI,1496,1,rule_v2,46,No
Rule-Based AI v2 vs 1SGS AI,1497,2,rule_v2,27,No
Rule-Based AI v2 vs 1SGS AI,1498,,,800,Yes
Rule-Based AI v2 vs 1SGS AI,1499,,,800,Yes
Rule-Based AI v2 vs 1SGS AI,1500,,,800,Yes
Rule-Based AI v2 vs 1SGS AI,1501,,,800,Yes
Rule-Based AI v2 vs 1SGS AI,1502,,,800,Yes
Rule-Based AI v2 vs 1SGS AI,1503,1,oneSGS,6,No
Rule-Based AI v2 vs 1SGS AI,1504,2,oneSGS,27,No
Rule-Based AI v2 vs 1SGS AI,1505,,,800,Yes
Rule-Based AI v2 vs 1SGS AI,1506,,,800,Yes
Rule-Based AI v2 vs 1SGS AI,1507,1,rule_v2,30,No
Rule-Based AI v2 vs 1SGS AI,1508,2,rule_v2,19,No
Rule-Based AI v2 vs 1SGS AI,1509,,,800,Yes
Rule-Based AI v2 vs 1SGS AI,1510,,,800,Yes
Rule-Based AI v2 vs 1SGS AI,1511,,,800,Yes
Rule-Based AI v2 vs 1SGS AI,1512,2,rule_v2,35,No
Rule-Based AI v2 vs 1SGS AI,1513,3,rule_v2,44,No
Rule-Based AI v2 vs 1SGS AI,1514,3,rule_v2,32,No
Rule-Based AI v2 vs 1SGS AI,1515,1,rule_v2,30,No
Rule-Based AI v2 vs 1SGS AI,1516,,,800,Yes
Rule-Based AI v2 vs 1SGS AI,1517,,,800,Yes
Rule-Based AI v2 vs 1SGS AI,1518,,,800,Yes
Rule-Based AI v2 vs 1SGS AI,1519,1,rule_v2,22,No
Rule-Based AI v2 vs 1SGS AI,1520,,,800,Yes
Rule-Based AI v2 vs 1SGS AI,1521,,,800,Yes
Rule-Based AI v2 vs 1SGS AI,1522,,,800,Yes
Rule-Based AI v2 vs 1SGS AI,1523,0,rule_v2,9,No
Rule-Based AI v2 vs 1SGS AI,1524,2,rule_v2,27,No
Rule-Based AI v2 vs 1SGS AI,1525,,,800,Yes
Rule-Based AI v2 vs 1SGS AI,1526,3,rule_v2,32,No
Rule-Based AI v2 vs 1SGS AI,1527,1,rule_v2,18,No
Rule-Based AI v2 vs 1SGS AI,1528,,,800,Yes
Rule-Based AI v2 vs 1SGS AI,1529,3,rule_v2,28,No
Rule-Based AI v2 vs 1SGS AI,1530,1,rule_v2,30,No
Rule-Based AI v2 vs 1SGS AI,1531,0,rule_v2,45,No
Rule-Based AI v2 vs 1SGS AI,1532,1,rule_v2,42,No
Rule-Based AI v2 vs 1SGS AI,1533,2,oneSGS,47,No
Rule-Based AI v2 vs 1SGS AI,1534,,,800,Yes
Rule-Based AI v2 vs 1SGS AI,1535,3,rule_v2,28,No
Rule-Based AI v2 vs 1SGS AI,1536,,,800,Yes
Rule-Based AI v2 vs 1SGS AI,1537,,,800,Yes
Rule-Based AI v2 vs 1SGS AI,1538,2,rule_v2,27,No
Rule-Based AI v2 vs 1SGS AI,1539,2,oneSGS,47,No
Rule-Based AI v2 vs 1SGS AI,1540,,,800,Yes
Rule-Based AI v2 vs 1SGS AI,1541,0,rule_v2,21,No
Rule-Based AI v2 vs 1SGS AI,1542,1,oneSGS,6,No
Rule-Based AI v2 vs 1SGS AI,1543,0,rule_v2,37,No
Rule-Based AI v2 vs 1SGS AI,1544,2,oneSGS,39,No
Rule-Based AI v2 vs 1SGS AI,1545,1,oneSGS,30,No
Rule-Based AI v2 vs 1SGS AI,1546,3,oneSGS,24,No
Rule-Based AI v2 vs 1SGS AI,1547,1,rule_v2,10,No
Rule-Based AI v2 vs 1SGS AI,1548,0,oneSGS,9,No
Rule-Based AI v2 vs 1SGS AI,1549,2,oneSGS,11,No
Rule-Based AI v2 vs 1SGS AI,1550,0,rule_v2,21,No
Rule-Based AI v2 vs 1SGS AI,1551,,,800,Yes
Rule-Based AI v2 vs 1SGS AI,1552,2,oneSGS,27,No
Rule-Based AI v2 vs 1SGS AI,1553,,,800,Yes
Rule-Based AI v2 vs 1SGS AI,1554,1,rule_v2,34,No
Rule-Based AI v2 vs 1SGS AI,1555,1,oneSGS,22,No
Rule-Based AI v2 vs 1SGS AI,1556,,,800,Yes
Rule-Based AI v2 vs 1SGS AI,1557,0,rule_v2,13,No
Rule-Based AI v2 vs 1SGS AI,1558,2,rule_v2,23,No
Rule-Based AI v2 vs 1SGS AI,1559,1,rule_v2,38,No
Rule-Based AI v2 vs 1SGS AI,1560,,,800,Yes
Rule-Based AI v2 vs 1SGS AI,1561,2,rule_v2,39,No
Rule-Based AI v2 vs 1SGS AI,1562,2,oneSGS,31,No
Rule-Based AI v2 vs 1SGS AI,1563,1,rule_v2,22,No
Rule-Based AI v2 vs 1SGS AI,1564,2,oneSGS,39,No
Rule-Based AI v2 vs 1SGS AI,1565,2,oneSGS,35,No
Rule-Based AI v2 vs 1SGS AI,1566,3,rule_v2,20,No
Rule-Based AI v2 vs 1SGS AI,1567,1,oneSGS,46,No
Rule-Based AI v2 vs 1SGS AI,1568,3,rule_v2,28,No
Rule-Based AI v2 vs 1SGS AI,1569,1,oneSGS,10,No
Rule-Based AI v2 vs 1SGS AI,1570,1,oneSGS,46,No
Rule-Based AI v2 vs 1SGS AI,1571,0,oneSGS,37,No
Rule-Based AI v2 vs 1SGS AI,1572,,,800,Yes
Rule-Based AI v2 vs 1SGS AI,1573,,,800,Yes
Rule-Based AI v2 vs 1SGS AI,1574,1,rule_v2,14,No
Rule-Based AI v2 vs 1SGS AI,1575,,,800,Yes
Rule-Based AI v2 vs 1SGS AI,1576,,,800,Yes
Rule-Based AI v2 vs 1SGS AI,1577,2,rule_v2,47,No
Rule-Based AI v2 vs 1SGS AI,1578,1,rule_v2,38,No
Rule-Based AI v2 vs 1SGS AI,1579,,,800,Yes
Rule-Based AI v2 vs 1SGS AI,1580,2,rule_v2,47,No
Rule-Based AI v2 vs 1SGS AI,1581,1,oneSGS,26,No
Rule-Based AI v2 vs 1SGS AI,1582,2,rule_v2,15,No
Rule-Based AI v2 vs 1SGS AI,1583,1,oneSGS,42,No
Rule-Based AI v2 vs 1SGS AI,1584,,,800,Yes
Rule-Based AI v2 vs 1SGS AI,1585,2,rule_v2,35,No
Rule-Based AI v2 vs 1SGS AI,1586,3,rule_v2,8,No
Rule-Based AI v2 vs 1SGS AI,1587,3,rule_v2,44,No
Rule-Based AI v2 vs 1SGS AI,1588,0,rule_v2,33,No
Rule-Based AI v2 vs 1SGS AI,1589,0,rule_v2,25,No
Rule-Based AI v2 vs 1SGS AI,1590,1,rule_v2,34,No
Rule-Based AI v2 vs 1SGS AI,1591,,,800,Yes
Rule-Based AI v2 vs 1SGS AI,1592,0,oneSGS,33,No
Rule-Based AI v2 vs 1SGS AI,1593,,,800,Yes
Rule-Based AI v2 vs 1SGS AI,1594,1,rule_v2,10,No
Rule-Based AI v2 vs 1SGS AI,1595,2,oneSGS,47,No
Rule-Based AI v2 vs 1SGS AI,1596,,,800,Yes
Rule-Based AI v2 vs 1SGS AI,1597,1,oneSGS,18,No
Rule-Based AI v2 vs 1SGS AI,1598,,,800,Yes
Rule-Based AI v2 vs 1SGS AI,1599,,,800,Yes
Rule-Based AI v2 vs 1SGS AI,1600,1,rule_v2,34,No
Rule-Based AI v2 vs 1SGS AI,1601,0,rule_v2,29,No
Rule-Based AI v2 vs 1SGS AI,1602,0,rule_v2,25,No
Rule-Based AI v2 vs 1SGS AI,1603,2,rule_v2,35,No
Rule-Based AI v2 vs 1SGS AI,1604,3,rule_v2,32,No
Rule-Based AI v2 vs 1SGS AI,1605,2,rule_v2,23,No
Rule-Based AI v2 vs 1SGS AI,1606,2,oneSGS,31,No
Rule-Based AI v2 vs 1SGS AI,1607,3,rule_v2,48,No
Rule-Based AI v2 vs 1SGS AI,1608,0,oneSGS,29,No
Rule-Based AI v2 vs 1SGS AI,1609,0,rule_v2,45,No
Rule-Based AI v2 vs 1SGS AI,1610,,,800,Yes
Rule-Based AI v2 vs 1SGS AI,1611,,,800,Yes
Rule-Based AI v2 vs 1SGS AI,1612,0,rule_v2,33,No
Rule-Based AI v2 vs 1SGS AI,1613,,,800,Yes
Rule-Based AI v2 vs 1SGS AI,1614,,,800,Yes
Rule-Based AI v2 vs 1SGS AI,1615,,,800,Yes
Rule-Based AI v2 vs 1SGS AI,1616,3,rule_v2,36,No
Rule-Based AI v2 vs 1SGS AI,1617,1,rule_v2,26,No
Rule-Based AI v2 vs 1SGS AI,1618,,,800,Yes
Rule-Based AI v2 vs 1SGS AI,1619,3,oneSGS,32,No
Rule-Based AI v2 vs 1SGS AI,1620,3,rule_v2,24,No
Rule-Based AI v2 vs 1SGS AI,1621,,,800,Yes
Rule-Based AI v2 vs 1SGS AI,1622,,,800,Yes
Rule-Based AI v2 vs 1SGS AI,1623,,,800,Yes
Rule-Based AI v2 vs 1SGS AI,1624,1,oneSGS,42,No
Rule-Based AI v2 vs 1SGS AI,1625,2,rule_v2,15,No
Rule-Based AI v2 vs 1SGS AI,1626,0,rule_v2,33,No
Rule-Based AI v2 vs 1SGS AI,1627,2,oneSGS,47,No
Rule-Based AI v2 vs 1SGS AI,1628,,,800,Yes
Rule-Based AI v2 vs 1SGS AI,1629,,,800,Yes
Rule-Based AI v2 vs 1SGS AI,1630,3,oneSGS,24,No
Rule-Based AI v2 vs 1SGS AI,1631,2,rule_v2,31,No
Rule-Based AI v2 vs 1SGS AI,1632,3,rule_v2,44,No
Rule-Based AI v2 vs 1SGS AI,1633,3,oneSGS,36,No
Rule-Based AI v2 vs 1SGS AI,1634,2,rule_v2,23,No
Rule-Based AI v2 vs 1SGS AI,1635,1,oneSGS,22,No
Rule-Based AI v2 vs 1SGS AI,1636,3,rule_v2,20,No
Rule-Based AI v2 vs 1SGS AI,1637,0,rule_v2,25,No
Rule-Based AI v2 vs 1SGS AI,1638,,,800,Yes
Rule-Based AI v2 vs 1SGS AI,1639,1,oneSGS,34,No
Rule-Based AI v2 vs 1SGS AI,1640,,,800,Yes
Rule-Based AI v2 vs 1SGS AI,1641,,,800,Yes
Rule-Based AI v2 vs 1SGS AI,1642,0,oneSGS,13,No
Rule-Based AI v2 vs 1SGS AI,1643,0,oneSGS,13,No
Rule-Based AI v2 vs 1SGS AI,1644,,,800,Yes
Rule-Based AI v2 vs 1SGS AI,1645,1,oneSGS,38,No
Rule-Based AI v2 vs 1SGS AI,1646,1,rule_v2,10,No
Rule-Based AI v2 vs 1SGS AI,1647,3,rule_v2,44,No
Rule-Based AI v2 vs 1SGS AI,1648,,,800,Yes
Rule-Based AI v2 vs 1SGS AI,1649,,,800,Yes
Rule-Based AI v2 vs 1SGS AI,1650,2,rule_v2,43,No
Rule-Based AI v2 vs 1SGS AI,1651,1,oneSGS,46,No
Rule-Based AI v2 vs 1SGS AI,1652,0,oneSGS,21,No
Rule-Based AI v2 vs 1SGS AI,1653,2,rule_v2,23,No
Rule-Based AI v2 vs 1SGS AI,1654,3,oneSGS,32,No
Rule-Based AI v2 vs 1SGS AI,1655,2,oneSGS,11,No
Rule-Based AI v2 vs 1SGS AI,1656,0,rule_v2,37,No
Rule-Based AI v2 vs 1SGS AI,1657,,,800,Yes
Rule-Based AI v2 vs 1SGS AI,1658,1,rule_v2,30,No
Rule-Based AI v2 vs 1SGS AI,1659,3,rule_v2,12,No
Rule-Based AI v2 vs 1SGS AI,1660,,,800,Yes
Rule-Based AI v2 vs 1SGS AI,1661,1,oneSGS,46,No
Rule-Based AI v2 vs 1SGS AI,1662,0,oneSGS,29,No
Rule-Based AI v2 vs 1SGS AI,1663,2,oneSGS,43,No
Rule-Based AI v2 vs 1SGS AI,1664,3,rule_v2,44,No
Rule-Based AI v2 vs 1SGS AI,1665,3,oneSGS,20,No
Rule-Based AI v2 vs 1SGS AI,1666,2,rule_v2,31,No
Rule-Based AI v2 vs 1SGS AI,1667,,,800,Yes
Rule-Based AI v2 vs 1SGS AI,1668,,,800,Yes
Rule-Based AI v2 vs 1SGS AI,1669,,,800,Yes
Rule-Based AI v2 vs 1SGS AI,1670,0,rule_v2,41,No
Rule-Based AI v2 vs 1SGS AI,1671,1,oneSGS,30,No
Rule-Based AI v2 vs 1SGS AI,1672,3,rule_v2,48,No
Rule-Based AI v2 vs 1SGS AI,1673,2,oneSGS,31,No
Rule-Based AI v2 vs 1SGS AI,1674,1,rule_v2,30,No
Rule-Based AI v2 vs 1SGS AI,1675,3,oneSGS,24,No
Rule-Based AI v2 vs 1SGS AI,1676,,,800,Yes
Rule-Based AI v2 vs 1SGS AI,1677,,,800,Yes
Rule-Based AI v2 vs 1SGS AI,1678,,,800,Yes
Rule-Based AI v2 vs 1SGS AI,1679,,,800,Yes
Rule-Based AI v2 vs 1SGS AI,1680,3,rule_v2,44,No
Rule-Based AI v2 vs 1SGS AI,1681,1,rule_v2,10,No
Rule-Based AI v2 vs 1SGS AI,1682,0,rule_v2,29,No
Rule-Based AI v2 vs 1SGS AI,1683,2,rule_v2,11,No
Rule-Based AI v2 vs 1SGS AI,1684,,,800,Yes
Rule-Based AI v2 vs 1SGS AI,1685,0,oneSGS,29,No
Rule-Based AI v2 vs 1SGS AI,1686,2,oneSGS,27,No
Rule-Based AI v2 vs 1SGS AI,1687,2,rule_v2,23,No
Rule-Based AI v2 vs 1SGS AI,1688,0,oneSGS,33,No
Rule-Based AI v2 vs 1SGS AI,1689,2,rule_v2,43,No
Rule-Based AI v2 vs 1SGS AI,1690,1,rule_v2,42,No
Rule-Based AI v2 vs 1SGS AI,1691,2,oneSGS,43,No
Rule-Based AI v2 vs 1SGS AI,1692,0,rule_v2,25,No
Rule-Based AI v2 vs 1SGS AI,1693,0,rule_v2,9,No
Rule-Based AI v2 vs 1SGS AI,1694,,,800,Yes
Rule-Based AI v2 vs 1SGS AI,1695,,,800,Yes
Rule-Based AI v2 vs 1SGS AI,1696,,,800,Yes
Rule-Based AI v2 vs 1SGS AI,1697,,,800,Yes
Rule-Based AI v2 vs 1SGS AI,1698,1,rule_v2,10,No
Rule-Based AI v2 vs 1SGS AI,1699,,,800,Yes
Rule-Based AI v2 vs 1SGS AI,1700,2,rule_v2,47,No
Rule-Based AI v2 vs 1SGS AI,1701,,,800,Yes
Rule-Based AI v2 vs 1SGS AI,1702,,,800,Yes
Rule-Based AI v2 vs 1SGS AI,1703,,,800,Yes
Rule-Based AI v2 vs 1SGS AI,1704,,,800,Yes
Rule-Based AI v2 vs 1SGS AI,1705,2,rule_v2,47,No
Rule-Based AI v2 vs 1SGS AI,1706,3,rule_v2,24,No
Rule-Based AI v2 vs 1SGS AI,1707,1,oneSGS,14,No
Rule-Based AI v2 vs 1SGS AI,1708,,,800,Yes
Rule-Based AI v2 vs 1SGS AI,1709,1,rule_v2,38,No
Rule-Based AI v2 vs 1SGS AI,1710,0,rule_v2,13,No
Rule-Based AI v2 vs 1SGS AI,1711,0,rule_v2,33,No
Rule-Based AI v2 vs 1SGS AI,1712,,,800,Yes
Rule-Based AI v2 vs 1SGS AI,1713,2,rule_v2,27,No
Rule-Based AI v2 vs 1SGS AI,1714,,,800,Yes
Rule-Based AI v2 vs 1SGS AI,1715,1,rule_v2,46,No
Rule-Based AI v2 vs 1SGS AI,1716,0,oneSGS,37,No
Rule-Based AI v2 vs 1SGS AI,1717,3,oneSGS,20,No
Rule-Based AI v2 vs 1SGS AI,1718,,,800,Yes
Rule-Based AI v2 vs 1SGS AI,1719,0,oneSGS,25,No
Rule-Based AI v2 vs 1SGS AI,1720,,,800,Yes
Rule-Based AI v2 vs 1SGS AI,1721,1,oneSGS,34,No
Rule-Based AI v2 vs 1SGS AI,1722,0,rule_v2,41,No
Rule-Based AI v2 vs 1SGS AI,1723,2,rule_v2,35,No
Rule-Based AI v2 vs 1SGS AI,1724,,,800,Yes
Rule-Based AI v2 vs 1SGS AI,1725,0,oneSGS,17,No
Rule-Based AI v2 vs 1SGS AI,1726,0,rule_v2,21,No
Rule-Based AI v2 vs 1SGS AI,1727,0,rule_v2,17,No
Rule-Based AI v2 vs 1SGS AI,1728,0,oneSGS,25,No
Rule-Based AI v2 vs 1SGS AI,1729,1,oneSGS,10,No
Rule-Based AI v2 vs 1SGS AI,1730,,,800,Yes
Rule-Based AI v2 vs 1SGS AI,1731,,,800,Yes
Rule-Based AI v2 vs 1SGS AI,1732,1,rule_v2,22,No
Rule-Based AI v2 vs 1SGS AI,1733,2,rule_v2,39,No
Rule-Based AI v2 vs 1SGS AI,1734,0,oneSGS,13,No
Rule-Based AI v2 vs 1SGS AI,1735,0,oneSGS,29,No
Rule-Based AI v2 vs 1SGS AI,1736,3,rule_v2,36,No
Rule-Based AI v2 vs 1SGS AI,1737,1,rule_v2,30,No
Rule-Based AI v2 vs 1SGS AI,1738,0,rule_v2,41,No
Rule-Based AI v2 vs 1SGS AI,1739,3,rule_v2,28,No
Rule-Based AI v2 vs 1SGS AI,1740,,,800,Yes
Rule-Based AI v2 vs 1SGS AI,1741,,,800,Yes
Rule-Based AI v2 vs 1SGS AI,1742,2,oneSGS,35,No
Rule-Based AI v2 vs 1SGS AI,1743,0,oneSGS,17,No
Rule-Based AI v2 vs 1SGS AI,1744,0,rule_v2,25,No
Rule-Based AI v2 vs 1SGS AI,1745,,,800,Yes
Rule-Based AI v2 vs 1SGS AI,1746,,,800,Yes
Rule-Based AI v2 vs 1SGS AI,1747,3,rule_v2,40,No
Rule-Based AI v2 vs 1SGS AI,1748,2,oneSGS,27,No
Rule-Based AI v2 vs 1SGS AI,1749,,,800,Yes
Rule-Based AI v2 vs 1SGS AI,1750,,,800,Yes
Rule-Based AI v2 vs 1SGS AI,1751,1,oneSGS,14,No
Rule-Based AI v2 vs 1SGS AI,1752,0,rule_v2,37,No
Rule-Based AI v2 vs 1SGS AI,1753,,,800,Yes
Rule-Based AI v2 vs 1SGS AI,1754,0,rule_v2,41,No
Rule-Based AI v2 vs 1SGS AI,1755,,,800,Yes
Rule-Based AI v2 vs 1SGS AI,1756,2,rule_v2,3,No
Rule-Based AI v2 vs 1SGS AI,1757,2,oneSGS,39,No
Rule-Based AI v2 vs 1SGS AI,1758,0,oneSGS,17,No
Rule-Based AI v2 vs 1SGS AI,1759,1,rule_v2,46,No
Rule-Based AI v2 vs 1SGS AI,1760,1,rule_v2,38,No
Rule-Based AI v2 vs 1SGS AI,1761,0,oneSGS,45,No
Rule-Based AI v2 vs 1SGS AI,1762,,,800,Yes
Rule-Based AI v2 vs 1SGS AI,1763,,,800,Yes
Rule-Based AI v2 vs 1SGS AI,1764,,,800,Yes
Rule-Based AI v2 vs 1SGS AI,1765,0,rule_v2,21,No
Rule-Based AI v2 vs 1SGS AI,1766,1,rule_v2,46,No
Rule-Based AI v2 vs 1SGS AI,1767,0,rule_v2,21,No
Rule-Based AI v2 vs 1SGS AI,1768,,,800,Yes
Rule-Based AI v2 vs 1SGS AI,1769,,,800,Yes
Rule-Based AI v2 vs 1SGS AI,1770,,,800,Yes
Rule-Based AI v2 vs 1SGS AI,1771,0,oneSGS,17,No
Rule-Based AI v2 vs 1SGS AI,1772,,,800,Yes
Rule-Based AI v2 vs 1SGS AI,1773,0,rule_v2,25,No
Rule-Based AI v2 vs 1SGS AI,1774,,,800,Yes
Rule-Based AI v2 vs 1SGS AI,1775,1,oneSGS,26,No
Rule-Based AI v2 vs 1SGS AI,1776,1,oneSGS,42,No
Rule-Based AI v2 vs 1SGS AI,1777,3,rule_v2,36,No
Rule-Based AI v2 vs 1SGS AI,1778,1,oneSGS,26,No
Rule-Based AI v2 vs 1SGS AI,1779,3,rule_v2,36,No
Rule-Based AI v2 vs 1SGS AI,1780,2,oneSGS,35,No
Rule-Based AI v2 vs 1SGS AI,1781,0,oneSGS,33,No
Rule-Based AI v2 vs 1SGS AI,1782,,,800,Yes
Rule-Based AI v2 vs 1SGS AI,1783,,,800,Yes
Rule-Based AI v2 vs 1SGS AI,1784,2,rule_v2,39,No
Rule-Based AI v2 vs 1SGS AI,1785,1,oneSGS,22,No
Rule-Based AI v2 vs 1SGS AI,1786,,,800,Yes
Rule-Based AI v2 vs 1SGS AI,1787,2,rule_v2,31,No
Rule-Based AI v2 vs 1SGS AI,1788,2,rule_v2,35,No
Rule-Based AI v2 vs 1SGS AI,1789,,,800,Yes
Rule-Based AI v2 vs 1SGS AI,1790,,,800,Yes
Rule-Based AI v2 vs 1SGS AI,1791,1,rule_v2,34,No
Rule-Based AI v2 vs 1SGS AI,1792,,,800,Yes
Rule-Based AI v2 vs 1SGS AI,1793,,,800,Yes
Rule-Based AI v2 vs 1SGS AI,1794,,,800,Yes
Rule-Based AI v2 vs 1SGS AI,1795,0,rule_v2,9,No
Rule-Based AI v2 vs 1SGS AI,1796,1,oneSGS,2,No
Rule-Based AI v2 vs 1SGS AI,1797,0,oneSGS,41,No
Rule-Based AI v2 vs 1SGS AI,1798,1,oneSGS,14,No
Rule-Based AI v2 vs 1SGS AI,1799,3,rule_v2,36,No
Rule-Based AI v2 vs 1SGS AI,1800,,,800,Yes
Rule-Based AI v2 vs 1SGS AI,1801,,,800,Yes
Rule-Based AI v2 vs 1SGS AI,1802,1,rule_v2,18,No
Rule-Based AI v2 vs 1SGS AI,1803,1,rule_v2,22,No
Rule-Based AI v2 vs 1SGS AI,1804,,,800,Yes
Rule-Based AI v2 vs 1SGS AI,1805,1,oneSGS,34,No
Rule-Based AI v2 vs 1SGS AI,1806,2,rule_v2,43,No
Rule-Based AI v2 vs 1SGS AI,1807,3,rule_v2,40,No
Rule-Based AI v2 vs 1SGS AI,1808,,,800,Yes
Rule-Based AI v2 vs 1SGS AI,1809,3,oneSGS,48,No
Rule-Based AI v2 vs 1SGS AI,1810,,,800,Yes
Rule-Based AI v2 vs 1SGS AI,1811,3,rule_v2,48,No
Rule-Based AI v2 vs 1SGS AI,1812,0,rule_v2,17,No
Rule-Based AI v2 vs 1SGS AI,1813,3,oneSGS,28,No
Rule-Based AI v2 vs 1SGS AI,1814,,,800,Yes
Rule-Based AI v2 vs 1SGS AI,1815,0,rule_v2,33,No
Rule-Based AI v2 vs 1SGS AI,1816,1,rule_v2,34,No
Rule-Based AI v2 vs 1SGS AI,1817,1,rule_v2,34,No
Rule-Based AI v2 vs 1SGS AI,1818,2,oneSGS,27,No
Rule-Based AI v2 vs 1SGS AI,1819,1,rule_v2,18,No
Rule-Based AI v2 vs 1SGS AI,1820,,,800,Yes
Rule-Based AI v2 vs 1SGS AI,1821,2,rule_v2,19,No
Rule-Based AI v2 vs 1SGS AI,1822,2,rule_v2,31,No
Rule-Based AI v2 vs 1SGS AI,1823,3,rule_v2,48,No
Rule-Based AI v2 vs 1SGS AI,1824,1,oneSGS,34,No
Rule-Based AI v2 vs 1SGS AI,1825,3,rule_v2,48,No
Rule-Based AI v2 vs 1SGS AI,1826,0,rule_v2,37,No
Rule-Based AI v2 vs 1SGS AI,1827,3,oneSGS,24,No
Rule-Based AI v2 vs 1SGS AI,1828,,,800,Yes
Rule-Based AI v2 vs 1SGS AI,1829,1,oneSGS,26,No
Rule-Based AI v2 vs 1SGS AI,1830,3,rule_v2,32,No
Rule-Based AI v2 vs 1SGS AI,1831,1,rule_v2,34,No
Rule-Based AI v2 vs 1SGS AI,1832,,,800,Yes
Rule-Based AI v2 vs 1SGS AI,1833,3,rule_v2,20,No
Rule-Based AI v2 vs 1SGS AI,1834,2,rule_v2,23,No
Rule-Based AI v2 vs 1SGS AI,1835,,,800,Yes
Rule-Based AI v2 vs 1SGS AI,1836,,,800,Yes
Rule-Based AI v2 vs 1SGS AI,1837,,,800,Yes
Rule-Based AI v2 vs 1SGS AI,1838,,,800,Yes
Rule-Based AI v2 vs 1SGS AI,1839,0,rule_v2,37,No
Rule-Based AI v2 vs 1SGS AI,1840,3,rule_v2,28,No
Rule-Based AI v2 vs 1SGS AI,1841,2,oneSGS,47,No
Rule-Based AI v2 vs 1SGS AI,1842,,,800,Yes
Rule-Based AI v2 vs 1SGS AI,1843,,,800,Yes
Rule-Based AI v2 vs 1SGS AI,1844,0,rule_v2,37,No
Rule-Based AI v2 vs 1SGS AI,1845,0,rule_v2,37,No
Rule-Based AI v2 vs 1SGS AI,1846,2,oneSGS,47,No
Rule-Based AI v2 vs 1SGS AI,1847,3,oneSGS,40,No
Rule-Based AI v2 vs 1SGS AI,1848,,,800,Yes
Rule-Based AI v2 vs 1SGS AI,1849,,,800,Yes
Rule-Based AI v2 vs 1SGS AI,1850,,,800,Yes
Rule-Based AI v2 vs 1SGS AI,1851,,,800,Yes
Rule-Based AI v2 vs 1SGS AI,1852,3,rule_v2,32,No
Rule-Based AI v2 vs 1SGS AI,1853,0,oneSGS,17,No
Rule-Based AI v2 vs 1SGS AI,1854,1,oneSGS,22,No
Rule-Based AI v2 vs 1SGS AI,1855,2,oneSGS,23,No
Rule-Based AI v2 vs 1SGS AI,1856,,,800,Yes
Rule-Based AI v2 vs 1SGS AI,1857,1,rule_v2,34,No
Rule-Based AI v2 vs 1SGS AI,1858,,,800,Yes
Rule-Based AI v2 vs 1SGS AI,1859,,,800,Yes
Rule-Based AI v2 vs 1SGS AI,1860,3,rule_v2,8,No
Rule-Based AI v2 vs 1SGS AI,1861,0,rule_v2,17,No
Rule-Based AI v2 vs 1SGS AI,1862,0,oneSGS,25,No
Rule-Based AI v2 vs 1SGS AI,1863,0,rule_v2,17,No
Rule-Based AI v2 vs 1SGS AI,1864,,,800,Yes
Rule-Based AI v2 vs 1SGS AI,1865,,,800,Yes
Rule-Based AI v2 vs 1SGS AI,1866,2,oneSGS,39,No
Rule-Based AI v2 vs 1SGS AI,1867,,,800,Yes
Rule-Based AI v2 vs 1SGS AI,1868,2,oneSGS,43,No
Rule-Based AI v2 vs 1SGS AI,1869,0,rule_v2,29,No
Rule-Based AI v2 vs 1SGS AI,1870,3,rule_v2,40,No
Rule-Based AI v2 vs 1SGS AI,1871,,,800,Yes
Rule-Based AI v2 vs 1SGS AI,1872,0,rule_v2,21,No
Rule-Based AI v2 vs 1SGS AI,1873,,,800,Yes
Rule-Based AI v2 vs 1SGS AI,1874,2,rule_v2,47,No
Rule-Based AI v2 vs 1SGS AI,1875,,,800,Yes
Rule-Based AI v2 vs 1SGS AI,1876,,,800,Yes
Rule-Based AI v2 vs 1SGS AI,1877,,,800,Yes
Rule-Based AI v2 vs 1SGS AI,1878,,,800,Yes
Rule-Based AI v2 vs 1SGS AI,1879,1,rule_v2,46,No
Rule-Based AI v2 vs 1SGS AI,1880,0,rule_v2,41,No
Rule-Based AI v2 vs 1SGS AI,1881,0,oneSGS,13,No
Rule-Based AI v2 vs 1SGS AI,1882,2,oneSGS,31,No
Rule-Based AI v2 vs 1SGS AI,1883,2,rule_v2,19,No
Rule-Based AI v2 vs 1SGS AI,1884,1,rule_v2,10,No
Rule-Based AI v2 vs 1SGS AI,1885,3,rule_v2,40,No
Rule-Based AI v2 vs 1SGS AI,1886,1,rule_v2,30,No
Rule-Based AI v2 vs 1SGS AI,1887,,,800,Yes
Rule-Based AI v2 vs 1SGS AI,1888,0,oneSGS,37,No
Rule-Based AI v2 vs 1SGS AI,1889,3,rule_v2,8,No
Rule-Based AI v2 vs 1SGS AI,1890,1,oneSGS,34,No
Rule-Based AI v2 vs 1SGS AI,1891,2,oneSGS,43,No
Rule-Based AI v2 vs 1SGS AI,1892,2,rule_v2,39,No
Rule-Based AI v2 vs 1SGS AI,1893,0,rule_v2,41,No
Rule-Based AI v2 vs 1SGS AI,1894,,,800,Yes
Rule-Based AI v2 vs 1SGS AI,1895,,,800,Yes
Rule-Based AI v2 vs 1SGS AI,1896,2,rule_v2,47,No
Rule-Based AI v2 vs 1SGS AI,1897,,,800,Yes
Rule-Based AI v2 vs 1SGS AI,1898,2,oneSGS,35,No
Rule-Based AI v2 vs 1SGS AI,1899,2,oneSGS,23,No
Rule-Based AI v2 vs 1SGS AI,1900,0,rule_v2,13,No
Rule-Based AI v2 vs 1SGS AI,1901,2,oneSGS,27,No
Rule-Based AI v2 vs 1SGS AI,1902,2,oneSGS,7,No
Rule-Based AI v2 vs 1SGS AI,1903,,,800,Yes
Rule-Based AI v2 vs 1SGS AI,1904,,,800,Yes
Rule-Based AI v2 vs 1SGS AI,1905,,,800,Yes
Rule-Based AI v2 vs 1SGS AI,1906,1,oneSGS,14,No
Rule-Based AI v2 vs 1SGS AI,1907,0,oneSGS,21,No
Rule-Based AI v2 vs 1SGS AI,1908,,,800,Yes
Rule-Based AI v2 vs 1SGS AI,1909,3,oneSGS,36,No
Rule-Based AI v2 vs 1SGS AI,1910,,,800,Yes
Rule-Based AI v2 vs 1SGS AI,1911,3,rule_v2,40,No
Rule-Based AI v2 vs 1SGS AI,1912,2,rule_v2,35,No
Rule-Based AI v2 vs 1SGS AI,1913,3,rule_v2,36,No
Rule-Based AI v2 vs 1SGS AI,1914,1,oneSGS,34,No
Rule-Based AI v2 vs 1SGS AI,1915,1,oneSGS,34,No
Rule-Based AI v2 vs 1SGS AI,1916,1,oneSGS,26,No
Rule-Based AI v2 vs 1SGS AI,1917,,,800,Yes
Rule-Based AI v2 vs 1SGS AI,1918,2,rule_v2,39,No
Rule-Based AI v2 vs 1SGS AI,1919,0,oneSGS,29,No
Rule-Based AI v2 vs 1SGS AI,1920,3,rule_v2,16,No
Rule-Based AI v2 vs 1SGS AI,1921,,,800,Yes
Rule-Based AI v2 vs 1SGS AI,1922,0,rule_v2,29,No
Rule-Based AI v2 vs 1SGS AI,1923,,,800,Yes
Rule-Based AI v2 vs 1SGS AI,1924,0,oneSGS,45,No
Rule-Based AI v2 vs 1SGS AI,1925,,,800,Yes
Rule-Based AI v2 vs 1SGS AI,1926,,,800,Yes
Rule-Based AI v2 vs 1SGS AI,1927,,,800,Yes
Rule-Based AI v2 vs 1SGS AI,1928,0,oneSGS,21,No
Rule-Based AI v2 vs 1SGS AI,1929,2,oneSGS,15,No
Rule-Based AI v2 vs 1SGS AI,1930,1,rule_v2,26,No
Rule-Based AI v2 vs 1SGS AI,1931,0,rule_v2,21,No
Rule-Based AI v2 vs 1SGS AI,1932,,,800,Yes
Rule-Based AI v2 vs 1SGS AI,1933,,,800,Yes
Rule-Based AI v2 vs 1SGS AI,1934,,,800,Yes
Rule-Based AI v2 vs 1SGS AI,1935,3,rule_v2,44,No
Rule-Based AI v2 vs 1SGS AI,1936,2,rule_v2,23,No
Rule-Based AI v2 vs 1SGS AI,1937,3,oneSGS,20,No
Rule-Based AI v2 vs 1SGS AI,1938,1,rule_v2,42,No
Rule-Based AI v2 vs 1SGS AI,1939,,,800,Yes
Rule-Based AI v2 vs 1SGS AI,1940,1,rule_v2,42,No
Rule-Based AI v2 vs 1SGS AI,1941,,,800,Yes
Rule-Based AI v2 vs 1SGS AI,1942,2,oneSGS,31,No
Rule-Based AI v2 vs 1SGS AI,1943,,,800,Yes
Rule-Based AI v2 vs 1SGS AI,1944,,,800,Yes
Rule-Based AI v2 vs 1SGS AI,1945,3,oneSGS,32,No
Rule-Based AI v2 vs 1SGS AI,1946,,,800,Yes
Rule-Based AI v2 vs 1SGS AI,1947,1,rule_v2,18,No
Rule-Based AI v2 vs 1SGS AI,1948,1,rule_v2,46,No
Rule-Based AI v2 vs 1SGS AI,1949,2,rule_v2,23,No
Rule-Based AI v2 vs 1SGS AI,1950,,,800,Yes
Rule-Based AI v2 vs 1SGS AI,1951,2,rule_v2,47,No
Rule-Based AI v2 vs 1SGS AI,1952,0,oneSGS,25,No
Rule-Based AI v2 vs 1SGS AI,1953,1,oneSGS,46,No
Rule-Based AI v2 vs 1SGS AI,1954,0,rule_v2,21,No
Rule-Based AI v2 vs 1SGS AI,1955,1,rule_v2,22,No
Rule-Based AI v2 vs 1SGS AI,1956,0,oneSGS,21,No
Rule-Based AI v2 vs 1SGS AI,1957,3,rule_v2,32,No
Rule-Based AI v2 vs 1SGS AI,1958,0,oneSGS,33,No
Rule-Based AI v2 vs 1SGS AI,1959,3,oneSGS,48,No
Rule-Based AI v2 vs 1SGS AI,1960,0,rule_v2,33,No
Rule-Based AI v2 vs 1SGS AI,1961,2,rule_v2,11,No
Rule-Based AI v2 vs 1SGS AI,1962,1,oneSGS,34,No
Rule-Based AI v2 vs 1SGS AI,1963,3,rule_v2,40,No
Rule-Based AI v2 vs 1SGS AI,1964,,,800,Yes
Rule-Based AI v2 vs 1SGS AI,1965,,,800,Yes
Rule-Based AI v2 vs 1SGS AI,1966,1,oneSGS,34,No
Rule-Based AI v2 vs 1SGS AI,1967,,,800,Yes
Rule-Based AI v2 vs 1SGS AI,1968,,,800,Yes
Rule-Based AI v2 vs 1SGS AI,1969,,,800,Yes
Rule-Based AI v2 vs 1SGS AI,1970,,,800,Yes
Rule-Based AI v2 vs 1SGS AI,1971,,,800,Yes
Rule-Based AI v2 vs 1SGS AI,1972,0,oneSGS,45,No
Rule-Based AI v2 vs 1SGS AI,1973,,,800,Yes
Rule-Based AI v2 vs 1SGS AI,1974,,,800,Yes
Rule-Based AI v2 vs 1SGS AI,1975,,,800,Yes
Rule-Based AI v2 vs 1SGS AI,1976,2,oneSGS,23,No
Rule-Based AI v2 vs 1SGS AI,1977,0,oneSGS,29,No
Rule-Based AI v2 vs 1SGS AI,1978,2,oneSGS,31,No
Rule-Based AI v2 vs 1SGS AI,1979,,,800,Yes
Rule-Based AI v2 vs 1SGS AI,1980,,,800,Yes
Rule-Based AI v2 vs 1SGS AI,1981,2,rule_v2,31,No
Rule-Based AI v2 vs 1SGS AI,1982,2,oneSGS,3,No
Rule-Based AI v2 vs 1SGS AI,1983,3,rule_v2,28,No
Rule-Based AI v2 vs 1SGS AI,1984,,,800,Yes
Rule-Based AI v2 vs 1SGS AI,1985,0,rule_v2,29,No
Rule-Based AI v2 vs 1SGS AI,1986,0,rule_v2,33,No
Rule-Based AI v2 vs 1SGS AI,1987,1,rule_v2,26,No
Rule-Based AI v2 vs 1SGS AI,1988,,,800,Yes
Rule-Based AI v2 vs 1SGS AI,1989,2,oneSGS,23,No
Rule-Based AI v2 vs 1SGS AI,1990,,,800,Yes
Rule-Based AI v2 vs 1SGS AI,1991,,,800,Yes
Rule-Based AI v2 vs 1SGS AI,1992,,,800,Yes
Rule-Based AI v2 vs 1SGS AI,1993,1,rule_v2,38,No
Rule-Based AI v2 vs 1SGS AI,1994,3,rule_v2,36,No
Rule-Based AI v2 vs 1SGS AI,1995,3,oneSGS,36,No
Rule-Based AI v2 vs 1SGS AI,1996,,,800,Yes
Rule-Based AI v2 vs 1SGS AI,1997,,,800,Yes
Rule-Based AI v2 vs 1SGS AI,1998,1,oneSGS,22,No
Rule-Based AI v2 vs 1SGS AI,1999,0,rule_v2,33,No
Rule-Based AI v2 vs 1SGS AI,2000,3,rule_v2,44,No
Rule-Based AI v2 vs Rule-Based AI v2 (control),1,,,800,Yes
Rule-Based AI v2 vs Rule-Based AI v2 (control),2,,,800,Yes
Rule-Based AI v2 vs Rule-Based AI v2 (control),3,1,rule_v2,26,No
Rule-Based AI v2 vs Rule-Based AI v2 (control),4,,,800,Yes
Rule-Based AI v2 vs Rule-Based AI v2 (control),5,2,rule_v2,35,No
Rule-Based AI v2 vs Rule-Based AI v2 (control),6,2,rule_v2,11,No
Rule-Based AI v2 vs Rule-Based AI v2 (control),7,2,rule_v2,35,No
Rule-Based AI v2 vs Rule-Based AI v2 (control),8,3,rule_v2,32,No
Rule-Based AI v2 vs Rule-Based AI v2 (control),9,3,rule_v2,24,No
Rule-Based AI v2 vs Rule-Based AI v2 (control),10,,,800,Yes
Rule-Based AI v2 vs Rule-Based AI v2 (control),11,0,rule_v2,29,No
Rule-Based AI v2 vs Rule-Based AI v2 (control),12,1,rule_v2,18,No
Rule-Based AI v2 vs Rule-Based AI v2 (control),13,0,rule_v2,29,No
Rule-Based AI v2 vs Rule-Based AI v2 (control),14,,,800,Yes
Rule-Based AI v2 vs Rule-Based AI v2 (control),15,2,rule_v2,27,No
Rule-Based AI v2 vs Rule-Based AI v2 (control),16,,,800,Yes
Rule-Based AI v2 vs Rule-Based AI v2 (control),17,3,rule_v2,24,No
Rule-Based AI v2 vs Rule-Based AI v2 (control),18,3,rule_v2,28,No
Rule-Based AI v2 vs Rule-Based AI v2 (control),19,2,rule_v2,27,No
Rule-Based AI v2 vs Rule-Based AI v2 (control),20,2,rule_v2,31,No
Rule-Based AI v2 vs Rule-Based AI v2 (control),21,3,rule_v2,20,No
Rule-Based AI v2 vs Rule-Based AI v2 (control),22,0,rule_v2,45,No
Rule-Based AI v2 vs Rule-Based AI v2 (control),23,1,rule_v2,34,No
Rule-Based AI v2 vs Rule-Based AI v2 (control),24,,,800,Yes
Rule-Based AI v2 vs Rule-Based AI v2 (control),25,,,800,Yes
Rule-Based AI v2 vs Rule-Based AI v2 (control),26,2,rule_v2,43,No
Rule-Based AI v2 vs Rule-Based AI v2 (control),27,2,rule_v2,31,No
Rule-Based AI v2 vs Rule-Based AI v2 (control),28,3,rule_v2,8,No
Rule-Based AI v2 vs Rule-Based AI v2 (control),29,2,rule_v2,27,No
Rule-Based AI v2 vs Rule-Based AI v2 (control),30,0,rule_v2,41,No
Rule-Based AI v2 vs Rule-Based AI v2 (control),31,,,800,Yes
Rule-Based AI v2 vs Rule-Based AI v2 (control),32,,,800,Yes
Rule-Based AI v2 vs Rule-Based AI v2 (control),33,,,800,Yes
Rule-Based AI v2 vs Rule-Based AI v2 (control),34,2,rule_v2,23,No
Rule-Based AI v2 vs Rule-Based AI v2 (control),35,0,rule_v2,17,No
Rule-Based AI v2 vs Rule-Based AI v2 (control),36,1,rule_v2,46,No
Rule-Based AI v2 vs Rule-Based AI v2 (control),37,1,rule_v2,22,No
Rule-Based AI v2 vs Rule-Based AI v2 (control),38,0,rule_v2,25,No
Rule-Based AI v2 vs Rule-Based AI v2 (control),39,3,rule_v2,40,No
Rule-Based AI v2 vs Rule-Based AI v2 (control),40,1,rule_v2,46,No
Rule-Based AI v2 vs Rule-Based AI v2 (control),41,1,rule_v2,38,No
Rule-Based AI v2 vs Rule-Based AI v2 (control),42,3,rule_v2,32,No
Rule-Based AI v2 vs Rule-Based AI v2 (control),43,2,rule_v2,47,No
Rule-Based AI v2 vs Rule-Based AI v2 (control),44,,,800,Yes
Rule-Based AI v2 vs Rule-Based AI v2 (control),45,,,800,Yes
Rule-Based AI v2 vs Rule-Based AI v2 (control),46,0,rule_v2,25,No
Rule-Based AI v2 vs Rule-Based AI v2 (control),47,1,rule_v2,14,No
Rule-Based AI v2 vs Rule-Based AI v2 (control),48,,,800,Yes
Rule-Based AI v2 vs Rule-Based AI v2 (control),49,2,rule_v2,23,No
Rule-Based AI v2 vs Rule-Based AI v2 (control),50,1,rule_v2,10,No
Rule-Based AI v2 vs Rule-Based AI v2 (control),51,,,800,Yes
Rule-Based AI v2 vs Rule-Based AI v2 (control),52,,,800,Yes
Rule-Based AI v2 vs Rule-Based AI v2 (control),53,1,rule_v2,22,No
Rule-Based AI v2 vs Rule-Based AI v2 (control),54,2,rule_v2,23,No
Rule-Based AI v2 vs Rule-Based AI v2 (control),55,2,rule_v2,39,No
Rule-Based AI v2 vs Rule-Based AI v2 (control),56,,,800,Yes
Rule-Based AI v2 vs Rule-Based AI v2 (control),57,1,rule_v2,34,No
Rule-Based AI v2 vs Rule-Based AI v2 (control),58,,,800,Yes
Rule-Based AI v2 vs Rule-Based AI v2 (control),59,3,rule_v2,40,No
Rule-Based AI v2 vs Rule-Based AI v2 (control),60,0,rule_v2,45,No
Rule-Based AI v2 vs Rule-Based AI v2 (control),61,,,800,Yes
Rule-Based AI v2 vs Rule-Based AI v2 (control),62,3,rule_v2,20,No
Rule-Based AI v2 vs Rule-Based AI v2 (control),63,2,rule_v2,39,No
Rule-Based AI v2 vs Rule-Based AI v2 (control),64,3,rule_v2,44,No
Rule-Based AI v2 vs Rule-Based AI v2 (control),65,2,rule_v2,39,No
Rule-Based AI v2 vs Rule-Based AI v2 (control),66,2,rule_v2,27,No
Rule-Based AI v2 vs Rule-Based AI v2 (control),67,,,800,Yes
Rule-Based AI v2 vs Rule-Based AI v2 (control),68,,,800,Yes
Rule-Based AI v2 vs Rule-Based AI v2 (control),69,3,rule_v2,48,No
Rule-Based AI v2 vs Rule-Based AI v2 (control),70,3,rule_v2,44,No
Rule-Based AI v2 vs Rule-Based AI v2 (control),71,,,800,Yes
Rule-Based AI v2 vs Rule-Based AI v2 (control),72,,,800,Yes
Rule-Based AI v2 vs Rule-Based AI v2 (control),73,0,rule_v2,9,No
Rule-Based AI v2 vs Rule-Based AI v2 (control),74,,,800,Yes
Rule-Based AI v2 vs Rule-Based AI v2 (control),75,,,800,Yes
Rule-Based AI v2 vs Rule-Based AI v2 (control),76,0,rule_v2,29,No
Rule-Based AI v2 vs Rule-Based AI v2 (control),77,3,rule_v2,44,No
Rule-Based AI v2 vs Rule-Based AI v2 (control),78,,,800,Yes
Rule-Based AI v2 vs Rule-Based AI v2 (control),79,2,rule_v2,39,No
Rule-Based AI v2 vs Rule-Based AI v2 (control),80,0,rule_v2,37,No
Rule-Based AI v2 vs Rule-Based AI v2 (control),81,0,rule_v2,37,No
Rule-Based AI v2 vs Rule-Based AI v2 (control),82,,,800,Yes
Rule-Based AI v2 vs Rule-Based AI v2 (control),83,2,rule_v2,27,No
Rule-Based AI v2 vs Rule-Based AI v2 (control),84,,,800,Yes
Rule-Based AI v2 vs Rule-Based AI v2 (control),85,3,rule_v2,20,No
Rule-Based AI v2 vs Rule-Based AI v2 (control),86,3,rule_v2,28,No
Rule-Based AI v2 vs Rule-Based AI v2 (control),87,2,rule_v2,7,No
Rule-Based AI v2 vs Rule-Based AI v2 (control),88,2,rule_v2,39,No
Rule-Based AI v2 vs Rule-Based AI v2 (control),89,,,800,Yes
Rule-Based AI v2 vs Rule-Based AI v2 (control),90,3,rule_v2,28,No
Rule-Based AI v2 vs Rule-Based AI v2 (control),91,0,rule_v2,17,No
Rule-Based AI v2 vs Rule-Based AI v2 (control),92,0,rule_v2,21,No
Rule-Based AI v2 vs Rule-Based AI v2 (control),93,,,800,Yes
Rule-Based AI v2 vs Rule-Based AI v2 (control),94,3,rule_v2,28,No
Rule-Based AI v2 vs Rule-Based AI v2 (control),95,2,rule_v2,27,No
Rule-Based AI v2 vs Rule-Based AI v2 (control),96,,,800,Yes
Rule-Based AI v2 vs Rule-Based AI v2 (control),97,,,800,Yes
Rule-Based AI v2 vs Rule-Based AI v2 (control),98,2,rule_v2,19,No
Rule-Based AI v2 vs Rule-Based AI v2 (control),99,,,800,Yes
Rule-Based AI v2 vs Rule-Based AI v2 (control),100,2,rule_v2,23,No
Rule-Based AI v2 vs Rule-Based AI v2 (control),101,1,rule_v2,38,No
Rule-Based AI v2 vs Rule-Based AI v2 (control),102,1,rule_v2,30,No
Rule-Based AI v2 vs Rule-Based AI v2 (control),103,0,rule_v2,21,No
Rule-Based AI v2 vs Rule-Based AI v2 (control),104,1,rule_v2,30,No
Rule-Based AI v2 vs Rule-Based AI v2 (control),105,3,rule_v2,48,No
Rule-Based AI v2 vs Rule-Based AI v2 (control),106,1,rule_v2,22,No
Rule-Based AI v2 vs Rule-Based AI v2 (control),107,0,rule_v2,9,No
Rule-Based AI v2 vs Rule-Based AI v2 (control),108,3,rule_v2,12,No
Rule-Based AI v2 vs Rule-Based AI v2 (control),109,0,rule_v2,21,No
Rule-Based AI v2 vs Rule-Based AI v2 (control),110,,,800,Yes
Rule-Based AI v2 vs Rule-Based AI v2 (control),111,,,800,Yes
Rule-Based AI v2 vs Rule-Based AI v2 (control),112,,,800,Yes
Rule-Based AI v2 vs Rule-Based AI v2 (control),113,2,rule_v2,19,No
Rule-Based AI v2 vs Rule-Based AI v2 (control),114,0,rule_v2,33,No
Rule-Based AI v2 vs Rule-Based AI v2 (control),115,0,rule_v2,33,No
Rule-Based AI v2 vs Rule-Based AI v2 (control),116,1,rule_v2,14,No
Rule-Based AI v2 vs Rule-Based AI v2 (control),117,2,rule_v2,31,No
Rule-Based AI v2 vs Rule-Based AI v2 (control),118,2,rule_v2,7,No
Rule-Based AI v2 vs Rule-Based AI v2 (control),119,,,800,Yes
Rule-Based AI v2 vs Rule-Based AI v2 (control),120,3,rule_v2,16,No
Rule-Based AI v2 vs Rule-Based AI v2 (control),121,,,800,Yes
Rule-Based AI v2 vs Rule-Based AI v2 (control),122,3,rule_v2,32,No
Rule-Based AI v2 vs Rule-Based AI v2 (control),123,2,rule_v2,15,No
Rule-Based AI v2 vs Rule-Based AI v2 (control),124,0,rule_v2,33,No
Rule-Based AI v2 vs Rule-Based AI v2 (control),125,,,800,Yes
Rule-Based AI v2 vs Rule-Based AI v2 (control),126,,,800,Yes
Rule-Based AI v2 vs Rule-Based AI v2 (control),127,0,rule_v2,37,No
Rule-Based AI v2 vs Rule-Based AI v2 (control),128,2,rule_v2,35,No
Rule-Based AI v2 vs Rule-Based AI v2 (control),129,2,rule_v2,23,No
Rule-Based AI v2 vs Rule-Based AI v2 (control),130,,,800,Yes
Rule-Based AI v2 vs Rule-Based AI v2 (control),131,0,rule_v2,9,No
Rule-Based AI v2 vs Rule-Based AI v2 (control),132,,,800,Yes
Rule-Based AI v2 vs Rule-Based AI v2 (control),133,,,800,Yes
Rule-Based AI v2 vs Rule-Based AI v2 (control),134,0,rule_v2,45,No
Rule-Based AI v2 vs Rule-Based AI v2 (control),135,0,rule_v2,45,No
Rule-Based AI v2 vs Rule-Based AI v2 (control),136,1,rule_v2,38,No
Rule-Based AI v2 vs Rule-Based AI v2 (control),137,,,800,Yes
Rule-Based AI v2 vs Rule-Based AI v2 (control),138,2,rule_v2,35,No
Rule-Based AI v2 vs Rule-Based AI v2 (control),139,0,rule_v2,17,No
Rule-Based AI v2 vs Rule-Based AI v2 (control),140,,,800,Yes
Rule-Based AI v2 vs Rule-Based AI v2 (control),141,0,rule_v2,17,No
Rule-Based AI v2 vs Rule-Based AI v2 (control),142,0,rule_v2,37,No
Rule-Based AI v2 vs Rule-Based AI v2 (control),143,0,rule_v2,33,No
Rule-Based AI v2 vs Rule-Based AI v2 (control),144,0,rule_v2,41,No
Rule-Based AI v2 vs Rule-Based AI v2 (control),145,2,rule_v2,47,No
Rule-Based AI v2 vs Rule-Based AI v2 (control),146,1,rule_v2,26,No
Rule-Based AI v2 vs Rule-Based AI v2 (control),147,,,800,Yes
Rule-Based AI v2 vs Rule-Based AI v2 (control),148,2,rule_v2,23,No
Rule-Based AI v2 vs Rule-Based AI v2 (control),149,3,rule_v2,24,No
Rule-Based AI v2 vs Rule-Based AI v2 (control),150,0,rule_v2,29,No
Rule-Based AI v2 vs Rule-Based AI v2 (control),151,0,rule_v2,17,No
Rule-Based AI v2 vs Rule-Based AI v2 (control),152,,,800,Yes
Rule-Based AI v2 vs Rule-Based AI v2 (control),153,0,rule_v2,25,No
Rule-Based AI v2 vs Rule-Based AI v2 (control),154,,,800,Yes
Rule-Based AI v2 vs Rule-Based AI v2 (control),155,0,rule_v2,29,No
Rule-Based AI v2 vs Rule-Based AI v2 (control),156,3,rule_v2,32,No
Rule-Based AI v2 vs Rule-Based AI v2 (control),157,,,800,Yes
Rule-Based AI v2 vs Rule-Based AI v2 (control),158,,,800,Yes
Rule-Based AI v2 vs Rule-Based AI v2 (control),159,2,rule_v2,15,No
Rule-Based AI v2 vs Rule-Based AI v2 (control),160,2,rule_v2,31,No
Rule-Based AI v2 vs Rule-Based AI v2 (control),161,1,rule_v2,34,No
Rule-Based AI v2 vs Rule-Based AI v2 (control),162,,,800,Yes
Rule-Based AI v2 vs Rule-Based AI v2 (control),163,,,800,Yes
Rule-Based AI v2 vs Rule-Based AI v2 (control),164,1,rule_v2,42,No
Rule-Based AI v2 vs Rule-Based AI v2 (control),165,1,rule_v2,18,No
Rule-Based AI v2 vs Rule-Based AI v2 (control),166,2,rule_v2,39,No
Rule-Based AI v2 vs Rule-Based AI v2 (control),167,,,800,Yes
Rule-Based AI v2 vs Rule-Based AI v2 (control),168,3,rule_v2,16,No
Rule-Based AI v2 vs Rule-Based AI v2 (control),169,3,rule_v2,16,No
Rule-Based AI v2 vs Rule-Based AI v2 (control),170,,,800,Yes
Rule-Based AI v2 vs Rule-Based AI v2 (control),171,2,rule_v2,43,No
Rule-Based AI v2 vs Rule-Based AI v2 (control),172,1,rule_v2,30,No
Rule-Based AI v2 vs Rule-Based AI v2 (control),173,2,rule_v2,15,No
Rule-Based AI v2 vs Rule-Based AI v2 (control),174,3,rule_v2,24,No
Rule-Based AI v2 vs Rule-Based AI v2 (control),175,2,rule_v2,11,No
Rule-Based AI v2 vs Rule-Based AI v2 (control),176,,,800,Yes
Rule-Based AI v2 vs Rule-Based AI v2 (control),177,1,rule_v2,14,No
Rule-Based AI v2 vs Rule-Based AI v2 (control),178,0,rule_v2,21,No
Rule-Based AI v2 vs Rule-Based AI v2 (control),179,0,rule_v2,41,No
Rule-Based AI v2 vs Rule-Based AI v2 (control),180,3,rule_v2,40,No
Rule-Based AI v2 vs Rule-Based AI v2 (control),181,1,rule_v2,26,No
Rule-Based AI v2 vs Rule-Based AI v2 (control),182,1,rule_v2,38,No
Rule-Based AI v2 vs Rule-Based AI v2 (control),183,3,rule_v2,48,No
Rule-Based AI v2 vs Rule-Based AI v2 (control),184,,,800,Yes
Rule-Based AI v2 vs Rule-Based AI v2 (control),185,0,rule_v2,45,No
Rule-Based AI v2 vs Rule-Based AI v2 (control),186,,,800,Yes
Rule-Based AI v2 vs Rule-Based AI v2 (control),187,3,rule_v2,36,No
Rule-Based AI v2 vs Rule-Based AI v2 (control),188,0,rule_v2,5,No
Rule-Based AI v2 vs Rule-Based AI v2 (control),189,2,rule_v2,27,No
Rule-Based AI v2 vs Rule-Based AI v2 (control),190,2,rule_v2,23,No
Rule-Based AI v2 vs Rule-Based AI v2 (control),191,,,800,Yes
Rule-Based AI v2 vs Rule-Based AI v2 (control),192,1,rule_v2,34,No
Rule-Based AI v2 vs Rule-Based AI v2 (control),193,3,rule_v2,36,No
Rule-Based AI v2 vs Rule-Based AI v2 (control),194,,,800,Yes
Rule-Based AI v2 vs Rule-Based AI v2 (control),195,1,rule_v2,38,No
Rule-Based AI v2 vs Rule-Based AI v2 (control),196,2,rule_v2,47,No
Rule-Based AI v2 vs Rule-Based AI v2 (control),197,,,800,Yes
Rule-Based AI v2 vs Rule-Based AI v2 (control),198,2,rule_v2,15,No
Rule-Based AI v2 vs Rule-Based AI v2 (control),199,0,rule_v2,13,No
Rule-Based AI v2 vs Rule-Based AI v2 (control),200,0,rule_v2,9,No
Rule-Based AI v2 vs Rule-Based AI v2 (control),201,1,rule_v2,42,No
Rule-Based AI v2 vs Rule-Based AI v2 (control),202,3,rule_v2,48,No
Rule-Based AI v2 vs Rule-Based AI v2 (control),203,3,rule_v2,24,No
Rule-Based AI v2 vs Rule-Based AI v2 (control),204,1,rule_v2,46,No
Rule-Based AI v2 vs Rule-Based AI v2 (control),205,1,rule_v2,34,No
Rule-Based AI v2 vs Rule-Based AI v2 (control),206,,,800,Yes
Rule-Based AI v2 vs Rule-Based AI v2 (control),207,,,800,Yes
Rule-Based AI v2 vs Rule-Based AI v2 (control),208,3,rule_v2,20,No
Rule-Based AI v2 vs Rule-Based AI v2 (control),209,,,800,Yes
Rule-Based AI v2 vs Rule-Based AI v2 (control),210,2,rule_v2,23,No
Rule-Based AI v2 vs Rule-Based AI v2 (control),211,2,rule_v2,23,No
Rule-Based AI v2 vs Rule-Based AI v2 (control),212,3,rule_v2,36,No
Rule-Based AI v2 vs Rule-Based AI v2 (control),213,2,rule_v2,39,No
Rule-Based AI v2 vs Rule-Based AI v2 (control),214,1,rule_v2,18,No
Rule-Based AI v2 vs Rule-Based AI v2 (control),215,,,800,Yes
Rule-Based AI v2 vs Rule-Based AI v2 (control),216,0,rule_v2,29,No
Rule-Based AI v2 vs Rule-Based AI v2 (control),217,3,rule_v2,24,No
Rule-Based AI v2 vs Rule-Based AI v2 (control),218,0,rule_v2,25,No
Rule-Based AI v2 vs Rule-Based AI v2 (control),219,0,rule_v2,37,No
Rule-Based AI v2 vs Rule-Based AI v2 (control),220,3,rule_v2,20,No
Rule-Based AI v2 vs Rule-Based AI v2 (control),221,2,rule_v2,27,No
Rule-Based AI v2 vs Rule-Based AI v2 (control),222,,,800,Yes
Rule-Based AI v2 vs Rule-Based AI v2 (control),223,1,rule_v2,26,No
Rule-Based AI v2 vs Rule-Based AI v2 (control),224,2,rule_v2,39,No
Rule-Based AI v2 vs Rule-Based AI v2 (control),225,2,rule_v2,27,No
Rule-Based AI v2 vs Rule-Based AI v2 (control),226,0,rule_v2,37,No
Rule-Based AI v2 vs Rule-Based AI v2 (control),227,,,800,Yes
Rule-Based AI v2 vs Rule-Based AI v2 (control),228,2,rule_v2,39,No
Rule-Based AI v2 vs Rule-Based AI v2 (control),229,1,rule_v2,46,No
Rule-Based AI v2 vs Rule-Based AI v2 (control),230,,,800,Yes
Rule-Based AI v2 vs Rule-Based AI v2 (control),231,0,rule_v2,21,No
Rule-Based AI v2 vs Rule-Based AI v2 (control),232,3,rule_v2,16,No
Rule-Based AI v2 vs Rule-Based AI v2 (control),233,0,rule_v2,45,No
Rule-Based AI v2 vs Rule-Based AI v2 (control),234,0,rule_v2,41,No
Rule-Based AI v2 vs Rule-Based AI v2 (control),235,1,rule_v2,14,No
Rule-Based AI v2 vs Rule-Based AI v2 (control),236,,,800,Yes
Rule-Based AI v2 vs Rule-Based AI v2 (control),237,,,800,Yes
Rule-Based AI v2 vs Rule-Based AI v2 (control),238,,,800,Yes
Rule-Based AI v2 vs Rule-Based AI v2 (control),239,0,rule_v2,37,No
Rule-Based AI v2 vs Rule-Based AI v2 (control),240,3,rule_v2,28,No
Rule-Based AI v2 vs Rule-Based AI v2 (control),241,3,rule_v2,36,No
Rule-Based AI v2 vs Rule-Based AI v2 (control),242,3,rule_v2,32,No
Rule-Based AI v2 vs Rule-Based AI v2 (control),243,2,rule_v2,39,No
Rule-Based AI v2 vs Rule-Based AI v2 (control),244,3,rule_v2,44,No
Rule-Based AI v2 vs Rule-Based AI v2 (control),245,3,rule_v2,48,No
Rule-Based AI v2 vs Rule-Based AI v2 (control),246,1,rule_v2,18,No
Rule-Based AI v2 vs Rule-Based AI v2 (control),247,1,rule_v2,38,No
Rule-Based AI v2 vs Rule-Based AI v2 (control),248,1,rule_v2,38,No
Rule-Based AI v2 vs Rule-Based AI v2 (control),249,,,800,Yes
Rule-Based AI v2 vs Rule-Based AI v2 (control),250,,,800,Yes
Rule-Based AI v2 vs Rule-Based AI v2 (control),251,3,rule_v2,28,No
Rule-Based AI v2 vs Rule-Based AI v2 (control),252,2,rule_v2,19,No
Rule-Based AI v2 vs Rule-Based AI v2 (control),253,,,800,Yes
Rule-Based AI v2 vs Rule-Based AI v2 (control),254,,,800,Yes
Rule-Based AI v2 vs Rule-Based AI v2 (control),255,1,rule_v2,26,No
Rule-Based AI v2 vs Rule-Based AI v2 (control),256,1,rule_v2,18,No
Rule-Based AI v2 vs Rule-Based AI v2 (control),257,3,rule_v2,32,No
Rule-Based AI v2 vs Rule-Based AI v2 (control),258,3,rule_v2,44,No
Rule-Based AI v2 vs Rule-Based AI v2 (control),259,,,800,Yes
Rule-Based AI v2 vs Rule-Based AI v2 (control),260,,,800,Yes
Rule-Based AI v2 vs Rule-Based AI v2 (control),261,0,rule_v2,17,No
Rule-Based AI v2 vs Rule-Based AI v2 (control),262,2,rule_v2,31,No
Rule-Based AI v2 vs Rule-Based AI v2 (control),263,,,800,Yes
Rule-Based AI v2 vs Rule-Based AI v2 (control),264,2,rule_v2,43,No
Rule-Based AI v2 vs Rule-Based AI v2 (control),265,,,800,Yes
Rule-Based AI v2 vs Rule-Based AI v2 (control),266,2,rule_v2,19,No
Rule-Based AI v2 vs Rule-Based AI v2 (control),267,,,800,Yes
Rule-Based AI v2 vs Rule-Based AI v2 (control),268,0,rule_v2,13,No
Rule-Based AI v2 vs Rule-Based AI v2 (control),269,0,rule_v2,45,No
Rule-Based AI v2 vs Rule-Based AI v2 (control),270,2,rule_v2,11,No
Rule-Based AI v2 vs Rule-Based AI v2 (control),271,,,800,Yes
Rule-Based AI v2 vs Rule-Based AI v2 (control),272,1,rule_v2,26,No
Rule-Based AI v2 vs Rule-Based AI v2 (control),273,0,rule_v2,45,No
Rule-Based AI v2 vs Rule-Based AI v2 (control),274,,,800,Yes
Rule-Based AI v2 vs Rule-Based AI v2 (control),275,1,rule_v2,34,No
Rule-Based AI v2 vs Rule-Based AI v2 (control),276,,,800,Yes
Rule-Based AI v2 vs Rule-Based AI v2 (control),277,1,rule_v2,26,No
Rule-Based AI v2 vs Rule-Based AI v2 (control),278,,,800,Yes
Rule-Based AI v2 vs Rule-Based AI v2 (control),279,3,rule_v2,20,No
Rule-Based AI v2 vs Rule-Based AI v2 (control),280,0,rule_v2,25,No
Rule-Based AI v2 vs Rule-Based AI v2 (control),281,2,rule_v2,35,No
Rule-Based AI v2 vs Rule-Based AI v2 (control),282,2,rule_v2,31,No
Rule-Based AI v2 vs Rule-Based AI v2 (control),283,1,rule_v2,14,No
Rule-Based AI v2 vs Rule-Based AI v2 (control),284,,,800,Yes
Rule-Based AI v2 vs Rule-Based AI v2 (control),285,,,800,Yes
Rule-Based AI v2 vs Rule-Based AI v2 (control),286,,,800,Yes
Rule-Based AI v2 vs Rule-Based AI v2 (control),287,2,rule_v2,39,No
Rule-Based AI v2 vs Rule-Based AI v2 (control),288,,,800,Yes
Rule-Based AI v2 vs Rule-Based AI v2 (control),289,,,800,Yes
Rule-Based AI v2 vs Rule-Based AI v2 (control),290,2,rule_v2,11,No
Rule-Based AI v2 vs Rule-Based AI v2 (control),291,3,rule_v2,16,No
Rule-Based AI v2 vs Rule-Based AI v2 (control),292,0,rule_v2,25,No
Rule-Based AI v2 vs Rule-Based AI v2 (control),293,2,rule_v2,43,No
Rule-Based AI v2 vs Rule-Based AI v2 (control),294,2,rule_v2,47,No
Rule-Based AI v2 vs Rule-Based AI v2 (control),295,0,rule_v2,33,No
Rule-Based AI v2 vs Rule-Based AI v2 (control),296,0,rule_v2,17,No
Rule-Based AI v2 vs Rule-Based AI v2 (control),297,0,rule_v2,17,No
Rule-Based AI v2 vs Rule-Based AI v2 (control),298,1,rule_v2,46,No
Rule-Based AI v2 vs Rule-Based AI v2 (control),299,,,800,Yes
Rule-Based AI v2 vs Rule-Based AI v2 (control),300,,,800,Yes
Rule-Based AI v2 vs Rule-Based AI v2 (control),301,,,800,Yes
Rule-Based AI v2 vs Rule-Based AI v2 (control),302,1,rule_v2,42,No
Rule-Based AI v2 vs Rule-Based AI v2 (control),303,1,rule_v2,30,No
Rule-Based AI v2 vs Rule-Based AI v2 (control),304,2,rule_v2,43,No
Rule-Based AI v2 vs Rule-Based AI v2 (control),305,0,rule_v2,41,No
Rule-Based AI v2 vs Rule-Based AI v2 (control),306,,,800,Yes
Rule-Based AI v2 vs Rule-Based AI v2 (control),307,,,800,Yes
Rule-Based AI v2 vs Rule-Based AI v2 (control),308,,,800,Yes
Rule-Based AI v2 vs Rule-Based AI v2 (control),309,3,rule_v2,36,No
Rule-Based AI v2 vs Rule-Based AI v2 (control),310,2,rule_v2,23,No
Rule-Based AI v2 vs Rule-Based AI v2 (control),311,0,rule_v2,41,No
Rule-Based AI v2 vs Rule-Based AI v2 (control),312,3,rule_v2,28,No
Rule-Based AI v2 vs Rule-Based AI v2 (control),313,,,800,Yes
Rule-Based AI v2 vs Rule-Based AI v2 (control),314,,,800,Yes
Rule-Based AI v2 vs Rule-Based AI v2 (control),315,,,800,Yes
Rule-Based AI v2 vs Rule-Based AI v2 (control),316,1,rule_v2,46,No
Rule-Based AI v2 vs Rule-Based AI v2 (control),317,0,rule_v2,29,No
Rule-Based AI v2 vs Rule-Based AI v2 (control),318,3,rule_v2,44,No
Rule-Based AI v2 vs Rule-Based AI v2 (control),319,,,800,Yes
Rule-Based AI v2 vs Rule-Based AI v2 (control),320,,,800,Yes
Rule-Based AI v2 vs Rule-Based AI v2 (control),321,2,rule_v2,47,No
Rule-Based AI v2 vs Rule-Based AI v2 (control),322,0,rule_v2,45,No
Rule-Based AI v2 vs Rule-Based AI v2 (control),323,,,800,Yes
Rule-Based AI v2 vs Rule-Based AI v2 (control),324,,,800,Yes
Rule-Based AI v2 vs Rule-Based AI v2 (control),325,0,rule_v2,25,No
Rule-Based AI v2 vs Rule-Based AI v2 (control),326,,,800,Yes
Rule-Based AI v2 vs Rule-Based AI v2 (control),327,,,800,Yes
Rule-Based AI v2 vs Rule-Based AI v2 (control),328,2,rule_v2,31,No
Rule-Based AI v2 vs Rule-Based AI v2 (control),329,0,rule_v2,45,No
Rule-Based AI v2 vs Rule-Based AI v2 (control),330,0,rule_v2,29,No
Rule-Based AI v2 vs Rule-Based AI v2 (control),331,,,800,Yes
Rule-Based AI v2 vs Rule-Based AI v2 (control),332,3,rule_v2,32,No
Rule-Based AI v2 vs Rule-Based AI v2 (control),333,3,rule_v2,24,No
Rule-Based AI v2 vs Rule-Based AI v2 (control),334,,,800,Yes
Rule-Based AI v2 vs Rule-Based AI v2 (control),335,,,800,Yes
Rule-Based AI v2 vs Rule-Based AI v2 (control),336,1,rule_v2,14,No
Rule-Based AI v2 vs Rule-Based AI v2 (control),337,1,rule_v2,2,No
Rule-Based AI v2 vs Rule-Based AI v2 (control),338,,,800,Yes
Rule-Based AI v2 vs Rule-Based AI v2 (control),339,,,800,Yes
Rule-Based AI v2 vs Rule-Based AI v2 (control),340,1,rule_v2,46,No
Rule-Based AI v2 vs Rule-Based AI v2 (control),341,2,rule_v2,39,No
Rule-Based AI v2 vs Rule-Based AI v2 (control),342,1,rule_v2,6,No
Rule-Based AI v2 vs Rule-Based AI v2 (control),343,,,800,Yes
Rule-Based AI v2 vs Rule-Based AI v2 (control),344,2,rule_v2,47,No
Rule-Based AI v2 vs Rule-Based AI v2 (control),345,,,800,Yes
Rule-Based AI v2 vs Rule-Based AI v2 (control),346,2,rule_v2,35,No
Rule-Based AI v2 vs Rule-Based AI v2 (control),347,0,rule_v2,17,No
Rule-Based AI v2 vs Rule-Based AI v2 (control),348,2,rule_v2,39,No
Rule-Based AI v2 vs Rule-Based AI v2 (control),349,3,rule_v2,40,No
Rule-Based AI v2 vs Rule-Based AI v2 (control),350,1,rule_v2,34,No
Rule-Based AI v2 vs Rule-Based AI v2 (control),351,1,rule_v2,14,No
Rule-Based AI v2 vs Rule-Based AI v2 (control),352,3,rule_v2,36,No
Rule-Based AI v2 vs Rule-Based AI v2 (control),353,1,rule_v2,42,No
Rule-Based AI v2 vs Rule-Based AI v2 (control),354,0,rule_v2,29,No
Rule-Based AI v2 vs Rule-Based AI v2 (control),355,1,rule_v2,42,No
Rule-Based AI v2 vs Rule-Based AI v2 (control),356,0,rule_v2,5,No
Rule-Based AI v2 vs Rule-Based AI v2 (control),357,1,rule_v2,46,No
Rule-Based AI v2 vs Rule-Based AI v2 (control),358,,,800,Yes
Rule-Based AI v2 vs Rule-Based AI v2 (control),359,1,rule_v2,38,No
Rule-Based AI v2 vs Rule-Based AI v2 (control),360,3,rule_v2,28,No
Rule-Based AI v2 vs Rule-Based AI v2 (control),361,0,rule_v2,41,No
Rule-Based AI v2 vs Rule-Based AI v2 (control),362,3,rule_v2,32,No
Rule-Based AI v2 vs Rule-Based AI v2 (control),363,0,rule_v2,17,No
Rule-Based AI v2 vs Rule-Based AI v2 (control),364,1,rule_v2,34,No
Rule-Based AI v2 vs Rule-Based AI v2 (control),365,0,rule_v2,21,No
Rule-Based AI v2 vs Rule-Based AI v2 (control),366,,,800,Yes
Rule-Based AI v2 vs Rule-Based AI v2 (control),367,3,rule_v2,40,No
Rule-Based AI v2 vs Rule-Based AI v2 (control),368,0,rule_v2,25,No
Rule-Based AI v2 vs Rule-Based AI v2 (control),369,1,rule_v2,18,No
Rule-Based AI v2 vs Rule-Based AI v2 (control),370,2,rule_v2,43,No
Rule-Based AI v2 vs Rule-Based AI v2 (control),371,,,800,Yes
Rule-Based AI v2 vs Rule-Based AI v2 (control),372,3,rule_v2,36,No
Rule-Based AI v2 vs Rule-Based AI v2 (control),373,3,rule_v2,24,No
Rule-Based AI v2 vs Rule-Based AI v2 (control),374,1,rule_v2,30,No
Rule-Based AI v2 vs Rule-Based AI v2 (control),375,3,rule_v2,16,No
Rule-Based AI v2 vs Rule-Based AI v2 (control),376,0,rule_v2,25,No
Rule-Based AI v2 vs Rule-Based AI v2 (control),377,3,rule_v2,16,No
Rule-Based AI v2 vs Rule-Based AI v2 (control),378,,,800,Yes
Rule-Based AI v2 vs Rule-Based AI v2 (control),379,,,800,Yes
Rule-Based AI v2 vs Rule-Based AI v2 (control),380,0,rule_v2,9,No
Rule-Based AI v2 vs Rule-Based AI v2 (control),381,3,rule_v2,40,No
Rule-Based AI v2 vs Rule-Based AI v2 (control),382,,,800,Yes
Rule-Based AI v2 vs Rule-Based AI v2 (control),383,,,800,Yes
Rule-Based AI v2 vs Rule-Based AI v2 (control),384,2,rule_v2,27,No
Rule-Based AI v2 vs Rule-Based AI v2 (control),385,3,rule_v2,36,No
Rule-Based AI v2 vs Rule-Based AI v2 (control),386,,,800,Yes
Rule-Based AI v2 vs Rule-Based AI v2 (control),387,2,rule_v2,35,No
Rule-Based AI v2 vs Rule-Based AI v2 (control),388,2,rule_v2,19,No
Rule-Based AI v2 vs Rule-Based AI v2 (control),389,0,rule_v2,25,No
Rule-Based AI v2 vs Rule-Based AI v2 (control),390,,,800,Yes
Rule-Based AI v2 vs Rule-Based AI v2 (control),391,1,rule_v2,38,No
Rule-Based AI v2 vs Rule-Based AI v2 (control),392,2,rule_v2,39,No
Rule-Based AI v2 vs Rule-Based AI v2 (control),393,2,rule_v2,47,No
Rule-Based AI v2 vs Rule-Based AI v2 (control),394,3,rule_v2,24,No
Rule-Based AI v2 vs Rule-Based AI v2 (control),395,2,rule_v2,19,No
Rule-Based AI v2 vs Rule-Based AI v2 (control),396,,,800,Yes
Rule-Based AI v2 vs Rule-Based AI v2 (control),397,1,rule_v2,38,No
Rule-Based AI v2 vs Rule-Based AI v2 (control),398,,,800,Yes
Rule-Based AI v2 vs Rule-Based AI v2 (control),399,1,rule_v2,38,No
Rule-Based AI v2 vs Rule-Based AI v2 (control),400,,,800,Yes
Rule-Based AI v2 vs Rule-Based AI v2 (control),401,,,800,Yes
Rule-Based AI v2 vs Rule-Based AI v2 (control),402,3,rule_v2,48,No
Rule-Based AI v2 vs Rule-Based AI v2 (control),403,2,rule_v2,39,No
Rule-Based AI v2 vs Rule-Based AI v2 (control),404,3,rule_v2,32,No
Rule-Based AI v2 vs Rule-Based AI v2 (control),405,,,800,Yes
Rule-Based AI v2 vs Rule-Based AI v2 (control),406,1,rule_v2,14,No
Rule-Based AI v2 vs Rule-Based AI v2 (control),407,,,800,Yes
Rule-Based AI v2 vs Rule-Based AI v2 (control),408,,,800,Yes
Rule-Based AI v2 vs Rule-Based AI v2 (control),409,3,rule_v2,32,No
Rule-Based AI v2 vs Rule-Based AI v2 (control),410,1,rule_v2,10,No
Rule-Based AI v2 vs Rule-Based AI v2 (control),411,,,800,Yes
Rule-Based AI v2 vs Rule-Based AI v2 (control),412,,,800,Yes
Rule-Based AI v2 vs Rule-Based AI v2 (control),413,2,rule_v2,35,No
Rule-Based AI v2 vs Rule-Based AI v2 (control),414,2,rule_v2,15,No
Rule-Based AI v2 vs Rule-Based AI v2 (control),415,,,800,Yes
Rule-Based AI v2 vs Rule-Based AI v2 (control),416,0,rule_v2,13,No
Rule-Based AI v2 vs Rule-Based AI v2 (control),417,1,rule_v2,14,No
Rule-Based AI v2 vs Rule-Based AI v2 (control),418,0,rule_v2,25,No
Rule-Based AI v2 vs Rule-Based AI v2 (control),419,3,rule_v2,32,No
Rule-Based AI v2 vs Rule-Based AI v2 (control),420,3,rule_v2,24,No
Rule-Based AI v2 vs Rule-Based AI v2 (control),421,,,800,Yes
Rule-Based AI v2 vs Rule-Based AI v2 (control),422,2,rule_v2,27,No
Rule-Based AI v2 vs Rule-Based AI v2 (control),423,,,800,Yes
Rule-Based AI v2 vs Rule-Based AI v2 (control),424,2,rule_v2,23,No
Rule-Based AI v2 vs Rule-Based AI v2 (control),425,1,rule_v2,34,No
Rule-Based AI v2 vs Rule-Based AI v2 (control),426,1,rule_v2,34,No
Rule-Based AI v2 vs Rule-Based AI v2 (control),427,1,rule_v2,30,No
Rule-Based AI v2 vs Rule-Based AI v2 (control),428,1,rule_v2,34,No
Rule-Based AI v2 vs Rule-Based AI v2 (control),429,,,800,Yes
Rule-Based AI v2 vs Rule-Based AI v2 (control),430,2,rule_v2,35,No
Rule-Based AI v2 vs Rule-Based AI v2 (control),431,1,rule_v2,14,No
Rule-Based AI v2 vs Rule-Based AI v2 (control),432,,,800,Yes
Rule-Based AI v2 vs Rule-Based AI v2 (control),433,2,rule_v2,47,No
Rule-Based AI v2 vs Rule-Based AI v2 (control),434,3,rule_v2,8,No
Rule-Based AI v2 vs Rule-Based AI v2 (control),435,0,rule_v2,45,No
Rule-Based AI v2 vs Rule-Based AI v2 (control),436,0,rule_v2,37,No
Rule-Based AI v2 vs Rule-Based AI v2 (control),437,2,rule_v2,43,No
Rule-Based AI v2 vs Rule-Based AI v2 (control),438,2,rule_v2,43,No
Rule-Based AI v2 vs Rule-Based AI v2 (control),439,3,rule_v2,28,No
Rule-Based AI v2 vs Rule-Based AI v2 (control),440,,,800,Yes
Rule-Based AI v2 vs Rule-Based AI v2 (control),441,,,800,Yes
Rule-Based AI v2 vs Rule-Based AI v2 (control),442,3,rule_v2,24,No
Rule-Based AI v2 vs Rule-Based AI v2 (control),443,2,rule_v2,39,No
Rule-Based AI v2 vs Rule-Based AI v2 (control),444,2,rule_v2,15,No
Rule-Based AI v2 vs Rule-Based AI v2 (control),445,1,rule_v2,6,No
Rule-Based AI v2 vs Rule-Based AI v2 (control),446,1,rule_v2,26,No
Rule-Based AI v2 vs Rule-Based AI v2 (control),447,3,rule_v2,20,No
Rule-Based AI v2 vs Rule-Based AI v2 (control),448,,,800,Yes
Rule-Based AI v2 vs Rule-Based AI v2 (control),449,,,800,Yes
Rule-Based AI v2 vs Rule-Based AI v2 (control),450,,,800,Yes
Rule-Based AI v2 vs Rule-Based AI v2 (control),451,1,rule_v2,22,No
Rule-Based AI v2 vs Rule-Based AI v2 (control),452,1,rule_v2,34,No
Rule-Based AI v2 vs Rule-Based AI v2 (control),453,0,rule_v2,29,No
Rule-Based AI v2 vs Rule-Based AI v2 (control),454,0,rule_v2,21,No
Rule-Based AI v2 vs Rule-Based AI v2 (control),455,2,rule_v2,23,No
Rule-Based AI v2 vs Rule-Based AI v2 (control),456,2,rule_v2,15,No
Rule-Based AI v2 vs Rule-Based AI v2 (control),457,1,rule_v2,18,No
Rule-Based AI v2 vs Rule-Based AI v2 (control),458,1,rule_v2,34,No
Rule-Based AI v2 vs Rule-Based AI v2 (control),459,,,800,Yes
Rule-Based AI v2 vs Rule-Based AI v2 (control),460,1,rule_v2,38,No
Rule-Based AI v2 vs Rule-Based AI v2 (control),461,0,rule_v2,25,No
Rule-Based AI v2 vs Rule-Based AI v2 (control),462,,,800,Yes
Rule-Based AI v2 vs Rule-Based AI v2 (control),463,3,rule_v2,24,No
Rule-Based AI v2 vs Rule-Based AI v2 (control),464,,,800,Yes
Rule-Based AI v2 vs Rule-Based AI v2 (control),465,1,rule_v2,18,No
Rule-Based AI v2 vs Rule-Based AI v2 (control),466,3,rule_v2,32,No
Rule-Based AI v2 vs Rule-Based AI v2 (control),467,1,rule_v2,26,No
Rule-Based AI v2 vs Rule-Based AI v2 (control),468,2,rule_v2,15,No
Rule-Based AI v2 vs Rule-Based AI v2 (control),469,3,rule_v2,24,No
Rule-Based AI v2 vs Rule-Based AI v2 (control),470,,,800,Yes
Rule-Based AI v2 vs Rule-Based AI v2 (control),471,3,rule_v2,36,No
Rule-Based AI v2 vs Rule-Based AI v2 (control),472,0,rule_v2,41,No
Rule-Based AI v2 vs Rule-Based AI v2 (control),473,,,800,Yes
Rule-Based AI v2 vs Rule-Based AI v2 (control),474,,,800,Yes
Rule-Based AI v2 vs Rule-Based AI v2 (control),475,,,800,Yes
Rule-Based AI v2 vs Rule-Based AI v2 (control),476,1,rule_v2,18,No
Rule-Based AI v2 vs Rule-Based AI v2 (control),477,1,rule_v2,18,No
Rule-Based AI v2 vs Rule-Based AI v2 (control),478,,,800,Yes
Rule-Based AI v2 vs Rule-Based AI v2 (control),479,0,rule_v2,33,No
Rule-Based AI v2 vs Rule-Based AI v2 (control),480,2,rule_v2,35,No
Rule-Based AI v2 vs Rule-Based AI v2 (control),481,,,800,Yes
Rule-Based AI v2 vs Rule-Based AI v2 (control),482,0,rule_v2,29,No
Rule-Based AI v2 vs Rule-Based AI v2 (control),483,,,800,Yes
Rule-Based AI v2 vs Rule-Based AI v2 (control),484,1,rule_v2,18,No
Rule-Based AI v2 vs Rule-Based AI v2 (control),485,0,rule_v2,33,No
Rule-Based AI v2 vs Rule-Based AI v2 (control),486,0,rule_v2,29,No
Rule-Based AI v2 vs Rule-Based AI v2 (control),487,,,800,Yes
Rule-Based AI v2 vs Rule-Based AI v2 (control),488,,,800,Yes
Rule-Based AI v2 vs Rule-Based AI v2 (control),489,2,rule_v2,35,No
Rule-Based AI v2 vs Rule-Based AI v2 (control),490,,,800,Yes
Rule-Based AI v2 vs Rule-Based AI v2 (control),491,3,rule_v2,44,No
Rule-Based AI v2 vs Rule-Based AI v2 (control),492,,,800,Yes
Rule-Based AI v2 vs Rule-Based AI v2 (control),493,0,rule_v2,41,No
Rule-Based AI v2 vs Rule-Based AI v2 (control),494,1,rule_v2,42,No
Rule-Based AI v2 vs Rule-Based AI v2 (control),495,0,rule_v2,25,No
Rule-Based AI v2 vs Rule-Based AI v2 (control),496,,,800,Yes
Rule-Based AI v2 vs Rule-Based AI v2 (control),497,0,rule_v2,21,No
Rule-Based AI v2 vs Rule-Based AI v2 (control),498,2,rule_v2,23,No
Rule-Based AI v2 vs Rule-Based AI v2 (control),499,2,rule_v2,23,No
Rule-Based AI v2 vs Rule-Based AI v2 (control),500,,,800,Yes
Rule-Based AI v2 vs Rule-Based AI v2 (control),501,,,800,Yes
Rule-Based AI v2 vs Rule-Based AI v2 (control),502,2,rule_v2,43,No
Rule-Based AI v2 vs Rule-Based AI v2 (control),503,2,rule_v2,27,No
Rule-Based AI v2 vs Rule-Based AI v2 (control),504,0,rule_v2,33,No
Rule-Based AI v2 vs Rule-Based AI v2 (control),505,1,rule_v2,22,No
Rule-Based AI v2 vs Rule-Based AI v2 (control),506,3,rule_v2,32,No
Rule-Based AI v2 vs Rule-Based AI v2 (control),507,0,rule_v2,41,No
Rule-Based AI v2 vs Rule-Based AI v2 (control),508,,,800,Yes
Rule-Based AI v2 vs Rule-Based AI v2 (control),509,1,rule_v2,10,No
Rule-Based AI v2 vs Rule-Based AI v2 (control),510,,,800,Yes
Rule-Based AI v2 vs Rule-Based AI v2 (control),511,3,rule_v2,40,No
Rule-Based AI v2 vs Rule-Based AI v2 (control),512,3,rule_v2,32,No
Rule-Based AI v2 vs Rule-Based AI v2 (control),513,1,rule_v2,42,No
Rule-Based AI v2 vs Rule-Based AI v2 (control),514,1,rule_v2,26,No
Rule-Based AI v2 vs Rule-Based AI v2 (control),515,,,800,Yes
Rule-Based AI v2 vs Rule-Based AI v2 (control),516,2,rule_v2,15,No
Rule-Based AI v2 vs Rule-Based AI v2 (control),517,2,rule_v2,23,No
Rule-Based AI v2 vs Rule-Based AI v2 (control),518,1,rule_v2,30,No
Rule-Based AI v2 vs Rule-Based AI v2 (control),519,3,rule_v2,32,No
Rule-Based AI v2 vs Rule-Based AI v2 (control),520,,,800,Yes
Rule-Based AI v2 vs Rule-Based AI v2 (control),521,,,800,Yes
Rule-Based AI v2 vs Rule-Based AI v2 (control),522,1,rule_v2,46,No
Rule-Based AI v2 vs Rule-Based AI v2 (control),523,2,rule_v2,31,No
Rule-Based AI v2 vs Rule-Based AI v2 (control),524,,,800,Yes
Rule-Based AI v2 vs Rule-Based AI v2 (control),525,1,rule_v2,42,No
Rule-Based AI v2 vs Rule-Based AI v2 (control),526,0,rule_v2,41,No
Rule-Based AI v2 vs Rule-Based AI v2 (control),527,3,rule_v2,16,No
Rule-Based AI v2 vs Rule-Based AI v2 (control),528,1,rule_v2,38,No
Rule-Based AI v2 vs Rule-Based AI v2 (control),529,0,rule_v2,41,No
Rule-Based AI v2 vs Rule-Based AI v2 (control),530,0,rule_v2,13,No
Rule-Based AI v2 vs Rule-Based AI v2 (control),531,0,rule_v2,29,No
Rule-Based AI v2 vs Rule-Based AI v2 (control),532,0,rule_v2,29,No
Rule-Based AI v2 vs Rule-Based AI v2 (control),533,0,rule_v2,33,No
Rule-Based AI v2 vs Rule-Based AI v2 (control),534,1,rule_v2,14,No
Rule-Based AI v2 vs Rule-Based AI v2 (control),535,0,rule_v2,21,No
Rule-Based AI v2 vs Rule-Based AI v2 (control),536,,,800,Yes
Rule-Based AI v2 vs Rule-Based AI v2 (control),537,1,rule_v2,18,No
Rule-Based AI v2 vs Rule-Based AI v2 (control),538,0,rule_v2,45,No
Rule-Based AI v2 vs Rule-Based AI v2 (control),539,2,rule_v2,27,No
Rule-Based AI v2 vs Rule-Based AI v2 (control),540,3,rule_v2,44,No
Rule-Based AI v2 vs Rule-Based AI v2 (control),541,2,rule_v2,19,No
Rule-Based AI v2 vs Rule-Based AI v2 (control),542,,,800,Yes
Rule-Based AI v2 vs Rule-Based AI v2 (control),543,1,rule_v2,42,No
Rule-Based AI v2 vs Rule-Based AI v2 (control),544,0,rule_v2,13,No
Rule-Based AI v2 vs Rule-Based AI v2 (control),545,0,rule_v2,37,No
Rule-Based AI v2 vs Rule-Based AI v2 (control),546,3,rule_v2,40,No
Rule-Based AI v2 vs Rule-Based AI v2 (control),547,,,800,Yes
Rule-Based AI v2 vs Rule-Based AI v2 (control),548,,,800,Yes
Rule-Based AI v2 vs Rule-Based AI v2 (control),549,,,800,Yes
Rule-Based AI v2 vs Rule-Based AI v2 (control),550,,,800,Yes
Rule-Based AI v2 vs Rule-Based AI v2 (control),551,1,rule_v2,22,No
Rule-Based AI v2 vs Rule-Based AI v2 (control),552,3,rule_v2,24,No
Rule-Based AI v2 vs Rule-Based AI v2 (control),553,0,rule_v2,45,No
Rule-Based AI v2 vs Rule-Based AI v2 (control),554,2,rule_v2,23,No
Rule-Based AI v2 vs Rule-Based AI v2 (control),555,1,rule_v2,38,No
Rule-Based AI v2 vs Rule-Based AI v2 (control),556,,,800,Yes
Rule-Based AI v2 vs Rule-Based AI v2 (control),557,1,rule_v2,26,No
Rule-Based AI v2 vs Rule-Based AI v2 (control),558,1,rule_v2,26,No
Rule-Based AI v2 vs Rule-Based AI v2 (control),559,,,800,Yes
Rule-Based AI v2 vs Rule-Based AI v2 (control),560,0,rule_v2,45,No
Rule-Based AI v2 vs Rule-Based AI v2 (control),561,,,800,Yes
Rule-Based AI v2 vs Rule-Based AI v2 (control),562,,,800,Yes
Rule-Based AI v2 vs Rule-Based AI v2 (control),563,,,800,Yes
Rule-Based AI v2 vs Rule-Based AI v2 (control),564,,,800,Yes
Rule-Based AI v2 vs Rule-Based AI v2 (control),565,2,rule_v2,39,No
Rule-Based AI v2 vs Rule-Based AI v2 (control),566,3,rule_v2,20,No
Rule-Based AI v2 vs Rule-Based AI v2 (control),567,1,rule_v2,42,No
Rule-Based AI v2 vs Rule-Based AI v2 (control),568,,,800,Yes
Rule-Based AI v2 vs Rule-Based AI v2 (control),569,2,rule_v2,35,No
Rule-Based AI v2 vs Rule-Based AI v2 (control),570,3,rule_v2,16,No
Rule-Based AI v2 vs Rule-Based AI v2 (control),571,2,rule_v2,27,No
Rule-Based AI v2 vs Rule-Based AI v2 (control),572,2,rule_v2,27,No
Rule-Based AI v2 vs Rule-Based AI v2 (control),573,1,rule_v2,30,No
Rule-Based AI v2 vs Rule-Based AI v2 (control),574,,,800,Yes
Rule-Based AI v2 vs Rule-Based AI v2 (control),575,2,rule_v2,43,No
Rule-Based AI v2 vs Rule-Based AI v2 (control),576,0,rule_v2,41,No
Rule-Based AI v2 vs Rule-Based AI v2 (control),577,3,rule_v2,48,No
Rule-Based AI v2 vs Rule-Based AI v2 (control),578,1,rule_v2,18,No
Rule-Based AI v2 vs Rule-Based AI v2 (control),579,3,rule_v2,32,No
Rule-Based AI v2 vs Rule-Based AI v2 (control),580,1,rule_v2,46,No
Rule-Based AI v2 vs Rule-Based AI v2 (control),581,0,rule_v2,29,No
Rule-Based AI v2 vs Rule-Based AI v2 (control),582,3,rule_v2,36,No
Rule-Based AI v2 vs Rule-Based AI v2 (control),583,1,rule_v2,30,No
Rule-Based AI v2 vs Rule-Based AI v2 (control),584,3,rule_v2,24,No
Rule-Based AI v2 vs Rule-Based AI v2 (control),585,,,800,Yes
Rule-Based AI v2 vs Rule-Based AI v2 (control),586,,,800,Yes
Rule-Based AI v2 vs Rule-Based AI v2 (control),587,,,800,Yes
Rule-Based AI v2 vs Rule-Based AI v2 (control),588,1,rule_v2,26,No
Rule-Based AI v2 vs Rule-Based AI v2 (control),589,0,rule_v2,21,No
Rule-Based AI v2 vs Rule-Based AI v2 (control),590,,,800,Yes
Rule-Based AI v2 vs Rule-Based AI v2 (control),591,3,rule_v2,44,No
Rule-Based AI v2 vs Rule-Based AI v2 (control),592,0,rule_v2,25,No
Rule-Based AI v2 vs Rule-Based AI v2 (control),593,3,rule_v2,48,No
Rule-Based AI v2 vs Rule-Based AI v2 (control),594,1,rule_v2,46,No
Rule-Based AI v2 vs Rule-Based AI v2 (control),595,3,rule_v2,20,No
Rule-Based AI v2 vs Rule-Based AI v2 (control),596,3,rule_v2,40,No
Rule-Based AI v2 vs Rule-Based AI v2 (control),597,2,rule_v2,43,No
Rule-Based AI v2 vs Rule-Based AI v2 (control),598,2,rule_v2,15,No
Rule-Based AI v2 vs Rule-Based AI v2 (control),599,3,rule_v2,24,No
Rule-Based AI v2 vs Rule-Based AI v2 (control),600,1,rule_v2,46,No
Rule-Based AI v2 vs Rule-Based AI v2 (control),601,,,800,Yes
Rule-Based AI v2 vs Rule-Based AI v2 (control),602,,,800,Yes
Rule-Based AI v2 vs Rule-Based AI v2 (control),603,2,rule_v2,31,No
Rule-Based AI v2 vs Rule-Based AI v2 (control),604,1,rule_v2,18,No
Rule-Based AI v2 vs Rule-Based AI v2 (control),605,3,rule_v2,44,No
Rule-Based AI v2 vs Rule-Based AI v2 (control),606,1,rule_v2,18,No
Rule-Based AI v2 vs Rule-Based AI v2 (control),607,0,rule_v2,29,No
Rule-Based AI v2 vs Rule-Based AI v2 (control),608,0,rule_v2,33,No
Rule-Based AI v2 vs Rule-Based AI v2 (control),609,,,800,Yes
Rule-Based AI v2 vs Rule-Based AI v2 (control),610,,,800,Yes
Rule-Based AI v2 vs Rule-Based AI v2 (control),611,0,rule_v2,13,No
Rule-Based AI v2 vs Rule-Based AI v2 (control),612,1,rule_v2,34,No
Rule-Based AI v2 vs Rule-Based AI v2 (control),613,0,rule_v2,41,No
Rule-Based AI v2 vs Rule-Based AI v2 (control),614,3,rule_v2,44,No
Rule-Based AI v2 vs Rule-Based AI v2 (control),615,1,rule_v2,18,No
Rule-Based AI v2 vs Rule-Based AI v2 (control),616,,,800,Yes
Rule-Based AI v2 vs Rule-Based AI v2 (control),617,0,rule_v2,41,No
Rule-Based AI v2 vs Rule-Based AI v2 (control),618,2,rule_v2,43,No
Rule-Based AI v2 vs Rule-Based AI v2 (control),619,1,rule_v2,18,No
Rule-Based AI v2 vs Rule-Based AI v2 (control),620,3,rule_v2,20,No
Rule-Based AI v2 vs Rule-Based AI v2 (control),621,3,rule_v2,8,No
Rule-Based AI v2 vs Rule-Based AI v2 (control),622,,,800,Yes
Rule-Based AI v2 vs Rule-Based AI v2 (control),623,2,rule_v2,27,No
Rule-Based AI v2 vs Rule-Based AI v2 (control),624,0,rule_v2,21,No
Rule-Based AI v2 vs Rule-Based AI v2 (control),625,,,800,Yes
Rule-Based AI v2 vs Rule-Based AI v2 (control),626,,,800,Yes
Rule-Based AI v2 vs Rule-Based AI v2 (control),627,1,rule_v2,34,No
Rule-Based AI v2 vs Rule-Based AI v2 (control),628,2,rule_v2,27,No
Rule-Based AI v2 vs Rule-Based AI v2 (control),629,1,rule_v2,34,No
Rule-Based AI v2 vs Rule-Based AI v2 (control),630,,,800,Yes
Rule-Based AI v2 vs Rule-Based AI v2 (control),631,2,rule_v2,43,No
Rule-Based AI v2 vs Rule-Based AI v2 (control),632,0,rule_v2,29,No
Rule-Based AI v2 vs Rule-Based AI v2 (control),633,2,rule_v2,31,No
Rule-Based AI v2 vs Rule-Based AI v2 (control),634,,,800,Yes
Rule-Based AI v2 vs Rule-Based AI v2 (control),635,0,rule_v2,41,No
Rule-Based AI v2 vs Rule-Based AI v2 (control),636,1,rule_v2,22,No
Rule-Based AI v2 vs Rule-Based AI v2 (control),637,1,rule_v2,14,No
Rule-Based AI v2 vs Rule-Based AI v2 (control),638,2,rule_v2,43,No
Rule-Based AI v2 vs Rule-Based AI v2 (control),639,1,rule_v2,14,No
Rule-Based AI v2 vs Rule-Based AI v2 (control),640,3,rule_v2,36,No
Rule-Based AI v2 vs Rule-Based AI v2 (control),641,,,800,Yes
Rule-Based AI v2 vs Rule-Based AI v2 (control),642,,,800,Yes
Rule-Based AI v2 vs Rule-Based AI v2 (control),643,,,800,Yes
Rule-Based AI v2 vs Rule-Based AI v2 (control),644,2,rule_v2,27,No
Rule-Based AI v2 vs Rule-Based AI v2 (control),645,0,rule_v2,33,No
Rule-Based AI v2 vs Rule-Based AI v2 (control),646,0,rule_v2,25,No
Rule-Based AI v2 vs Rule-Based AI v2 (control),647,2,rule_v2,31,No
Rule-Based AI v2 vs Rule-Based AI v2 (control),648,0,rule_v2,25,No
Rule-Based AI v2 vs Rule-Based AI v2 (control),649,2,rule_v2,35,No
Rule-Based AI v2 vs Rule-Based AI v2 (control),650,0,rule_v2,45,No
Rule-Based AI v2 vs Rule-Based AI v2 (control),651,,,800,Yes
Rule-Based AI v2 vs Rule-Based AI v2 (control),652,1,rule_v2,30,No
Rule-Based AI v2 vs Rule-Based AI v2 (control),653,,,800,Yes
Rule-Based AI v2 vs Rule-Based AI v2 (control),654,,,800,Yes
Rule-Based AI v2 vs Rule-Based AI v2 (control),655,2,rule_v2,47,No
Rule-Based AI v2 vs Rule-Based AI v2 (control),656,,,800,Yes
Rule-Based AI v2 vs Rule-Based AI v2 (control),657,1,rule_v2,26,No
Rule-Based AI v2 vs Rule-Based AI v2 (control),658,2,rule_v2,39,No
Rule-Based AI v2 vs Rule-Based AI v2 (control),659,0,rule_v2,29,No
Rule-Based AI v2 vs Rule-Based AI v2 (control),660,,,800,Yes
Rule-Based AI v2 vs Rule-Based AI v2 (control),661,3,rule_v2,32,No
Rule-Based AI v2 vs Rule-Based AI v2 (control),662,1,rule_v2,26,No
Rule-Based AI v2 vs Rule-Based AI v2 (control),663,,,800,Yes
Rule-Based AI v2 vs Rule-Based AI v2 (control),664,,,800,Yes
Rule-Based AI v2 vs Rule-Based AI v2 (control),665,1,rule_v2,46,No
Rule-Based AI v2 vs Rule-Based AI v2 (control),666,3,rule_v2,48,No
Rule-Based AI v2 vs Rule-Based AI v2 (control),667,0,rule_v2,41,No
Rule-Based AI v2 vs Rule-Based AI v2 (control),668,0,rule_v2,37,No
Rule-Based AI v2 vs Rule-Based AI v2 (control),669,2,rule_v2,19,No
Rule-Based AI v2 vs Rule-Based AI v2 (control),670,,,800,Yes
Rule-Based AI v2 vs Rule-Based AI v2 (control),671,1,rule_v2,38,No
Rule-Based AI v2 vs Rule-Based AI v2 (control),672,0,rule_v2,45,No
Rule-Based AI v2 vs Rule-Based AI v2 (control),673,0,rule_v2,33,No
Rule-Based AI v2 vs Rule-Based AI v2 (control),674,3,rule_v2,40,No
Rule-Based AI v2 vs Rule-Based AI v2 (control),675,,,800,Yes
Rule-Based AI v2 vs Rule-Based AI v2 (control),676,3,rule_v2,40,No
Rule-Based AI v2 vs Rule-Based AI v2 (control),677,1,rule_v2,34,No
Rule-Based AI v2 vs Rule-Based AI v2 (control),678,0,rule_v2,33,No
Rule-Based AI v2 vs Rule-Based AI v2 (control),679,2,rule_v2,35,No
Rule-Based AI v2 vs Rule-Based AI v2 (control),680,,,800,Yes
Rule-Based AI v2 vs Rule-Based AI v2 (control),681,0,rule_v2,37,No
Rule-Based AI v2 vs Rule-Based AI v2 (control),682,,,800,Yes
Rule-Based AI v2 vs Rule-Based AI v2 (control),683,3,rule_v2,44,No
Rule-Based AI v2 vs Rule-Based AI v2 (control),684,2,rule_v2,23,No
Rule-Based AI v2 vs Rule-Based AI v2 (control),685,1,rule_v2,30,No
Rule-Based AI v2 vs Rule-Based AI v2 (control),686,3,rule_v2,24,No
Rule-Based AI v2 vs Rule-Based AI v2 (control),687,3,rule_v2,16,No
Rule-Based AI v2 vs Rule-Based AI v2 (control),688,3,rule_v2,36,No
Rule-Based AI v2 vs Rule-Based AI v2 (control),689,1,rule_v2,22,No
Rule-Based AI v2 vs Rule-Based AI v2 (control),690,,,800,Yes
Rule-Based AI v2 vs Rule-Based AI v2 (control),691,1,rule_v2,38,No
Rule-Based AI v2 vs Rule-Based AI v2 (control),692,2,rule_v2,23,No
Rule-Based AI v2 vs Rule-Based AI v2 (control),693,,,800,Yes
Rule-Based AI v2 vs Rule-Based AI v2 (control),694,2,rule_v2,31,No
Rule-Based AI v2 vs Rule-Based AI v2 (control),695,0,rule_v2,25,No
Rule-Based AI v2 vs Rule-Based AI v2 (control),696,3,rule_v2,32,No
Rule-Based AI v2 vs Rule-Based AI v2 (control),697,1,rule_v2,34,No
Rule-Based AI v2 vs Rule-Based AI v2 (control),698,,,800,Yes
Rule-Based AI v2 vs Rule-Based AI v2 (control),699,3,rule_v2,32,No
Rule-Based AI v2 vs Rule-Based AI v2 (control),700,3,rule_v2,36,No
Rule-Based AI v2 vs Rule-Based AI v2 (control),701,1,rule_v2,34,No
Rule-Based AI v2 vs Rule-Based AI v2 (control),702,3,rule_v2,20,No
Rule-Based AI v2 vs Rule-Based AI v2 (control),703,3,rule_v2,40,No
Rule-Based AI v2 vs Rule-Based AI v2 (control),704,,,800,Yes
Rule-Based AI v2 vs Rule-Based AI v2 (control),705,2,rule_v2,11,No
Rule-Based AI v2 vs Rule-Based AI v2 (control),706,,,800,Yes
Rule-Based AI v2 vs Rule-Based AI v2 (control),707,0,rule_v2,41,No
Rule-Based AI v2 vs Rule-Based AI v2 (control),708,0,rule_v2,45,No
Rule-Based AI v2 vs Rule-Based AI v2 (control),709,3,rule_v2,16,No
Rule-Based AI v2 vs Rule-Based AI v2 (control),710,2,rule_v2,3,No
Rule-Based AI v2 vs Rule-Based AI v2 (control),711,2,rule_v2,23,No
Rule-Based AI v2 vs Rule-Based AI v2 (control),712,,,800,Yes
Rule-Based AI v2 vs Rule-Based AI v2 (control),713,3,rule_v2,28,No
Rule-Based AI v2 vs Rule-Based AI v2 (control),714,0,rule_v2,13,No
Rule-Based AI v2 vs Rule-Based AI v2 (control),715,0,rule_v2,33,No
Rule-Based AI v2 vs Rule-Based AI v2 (control),716,,,800,Yes
Rule-Based AI v2 vs Rule-Based AI v2 (control),717,0,rule_v2,29,No
Rule-Based AI v2 vs Rule-Based AI v2 (control),718,2,rule_v2,35,No
Rule-Based AI v2 vs Rule-Based AI v2 (control),719,,,800,Yes
Rule-Based AI v2 vs Rule-Based AI v2 (control),720,1,rule_v2,34,No
Rule-Based AI v2 vs Rule-Based AI v2 (control),721,,,800,Yes
Rule-Based AI v2 vs Rule-Based AI v2 (control),722,2,rule_v2,27,No
Rule-Based AI v2 vs Rule-Based AI v2 (control),723,1,rule_v2,46,No
Rule-Based AI v2 vs Rule-Based AI v2 (control),724,0,rule_v2,25,No
Rule-Based AI v2 vs Rule-Based AI v2 (control),725,1,rule_v2,38,No
Rule-Based AI v2 vs Rule-Based AI v2 (control),726,1,rule_v2,26,No
Rule-Based AI v2 vs Rule-Based AI v2 (control),727,,,800,Yes
Rule-Based AI v2 vs Rule-Based AI v2 (control),728,1,rule_v2,42,No
Rule-Based AI v2 vs Rule-Based AI v2 (control),729,3,rule_v2,48,No
Rule-Based AI v2 vs Rule-Based AI v2 (control),730,1,rule_v2,22,No
Rule-Based AI v2 vs Rule-Based AI v2 (control),731,2,rule_v2,7,No
Rule-Based AI v2 vs Rule-Based AI v2 (control),732,0,rule_v2,37,No
Rule-Based AI v2 vs Rule-Based AI v2 (control),733,3,rule_v2,12,No
Rule-Based AI v2 vs Rule-Based AI v2 (control),734,,,800,Yes
Rule-Based AI v2 vs Rule-Based AI v2 (control),735,0,rule_v2,13,No
Rule-Based AI v2 vs Rule-Based AI v2 (control),736,0,rule_v2,33,No
Rule-Based AI v2 vs Rule-Based AI v2 (control),737,0,rule_v2,29,No
Rule-Based AI v2 vs Rule-Based AI v2 (control),738,,,800,Yes
Rule-Based AI v2 vs Rule-Based AI v2 (control),739,,,800,Yes
Rule-Based AI v2 vs Rule-Based AI v2 (control),740,0,rule_v2,13,No
Rule-Based AI v2 vs Rule-Based AI v2 (control),741,0,rule_v2,21,No
Rule-Based AI v2 vs Rule-Based AI v2 (control),742,,,800,Yes
Rule-Based AI v2 vs Rule-Based AI v2 (control),743,2,rule_v2,35,No
Rule-Based AI v2 vs Rule-Based AI v2 (control),744,3,rule_v2,44,No
Rule-Based AI v2 vs Rule-Based AI v2 (control),745,,,800,Yes
Rule-Based AI v2 vs Rule-Based AI v2 (control),746,0,rule_v2,13,No
Rule-Based AI v2 vs Rule-Based AI v2 (control),747,,,800,Yes
Rule-Based AI v2 vs Rule-Based AI v2 (control),748,,,800,Yes
Rule-Based AI v2 vs Rule-Based AI v2 (control),749,2,rule_v2,15,No
Rule-Based AI v2 vs Rule-Based AI v2 (control),750,3,rule_v2,16,No
Rule-Based AI v2 vs Rule-Based AI v2 (control),751,,,800,Yes
Rule-Based AI v2 vs Rule-Based AI v2 (control),752,,,800,Yes
Rule-Based AI v2 vs Rule-Based AI v2 (control),753,2,rule_v2,19,No
Rule-Based AI v2 vs Rule-Based AI v2 (control),754,,,800,Yes
Rule-Based AI v2 vs Rule-Based AI v2 (control),755,1,rule_v2,22,No
Rule-Based AI v2 vs Rule-Based AI v2 (control),756,0,rule_v2,33,No
Rule-Based AI v2 vs Rule-Based AI v2 (control),757,,,800,Yes
Rule-Based AI v2 vs Rule-Based AI v2 (control),758,2,rule_v2,39,No
Rule-Based AI v2 vs Rule-Based AI v2 (control),759,1,rule_v2,46,No
Rule-Based AI v2 vs Rule-Based AI v2 (control),760,0,rule_v2,25,No
Rule-Based AI v2 vs Rule-Based AI v2 (control),761,3,rule_v2,28,No
Rule-Based AI v2 vs Rule-Based AI v2 (control),762,0,rule_v2,33,No
Rule-Based AI v2 vs Rule-Based AI v2 (control),763,,,800,Yes
Rule-Based AI v2 vs Rule-Based AI v2 (control),764,3,rule_v2,32,No
Rule-Based AI v2 vs Rule-Based AI v2 (control),765,1,rule_v2,26,No
Rule-Based AI v2 vs Rule-Based AI v2 (control),766,2,rule_v2,19,No
Rule-Based AI v2 vs Rule-Based AI v2 (control),767,2,rule_v2,23,No
Rule-Based AI v2 vs Rule-Based AI v2 (control),768,,,800,Yes
Rule-Based AI v2 vs Rule-Based AI v2 (control),769,,,800,Yes
Rule-Based AI v2 vs Rule-Based AI v2 (control),770,0,rule_v2,17,No
Rule-Based AI v2 vs Rule-Based AI v2 (control),771,3,rule_v2,32,No
Rule-Based AI v2 vs Rule-Based AI v2 (control),772,3,rule_v2,48,No
Rule-Based AI v2 vs Rule-Based AI v2 (control),773,1,rule_v2,30,No
Rule-Based AI v2 vs Rule-Based AI v2 (control),774,2,rule_v2,27,No
Rule-Based AI v2 vs Rule-Based AI v2 (control),775,3,rule_v2,44,No
Rule-Based AI v2 vs Rule-Based AI v2 (control),776,3,rule_v2,40,No
Rule-Based AI v2 vs Rule-Based AI v2 (control),777,,,800,Yes
Rule-Based AI v2 vs Rule-Based AI v2 (control),778,0,rule_v2,25,No
Rule-Based AI v2 vs Rule-Based AI v2 (control),779,1,rule_v2,34,No
Rule-Based AI v2 vs Rule-Based AI v2 (control),780,3,rule_v2,40,No
Rule-Based AI v2 vs Rule-Based AI v2 (control),781,3,rule_v2,32,No
Rule-Based AI v2 vs Rule-Based AI v2 (control),782,2,rule_v2,35,No
Rule-Based AI v2 vs Rule-Based AI v2 (control),783,,,800,Yes
Rule-Based AI v2 vs Rule-Based AI v2 (control),784,,,800,Yes
Rule-Based AI v2 vs Rule-Based AI v2 (control),785,1,rule_v2,34,No
Rule-Based AI v2 vs Rule-Based AI v2 (control),786,3,rule_v2,40,No
Rule-Based AI v2 vs Rule-Based AI v2 (control),787,3,rule_v2,40,No
Rule-Based AI v2 vs Rule-Based AI v2 (control),788,,,800,Yes
Rule-Based AI v2 vs Rule-Based AI v2 (control),789,3,rule_v2,44,No
Rule-Based AI v2 vs Rule-Based AI v2 (control),790,1,rule_v2,18,No
Rule-Based AI v2 vs Rule-Based AI v2 (control),791,0,rule_v2,25,No
Rule-Based AI v2 vs Rule-Based AI v2 (control),792,,,800,Yes
Rule-Based AI v2 vs Rule-Based AI v2 (control),793,3,rule_v2,40,No
Rule-Based AI v2 vs Rule-Based AI v2 (control),794,0,rule_v2,29,No
Rule-Based AI v2 vs Rule-Based AI v2 (control),795,1,rule_v2,26,No
Rule-Based AI v2 vs Rule-Based AI v2 (control),796,0,rule_v2,17,No
Rule-Based AI v2 vs Rule-Based AI v2 (control),797,1,rule_v2,14,No
Rule-Based AI v2 vs Rule-Based AI v2 (control),798,1,rule_v2,38,No
Rule-Based AI v2 vs Rule-Based AI v2 (control),799,2,rule_v2,43,No
Rule-Based AI v2 vs Rule-Based AI v2 (control),800,0,rule_v2,29,No
Rule-Based AI v2 vs Rule-Based AI v2 (control),801,,,800,Yes
Rule-Based AI v2 vs Rule-Based AI v2 (control),802,,,800,Yes
Rule-Based AI v2 vs Rule-Based AI v2 (control),803,3,rule_v2,28,No
Rule-Based AI v2 vs Rule-Based AI v2 (control),804,,,800,Yes
Rule-Based AI v2 vs Rule-Based AI v2 (control),805,1,rule_v2,46,No
Rule-Based AI v2 vs Rule-Based AI v2 (control),806,1,rule_v2,10,No
Rule-Based AI v2 vs Rule-Based AI v2 (control),807,2,rule_v2,47,No
Rule-Based AI v2 vs Rule-Based AI v2 (control),808,0,rule_v2,29,No
Rule-Based AI v2 vs Rule-Based AI v2 (control),809,3,rule_v2,36,No
Rule-Based AI v2 vs Rule-Based AI v2 (control),810,,,800,Yes
Rule-Based AI v2 vs Rule-Based AI v2 (control),811,0,rule_v2,13,No
Rule-Based AI v2 vs Rule-Based AI v2 (control),812,3,rule_v2,28,No
Rule-Based AI v2 vs Rule-Based AI v2 (control),813,0,rule_v2,37,No
Rule-Based AI v2 vs Rule-Based AI v2 (control),814,1,rule_v2,34,No
Rule-Based AI v2 vs Rule-Based AI v2 (control),815,3,rule_v2,44,No
Rule-Based AI v2 vs Rule-Based AI v2 (control),816,0,rule_v2,17,No
Rule-Based AI v2 vs Rule-Based AI v2 (control),817,2,rule_v2,47,No
Rule-Based AI v2 vs Rule-Based AI v2 (control),818,,,800,Yes
Rule-Based AI v2 vs Rule-Based AI v2 (control),819,2,rule_v2,31,No
Rule-Based AI v2 vs Rule-Based AI v2 (control),820,3,rule_v2,40,No
Rule-Based AI v2 vs Rule-Based AI v2 (control),821,2,rule_v2,31,No
Rule-Based AI v2 vs Rule-Based AI v2 (control),822,3,rule_v2,28,No
Rule-Based AI v2 vs Rule-Based AI v2 (control),823,1,rule_v2,30,No
Rule-Based AI v2 vs Rule-Based AI v2 (control),824,3,rule_v2,16,No
Rule-Based AI v2 vs Rule-Based AI v2 (control),825,,,800,Yes
Rule-Based AI v2 vs Rule-Based AI v2 (control),826,,,800,Yes
Rule-Based AI v2 vs Rule-Based AI v2 (control),827,1,rule_v2,10,No
Rule-Based AI v2 vs Rule-Based AI v2 (control),828,1,rule_v2,46,No
Rule-Based AI v2 vs Rule-Based AI v2 (control),829,,,800,Yes
Rule-Based AI v2 vs Rule-Based AI v2 (control),830,2,rule_v2,31,No
Rule-Based AI v2 vs Rule-Based AI v2 (control),831,1,rule_v2,46,No
Rule-Based AI v2 vs Rule-Based AI v2 (control),832,0,rule_v2,33,No
Rule-Based AI v2 vs Rule-Based AI v2 (control),833,0,rule_v2,21,No
Rule-Based AI v2 vs Rule-Based AI v2 (control),834,2,rule_v2,19,No
Rule-Based AI v2 vs Rule-Based AI v2 (control),835,1,rule_v2,46,No
Rule-Based AI v2 vs Rule-Based AI v2 (control),836,,,800,Yes
Rule-Based AI v2 vs Rule-Based AI v2 (control),837,0,rule_v2,25,No
Rule-Based AI v2 vs Rule-Based AI v2 (control),838,0,rule_v2,25,No
Rule-Based AI v2 vs Rule-Based AI v2 (control),839,,,800,Yes
Rule-Based AI v2 vs Rule-Based AI v2 (control),840,2,rule_v2,23,No
Rule-Based AI v2 vs Rule-Based AI v2 (control),841,,,800,Yes
Rule-Based AI v2 vs Rule-Based AI v2 (control),842,2,rule_v2,19,No
Rule-Based AI v2 vs Rule-Based AI v2 (control),843,1,rule_v2,26,No
Rule-Based AI v2 vs Rule-Based AI v2 (control),844,2,rule_v2,23,No
Rule-Based AI v2 vs Rule-Based AI v2 (control),845,,,800,Yes
Rule-Based AI v2 vs Rule-Based AI v2 (control),846,,,800,Yes
Rule-Based AI v2 vs Rule-Based AI v2 (control),847,,,800,Yes
Rule-Based AI v2 vs Rule-Based AI v2 (control),848,3,rule_v2,12,No
Rule-Based AI v2 vs Rule-Based AI v2 (control),849,2,rule_v2,19,No
Rule-Based AI v2 vs Rule-Based AI v2 (control),850,3,rule_v2,44,No
Rule-Based AI v2 vs Rule-Based AI v2 (control),851,2,rule_v2,47,No
Rule-Based AI v2 vs Rule-Based AI v2 (control),852,0,rule_v2,37,No
Rule-Based AI v2 vs Rule-Based AI v2 (control),853,,,800,Yes
Rule-Based AI v2 vs Rule-Based AI v2 (control),854,,,800,Yes
Rule-Based AI v2 vs Rule-Based AI v2 (control),855,2,rule_v2,11,No
Rule-Based AI v2 vs Rule-Based AI v2 (control),856,2,rule_v2,23,No
Rule-Based AI v2 vs Rule-Based AI v2 (control),857,,,800,Yes
Rule-Based AI v2 vs Rule-Based AI v2 (control),858,2,rule_v2,39,No
Rule-Based AI v2 vs Rule-Based AI v2 (control),859,,,800,Yes
Rule-Based AI v2 vs Rule-Based AI v2 (control),860,0,rule_v2,29,No
Rule-Based AI v2 vs Rule-Based AI v2 (control),861,0,rule_v2,33,No
Rule-Based AI v2 vs Rule-Based AI v2 (control),862,,,800,Yes
Rule-Based AI v2 vs Rule-Based AI v2 (control),863,2,rule_v2,27,No
Rule-Based AI v2 vs Rule-Based AI v2 (control),864,,,800,Yes
Rule-Based AI v2 vs Rule-Based AI v2 (control),865,1,rule_v2,34,No
Rule-Based AI v2 vs Rule-Based AI v2 (control),866,,,800,Yes
Rule-Based AI v2 vs Rule-Based AI v2 (control),867,1,rule_v2,38,No
Rule-Based AI v2 vs Rule-Based AI v2 (control),868,,,800,Yes
Rule-Based AI v2 vs Rule-Based AI v2 (control),869,2,rule_v2,11,No
Rule-Based AI v2 vs Rule-Based AI v2 (control),870,0,rule_v2,45,No
Rule-Based AI v2 vs Rule-Based AI v2 (control),871,1,rule_v2,38,No
Rule-Based AI v2 vs Rule-Based AI v2 (control),872,1,rule_v2,18,No
Rule-Based AI v2 vs Rule-Based AI v2 (control),873,3,rule_v2,20,No
Rule-Based AI v2 vs Rule-Based AI v2 (control),874,0,rule_v2,41,No
Rule-Based AI v2 vs Rule-Based AI v2 (control),875,,,800,Yes
Rule-Based AI v2 vs Rule-Based AI v2 (control),876,2,rule_v2,35,No
Rule-Based AI v2 vs Rule-Based AI v2 (control),877,2,rule_v2,23,No
Rule-Based AI v2 vs Rule-Based AI v2 (control),878,,,800,Yes
Rule-Based AI v2 vs Rule-Based AI v2 (control),879,1,rule_v2,22,No
Rule-Based AI v2 vs Rule-Based AI v2 (control),880,0,rule_v2,25,No
Rule-Based AI v2 vs Rule-Based AI v2 (control),881,2,rule_v2,39,No
Rule-Based AI v2 vs Rule-Based AI v2 (control),882,1,rule_v2,26,No
Rule-Based AI v2 vs Rule-Based AI v2 (control),883,1,rule_v2,30,No
Rule-Based AI v2 vs Rule-Based AI v2 (control),884,3,rule_v2,44,No
Rule-Based AI v2 vs Rule-Based AI v2 (control),885,,,800,Yes
Rule-Based AI v2 vs Rule-Based AI v2 (control),886,,,800,Yes
Rule-Based AI v2 vs Rule-Based AI v2 (control),887,,,800,Yes
Rule-Based AI v2 vs Rule-Based AI v2 (control),888,,,800,Yes
Rule-Based AI v2 vs Rule-Based AI v2 (control),889,2,rule_v2,27,No
Rule-Based AI v2 vs Rule-Based AI v2 (control),890,,,800,Yes
Rule-Based AI v2 vs Rule-Based AI v2 (control),891,1,rule_v2,22,No
Rule-Based AI v2 vs Rule-Based AI v2 (control),892,2,rule_v2,35,No
Rule-Based AI v2 vs Rule-Based AI v2 (control),893,,,800,Yes
Rule-Based AI v2 vs Rule-Based AI v2 (control),894,,,800,Yes
Rule-Based AI v2 vs Rule-Based AI v2 (control),895,3,rule_v2,40,No
Rule-Based AI v2 vs Rule-Based AI v2 (control),896,1,rule_v2,10,No
Rule-Based AI v2 vs Rule-Based AI v2 (control),897,,,800,Yes
Rule-Based AI v2 vs Rule-Based AI v2 (control),898,2,rule_v2,31,No
Rule-Based AI v2 vs Rule-Based AI v2 (control),899,,,800,Yes
Rule-Based AI v2 vs Rule-Based AI v2 (control),900,,,800,Yes
Rule-Based AI v2 vs Rule-Based AI v2 (control),901,2,rule_v2,27,No
Rule-Based AI v2 vs Rule-Based AI v2 (control),902,,,800,Yes
Rule-Based AI v2 vs Rule-Based AI v2 (control),903,3,rule_v2,36,No
Rule-Based AI v2 vs Rule-Based AI v2 (control),904,2,rule_v2,15,No
Rule-Based AI v2 vs Rule-Based AI v2 (control),905,0,rule_v2,21,No
Rule-Based AI v2 vs Rule-Based AI v2 (control),906,,,800,Yes
Rule-Based AI v2 vs Rule-Based AI v2 (control),907,0,rule_v2,17,No
Rule-Based AI v2 vs Rule-Based AI v2 (control),908,0,rule_v2,45,No
Rule-Based AI v2 vs Rule-Based AI v2 (control),909,3,rule_v2,8,No
Rule-Based AI v2 vs Rule-Based AI v2 (control),910,3,rule_v2,36,No
Rule-Based AI v2 vs Rule-Based AI v2 (control),911,2,rule_v2,35,No
Rule-Based AI v2 vs Rule-Based AI v2 (control),912,0,rule_v2,37,No
Rule-Based AI v2 vs Rule-Based AI v2 (control),913,,,800,Yes
Rule-Based AI v2 vs Rule-Based AI v2 (control),914,2,rule_v2,39,No
Rule-Based AI v2 vs Rule-Based AI v2 (control),915,0,rule_v2,17,No
Rule-Based AI v2 vs Rule-Based AI v2 (control),916,3,rule_v2,28,No
Rule-Based AI v2 vs Rule-Based AI v2 (control),917,0,rule_v2,45,No
Rule-Based AI v2 vs Rule-Based AI v2 (control),918,2,rule_v2,31,No
Rule-Based AI v2 vs Rule-Based AI v2 (control),919,1,rule_v2,34,No
Rule-Based AI v2 vs Rule-Based AI v2 (control),920,2,rule_v2,19,No
Rule-Based AI v2 vs Rule-Based AI v2 (control),921,,,800,Yes
Rule-Based AI v2 vs Rule-Based AI v2 (control),922,0,rule_v2,33,No
Rule-Based AI v2 vs Rule-Based AI v2 (control),923,2,rule_v2,43,No
Rule-Based AI v2 vs Rule-Based AI v2 (control),924,3,rule_v2,16,No
Rule-Based AI v2 vs Rule-Based AI v2 (control),925,3,rule_v2,24,No
Rule-Based AI v2 vs Rule-Based AI v2 (control),926,0,rule_v2,25,No
Rule-Based AI v2 vs Rule-Based AI v2 (control),927,,,800,Yes
Rule-Based AI v2 vs Rule-Based AI v2 (control),928,3,rule_v2,32,No
Rule-Based AI v2 vs Rule-Based AI v2 (control),929,0,rule_v2,41,No
Rule-Based AI v2 vs Rule-Based AI v2 (control),930,0,rule_v2,41,No
Rule-Based AI v2 vs Rule-Based AI v2 (control),931,1,rule_v2,38,No
Rule-Based AI v2 vs Rule-Based AI v2 (control),932,0,rule_v2,29,No
Rule-Based AI v2 vs Rule-Based AI v2 (control),933,1,rule_v2,30,No
Rule-Based AI v2 vs Rule-Based AI v2 (control),934,3,rule_v2,36,No
Rule-Based AI v2 vs Rule-Based AI v2 (control),935,1,rule_v2,38,No
Rule-Based AI v2 vs Rule-Based AI v2 (control),936,1,rule_v2,38,No
Rule-Based AI v2 vs Rule-Based AI v2 (control),937,,,800,Yes
Rule-Based AI v2 vs Rule-Based AI v2 (control),938,0,rule_v2,25,No
Rule-Based AI v2 vs Rule-Based AI v2 (control),939,2,rule_v2,43,No
Rule-Based AI v2 vs Rule-Based AI v2 (control),940,,,800,Yes
Rule-Based AI v2 vs Rule-Based AI v2 (control),941,1,rule_v2,26,No
Rule-Based AI v2 vs Rule-Based AI v2 (control),942,,,800,Yes
Rule-Based AI v2 vs Rule-Based AI v2 (control),943,0,rule_v2,33,No
Rule-Based AI v2 vs Rule-Based AI v2 (control),944,0,rule_v2,33,No
Rule-Based AI v2 vs Rule-Based AI v2 (control),945,,,800,Yes
Rule-Based AI v2 vs Rule-Based AI v2 (control),946,2,rule_v2,19,No
Rule-Based AI v2 vs Rule-Based AI v2 (control),947,,,800,Yes
Rule-Based AI v2 vs Rule-Based AI v2 (control),948,0,rule_v2,37,No
Rule-Based AI v2 vs Rule-Based AI v2 (control),949,,,800,Yes
Rule-Based AI v2 vs Rule-Based AI v2 (control),950,2,rule_v2,39,No
Rule-Based AI v2 vs Rule-Based AI v2 (control),951,3,rule_v2,20,No
Rule-Based AI v2 vs Rule-Based AI v2 (control),952,1,rule_v2,18,No
Rule-Based AI v2 vs Rule-Based AI v2 (control),953,,,800,Yes
Rule-Based AI v2 vs Rule-Based AI v2 (control),954,3,rule_v2,44,No
Rule-Based AI v2 vs Rule-Based AI v2 (control),955,2,rule_v2,47,No
Rule-Based AI v2 vs Rule-Based AI v2 (control),956,3,rule_v2,32,No
Rule-Based AI v2 vs Rule-Based AI v2 (control),957,3,rule_v2,24,No
Rule-Based AI v2 vs Rule-Based AI v2 (control),958,,,800,Yes
Rule-Based AI v2 vs Rule-Based AI v2 (control),959,,,800,Yes
Rule-Based AI v2 vs Rule-Based AI v2 (control),960,,,800,Yes
Rule-Based AI v2 vs Rule-Based AI v2 (control),961,1,rule_v2,34,No
Rule-Based AI v2 vs Rule-Based AI v2 (control),962,,,800,Yes
Rule-Based AI v2 vs Rule-Based AI v2 (control),963,,,800,Yes
Rule-Based AI v2 vs Rule-Based AI v2 (control),964,2,rule_v2,19,No
Rule-Based AI v2 vs Rule-Based AI v2 (control),965,2,rule_v2,27,No
Rule-Based AI v2 vs Rule-Based AI v2 (control),966,0,rule_v2,13,No
Rule-Based AI v2 vs Rule-Based AI v2 (control),967,0,rule_v2,25,No
Rule-Based AI v2 vs Rule-Based AI v2 (control),968,1,rule_v2,46,No
Rule-Based AI v2 vs Rule-Based AI v2 (control),969,1,rule_v2,46,No
Rule-Based AI v2 vs Rule-Based AI v2 (control),970,3,rule_v2,48,No
Rule-Based AI v2 vs Rule-Based AI v2 (control),971,,,800,Yes
Rule-Based AI v2 vs Rule-Based AI v2 (control),972,1,rule_v2,46,No
Rule-Based AI v2 vs Rule-Based AI v2 (control),973,0,rule_v2,33,No
Rule-Based AI v2 vs Rule-Based AI v2 (control),974,1,rule_v2,46,No
Rule-Based AI v2 vs Rule-Based AI v2 (control),975,2,rule_v2,31,No
Rule-Based AI v2 vs Rule-Based AI v2 (control),976,1,rule_v2,14,No
Rule-Based AI v2 vs Rule-Based AI v2 (control),977,3,rule_v2,40,No
Rule-Based AI v2 vs Rule-Based AI v2 (control),978,1,rule_v2,18,No
Rule-Based AI v2 vs Rule-Based AI v2 (control),979,,,800,Yes
Rule-Based AI v2 vs Rule-Based AI v2 (control),980,0,rule_v2,37,No
Rule-Based AI v2 vs Rule-Based AI v2 (control),981,,,800,Yes
Rule-Based AI v2 vs Rule-Based AI v2 (control),982,0,rule_v2,33,No
Rule-Based AI v2 vs Rule-Based AI v2 (control),983,0,rule_v2,45,No
Rule-Based AI v2 vs Rule-Based AI v2 (control),984,,,800,Yes
Rule-Based AI v2 vs Rule-Based AI v2 (control),985,0,rule_v2,21,No
Rule-Based AI v2 vs Rule-Based AI v2 (control),986,0,rule_v2,13,No
Rule-Based AI v2 vs Rule-Based AI v2 (control),987,0,rule_v2,41,No
Rule-Based AI v2 vs Rule-Based AI v2 (control),988,,,800,Yes
Rule-Based AI v2 vs Rule-Based AI v2 (control),989,,,800,Yes
Rule-Based AI v2 vs Rule-Based AI v2 (control),990,3,rule_v2,44,No
Rule-Based AI v2 vs Rule-Based AI v2 (control),991,,,800,Yes
Rule-Based AI v2 vs Rule-Based AI v2 (control),992,0,rule_v2,13,No
Rule-Based AI v2 vs Rule-Based AI v2 (control),993,1,rule_v2,46,No
Rule-Based AI v2 vs Rule-Based AI v2 (control),994,0,rule_v2,17,No
Rule-Based AI v2 vs Rule-Based AI v2 (control),995,,,800,Yes
Rule-Based AI v2 vs Rule-Based AI v2 (control),996,0,rule_v2,45,No
Rule-Based AI v2 vs Rule-Based AI v2 (control),997,,,800,Yes
Rule-Based AI v2 vs Rule-Based AI v2 (control),998,1,rule_v2,34,No
Rule-Based AI v2 vs Rule-Based AI v2 (control),999,0,rule_v2,5,No
Rule-Based AI v2 vs Rule-Based AI v2 (control),1000,,,800,Yes
Rule-Based AI v2 vs Rule-Based AI v2 (control),1001,0,rule_v2,45,No
Rule-Based AI v2 vs Rule-Based AI v2 (control),1002,2,rule_v2,43,No
Rule-Based AI v2 vs Rule-Based AI v2 (control),1003,1,rule_v2,34,No
Rule-Based AI v2 vs Rule-Based AI v2 (control),1004,,,800,Yes
Rule-Based AI v2 vs Rule-Based AI v2 (control),1005,2,rule_v2,19,No
Rule-Based AI v2 vs Rule-Based AI v2 (control),1006,3,rule_v2,40,No
Rule-Based AI v2 vs Rule-Based AI v2 (control),1007,1,rule_v2,42,No
Rule-Based AI v2 vs Rule-Based AI v2 (control),1008,,,800,Yes
Rule-Based AI v2 vs Rule-Based AI v2 (control),1009,3,rule_v2,28,No
Rule-Based AI v2 vs Rule-Based AI v2 (control),1010,,,800,Yes
Rule-Based AI v2 vs Rule-Based AI v2 (control),1011,3,rule_v2,40,No
Rule-Based AI v2 vs Rule-Based AI v2 (control),1012,3,rule_v2,16,No
Rule-Based AI v2 vs Rule-Based AI v2 (control),1013,2,rule_v2,19,No
Rule-Based AI v2 vs Rule-Based AI v2 (control),1014,,,800,Yes
Rule-Based AI v2 vs Rule-Based AI v2 (control),1015,,,800,Yes
Rule-Based AI v2 vs Rule-Based AI v2 (control),1016,3,rule_v2,44,No
Rule-Based AI v2 vs Rule-Based AI v2 (control),1017,3,rule_v2,48,No
Rule-Based AI v2 vs Rule-Based AI v2 (control),1018,,,800,Yes
Rule-Based AI v2 vs Rule-Based AI v2 (control),1019,,,800,Yes
Rule-Based AI v2 vs Rule-Based AI v2 (control),1020,3,rule_v2,24,No
Rule-Based AI v2 vs Rule-Based AI v2 (control),1021,1,rule_v2,26,No
Rule-Based AI v2 vs Rule-Based AI v2 (control),1022,0,rule_v2,37,No
Rule-Based AI v2 vs Rule-Based AI v2 (control),1023,0,rule_v2,17,No
Rule-Based AI v2 vs Rule-Based AI v2 (control),1024,,,800,Yes
Rule-Based AI v2 vs Rule-Based AI v2 (control),1025,2,rule_v2,31,No
Rule-Based AI v2 vs Rule-Based AI v2 (control),1026,,,800,Yes
Rule-Based AI v2 vs Rule-Based AI v2 (control),1027,3,rule_v2,24,No
Rule-Based AI v2 vs Rule-Based AI v2 (control),1028,,,800,Yes
Rule-Based AI v2 vs Rule-Based AI v2 (control),1029,1,rule_v2,6,No
Rule-Based AI v2 vs Rule-Based AI v2 (control),1030,,,800,Yes
Rule-Based AI v2 vs Rule-Based AI v2 (control),1031,,,800,Yes
Rule-Based AI v2 vs Rule-Based AI v2 (control),1032,2,rule_v2,27,No
Rule-Based AI v2 vs Rule-Based AI v2 (control),1033,,,800,Yes
Rule-Based AI v2 vs Rule-Based AI v2 (control),1034,1,rule_v2,26,No
Rule-Based AI v2 vs Rule-Based AI v2 (control),1035,1,rule_v2,18,No
Rule-Based AI v2 vs Rule-Based AI v2 (control),1036,1,rule_v2,30,No
Rule-Based AI v2 vs Rule-Based AI v2 (control),1037,,,800,Yes
Rule-Based AI v2 vs Rule-Based AI v2 (control),1038,3,rule_v2,24,No
Rule-Based AI v2 vs Rule-Based AI v2 (control),1039,,,800,Yes
Rule-Based AI v2 vs Rule-Based AI v2 (control),1040,2,rule_v2,15,No
Rule-Based AI v2 vs Rule-Based AI v2 (control),1041,1,rule_v2,26,No
Rule-Based AI v2 vs Rule-Based AI v2 (control),1042,3,rule_v2,20,No
Rule-Based AI v2 vs Rule-Based AI v2 (control),1043,0,rule_v2,33,No
Rule-Based AI v2 vs Rule-Based AI v2 (control),1044,,,800,Yes
Rule-Based AI v2 vs Rule-Based AI v2 (control),1045,,,800,Yes
Rule-Based AI v2 vs Rule-Based AI v2 (control),1046,0,rule_v2,33,No
Rule-Based AI v2 vs Rule-Based AI v2 (control),1047,,,800,Yes
Rule-Based AI v2 vs Rule-Based AI v2 (control),1048,3,rule_v2,28,No
Rule-Based AI v2 vs Rule-Based AI v2 (control),1049,2,rule_v2,15,No
Rule-Based AI v2 vs Rule-Based AI v2 (control),1050,0,rule_v2,5,No
Rule-Based AI v2 vs Rule-Based AI v2 (control),1051,,,800,Yes
Rule-Based AI v2 vs Rule-Based AI v2 (control),1052,,,800,Yes
Rule-Based AI v2 vs Rule-Based AI v2 (control),1053,1,rule_v2,26,No
Rule-Based AI v2 vs Rule-Based AI v2 (control),1054,3,rule_v2,40,No
Rule-Based AI v2 vs Rule-Based AI v2 (control),1055,0,rule_v2,45,No
Rule-Based AI v2 vs Rule-Based AI v2 (control),1056,,,800,Yes
Rule-Based AI v2 vs Rule-Based AI v2 (control),1057,,,800,Yes
Rule-Based AI v2 vs Rule-Based AI v2 (control),1058,2,rule_v2,23,No
Rule-Based AI v2 vs Rule-Based AI v2 (control),1059,1,rule_v2,22,No
Rule-Based AI v2 vs Rule-Based AI v2 (control),1060,,,800,Yes
Rule-Based AI v2 vs Rule-Based AI v2 (control),1061,0,rule_v2,29,No
Rule-Based AI v2 vs Rule-Based AI v2 (control),1062,1,rule_v2,14,No
Rule-Based AI v2 vs Rule-Based AI v2 (control),1063,,,800,Yes
Rule-Based AI v2 vs Rule-Based AI v2 (control),1064,0,rule_v2,45,No
Rule-Based AI v2 vs Rule-Based AI v2 (control),1065,0,rule_v2,41,No
Rule-Based AI v2 vs Rule-Based AI v2 (control),1066,2,rule_v2,35,No
Rule-Based AI v2 vs Rule-Based AI v2 (control),1067,0,rule_v2,17,No
Rule-Based AI v2 vs Rule-Based AI v2 (control),1068,,,800,Yes
Rule-Based AI v2 vs Rule-Based AI v2 (control),1069,2,rule_v2,39,No
Rule-Based AI v2 vs Rule-Based AI v2 (control),1070,,,800,Yes
Rule-Based AI v2 vs Rule-Based AI v2 (control),1071,1,rule_v2,42,No
Rule-Based AI v2 vs Rule-Based AI v2 (control),1072,1,rule_v2,26,No
Rule-Based AI v2 vs Rule-Based AI v2 (control),1073,1,rule_v2,6,No
Rule-Based AI v2 vs Rule-Based AI v2 (control),1074,1,rule_v2,30,No
Rule-Based AI v2 vs Rule-Based AI v2 (control),1075,3,rule_v2,36,No
Rule-Based AI v2 vs Rule-Based AI v2 (control),1076,0,rule_v2,29,No
Rule-Based AI v2 vs Rule-Based AI v2 (control),1077,2,rule_v2,31,No
Rule-Based AI v2 vs Rule-Based AI v2 (control),1078,,,800,Yes
Rule-Based AI v2 vs Rule-Based AI v2 (control),1079,0,rule_v2,37,No
Rule-Based AI v2 vs Rule-Based AI v2 (control),1080,0,rule_v2,33,No
Rule-Based AI v2 vs Rule-Based AI v2 (control),1081,,,800,Yes
Rule-Based AI v2 vs Rule-Based AI v2 (control),1082,3,rule_v2,20,No
Rule-Based AI v2 vs Rule-Based AI v2 (control),1083,,,800,Yes
Rule-Based AI v2 vs Rule-Based AI v2 (control),1084,,,800,Yes
Rule-Based AI v2 vs Rule-Based AI v2 (control),1085,1,rule_v2,18,No
Rule-Based AI v2 vs Rule-Based AI v2 (control),1086,,,800,Yes
Rule-Based AI v2 vs Rule-Based AI v2 (control),1087,3,rule_v2,20,No
Rule-Based AI v2 vs Rule-Based AI v2 (control),1088,0,rule_v2,17,No
Rule-Based AI v2 vs Rule-Based AI v2 (control),1089,2,rule_v2,35,No
Rule-Based AI v2 vs Rule-Based AI v2 (control),1090,3,rule_v2,48,No
Rule-Based AI v2 vs Rule-Based AI v2 (control),1091,,,800,Yes
Rule-Based AI v2 vs Rule-Based AI v2 (control),1092,3,rule_v2,44,No
Rule-Based AI v2 vs Rule-Based AI v2 (control),1093,0,rule_v2,29,No
Rule-Based AI v2 vs Rule-Based AI v2 (control),1094,1,rule_v2,34,No
Rule-Based AI v2 vs Rule-Based AI v2 (control),1095,0,rule_v2,13,No
Rule-Based AI v2 vs Rule-Based AI v2 (control),1096,1,rule_v2,30,No
Rule-Based AI v2 vs Rule-Based AI v2 (control),1097,1,rule_v2,38,No
Rule-Based AI v2 vs Rule-Based AI v2 (control),1098,1,rule_v2,14,No
Rule-Based AI v2 vs Rule-Based AI v2 (control),1099,2,rule_v2,35,No
Rule-Based AI v2 vs Rule-Based AI v2 (control),1100,2,rule_v2,15,No
Rule-Based AI v2 vs Rule-Based AI v2 (control),1101,1,rule_v2,42,No
Rule-Based AI v2 vs Rule-Based AI v2 (control),1102,,,800,Yes
Rule-Based AI v2 vs Rule-Based AI v2 (control),1103,,,800,Yes
Rule-Based AI v2 vs Rule-Based AI v2 (control),1104,1,rule_v2,42,No
Rule-Based AI v2 vs Rule-Based AI v2 (control),1105,3,rule_v2,40,No
Rule-Based AI v2 vs Rule-Based AI v2 (control),1106,,,800,Yes
Rule-Based AI v2 vs Rule-Based AI v2 (control),1107,3,rule_v2,20,No
Rule-Based AI v2 vs Rule-Based AI v2 (control),1108,0,rule_v2,33,No
Rule-Based AI v2 vs Rule-Based AI v2 (control),1109,3,rule_v2,36,No
Rule-Based AI v2 vs Rule-Based AI v2 (control),1110,,,800,Yes
Rule-Based AI v2 vs Rule-Based AI v2 (control),1111,3,rule_v2,32,No
Rule-Based AI v2 vs Rule-Based AI v2 (control),1112,,,800,Yes
Rule-Based AI v2 vs Rule-Based AI v2 (control),1113,3,rule_v2,36,No
Rule-Based AI v2 vs Rule-Based AI v2 (control),1114,1,rule_v2,18,No
Rule-Based AI v2 vs Rule-Based AI v2 (control),1115,3,rule_v2,44,No
Rule-Based AI v2 vs Rule-Based AI v2 (control),1116,,,800,Yes
Rule-Based AI v2 vs Rule-Based AI v2 (control),1117,,,800,Yes
Rule-Based AI v2 vs Rule-Based AI v2 (control),1118,,,800,Yes
Rule-Based AI v2 vs Rule-Based AI v2 (control),1119,,,800,Yes
Rule-Based AI v2 vs Rule-Based AI v2 (control),1120,0,rule_v2,29,No
Rule-Based AI v2 vs Rule-Based AI v2 (control),1121,0,rule_v2,41,No
Rule-Based AI v2 vs Rule-Based AI v2 (control),1122,,,800,Yes
Rule-Based AI v2 vs Rule-Based AI v2 (control),1123,0,rule_v2,21,No
Rule-Based AI v2 vs Rule-Based AI v2 (control),1124,2,rule_v2,15,No
Rule-Based AI v2 vs Rule-Based AI v2 (control),1125,,,800,Yes
Rule-Based AI v2 vs Rule-Based AI v2 (control),1126,,,800,Yes
Rule-Based AI v2 vs Rule-Based AI v2 (control),1127,2,rule_v2,39,No
Rule-Based AI v2 vs Rule-Based AI v2 (control),1128,3,rule_v2,48,No
Rule-Based AI v2 vs Rule-Based AI v2 (control),1129,,,800,Yes
Rule-Based AI v2 vs Rule-Based AI v2 (control),1130,,,800,Yes
Rule-Based AI v2 vs Rule-Based AI v2 (control),1131,2,rule_v2,15,No
Rule-Based AI v2 vs Rule-Based AI v2 (control),1132,,,800,Yes
Rule-Based AI v2 vs Rule-Based AI v2 (control),1133,2,rule_v2,39,No
Rule-Based AI v2 vs Rule-Based AI v2 (control),1134,2,rule_v2,39,No
Rule-Based AI v2 vs Rule-Based AI v2 (control),1135,2,rule_v2,47,No
Rule-Based AI v2 vs Rule-Based AI v2 (control),1136,0,rule_v2,13,No
Rule-Based AI v2 vs Rule-Based AI v2 (control),1137,,,800,Yes
Rule-Based AI v2 vs Rule-Based AI v2 (control),1138,3,rule_v2,28,No
Rule-Based AI v2 vs Rule-Based AI v2 (control),1139,2,rule_v2,43,No
Rule-Based AI v2 vs Rule-Based AI v2 (control),1140,3,rule_v2,28,No
Rule-Based AI v2 vs Rule-Based AI v2 (control),1141,2,rule_v2,27,No
Rule-Based AI v2 vs Rule-Based AI v2 (control),1142,,,800,Yes
Rule-Based AI v2 vs Rule-Based AI v2 (control),1143,,,800,Yes
Rule-Based AI v2 vs Rule-Based AI v2 (control),1144,2,rule_v2,27,No
Rule-Based AI v2 vs Rule-Based AI v2 (control),1145,,,800,Yes
Rule-Based AI v2 vs Rule-Based AI v2 (control),1146,,,800,Yes
Rule-Based AI v2 vs Rule-Based AI v2 (control),1147,2,rule_v2,27,No
Rule-Based AI v2 vs Rule-Based AI v2 (control),1148,,,800,Yes
Rule-Based AI v2 vs Rule-Based AI v2 (control),1149,2,rule_v2,31,No
Rule-Based AI v2 vs Rule-Based AI v2 (control),1150,,,800,Yes
Rule-Based AI v2 vs Rule-Based AI v2 (control),1151,2,rule_v2,35,No
Rule-Based AI v2 vs Rule-Based AI v2 (control),1152,2,rule_v2,47,No
Rule-Based AI v2 vs Rule-Based AI v2 (control),1153,2,rule_v2,31,No
Rule-Based AI v2 vs Rule-Based AI v2 (control),1154,1,rule_v2,38,No
Rule-Based AI v2 vs Rule-Based AI v2 (control),1155,,,800,Yes
Rule-Based AI v2 vs Rule-Based AI v2 (control),1156,0,rule_v2,33,No
Rule-Based AI v2 vs Rule-Based AI v2 (control),1157,0,rule_v2,13,No
Rule-Based AI v2 vs Rule-Based AI v2 (control),1158,,,800,Yes
Rule-Based AI v2 vs Rule-Based AI v2 (control),1159,,,800,Yes
Rule-Based AI v2 vs Rule-Based AI v2 (control),1160,,,800,Yes
Rule-Based AI v2 vs Rule-Based AI v2 (control),1161,,,800,Yes
Rule-Based AI v2 vs Rule-Based AI v2 (control),1162,1,rule_v2,34,No
Rule-Based AI v2 vs Rule-Based AI v2 (control),1163,1,rule_v2,30,No
Rule-Based AI v2 vs Rule-Based AI v2 (control),1164,3,rule_v2,48,No
Rule-Based AI v2 vs Rule-Based AI v2 (control),1165,,,800,Yes
Rule-Based AI v2 vs Rule-Based AI v2 (control),1166,,,800,Yes
Rule-Based AI v2 vs Rule-Based AI v2 (control),1167,2,rule_v2,43,No
Rule-Based AI v2 vs Rule-Based AI v2 (control),1168,1,rule_v2,26,No
Rule-Based AI v2 vs Rule-Based AI v2 (control),1169,1,rule_v2,10,No
Rule-Based AI v2 vs Rule-Based AI v2 (control),1170,3,rule_v2,48,No
Rule-Based AI v2 vs Rule-Based AI v2 (control),1171,,,800,Yes
Rule-Based AI v2 vs Rule-Based AI v2 (control),1172,2,rule_v2,27,No
Rule-Based AI v2 vs Rule-Based AI v2 (control),1173,2,rule_v2,47,No
Rule-Based AI v2 vs Rule-Based AI v2 (control),1174,0,rule_v2,25,No
Rule-Based AI v2 vs Rule-Based AI v2 (control),1175,2,rule_v2,31,No
Rule-Based AI v2 vs Rule-Based AI v2 (control),1176,1,rule_v2,46,No
Rule-Based AI v2 vs Rule-Based AI v2 (control),1177,0,rule_v2,25,No
Rule-Based AI v2 vs Rule-Based AI v2 (control),1178,3,rule_v2,28,No
Rule-Based AI v2 vs Rule-Based AI v2 (control),1179,0,rule_v2,45,No
Rule-Based AI v2 vs Rule-Based AI v2 (control),1180,0,rule_v2,17,No
Rule-Based AI v2 vs Rule-Based AI v2 (control),1181,,,800,Yes
Rule-Based AI v2 vs Rule-Based AI v2 (control),1182,0,rule_v2,13,No
Rule-Based AI v2 vs Rule-Based AI v2 (control),1183,,,800,Yes
Rule-Based AI v2 vs Rule-Based AI v2 (control),1184,0,rule_v2,13,No
Rule-Based AI v2 vs Rule-Based AI v2 (control),1185,,,800,Yes
Rule-Based AI v2 vs Rule-Based AI v2 (control),1186,0,rule_v2,17,No
Rule-Based AI v2 vs Rule-Based AI v2 (control),1187,0,rule_v2,29,No
Rule-Based AI v2 vs Rule-Based AI v2 (control),1188,2,rule_v2,47,No
Rule-Based AI v2 vs Rule-Based AI v2 (control),1189,,,800,Yes
Rule-Based AI v2 vs Rule-Based AI v2 (control),1190,1,rule_v2,38,No
Rule-Based AI v2 vs Rule-Based AI v2 (control),1191,1,rule_v2,38,No
Rule-Based AI v2 vs Rule-Based AI v2 (control),1192,2,rule_v2,23,No
Rule-Based AI v2 vs Rule-Based AI v2 (control),1193,,,800,Yes
Rule-Based AI v2 vs Rule-Based AI v2 (control),1194,0,rule_v2,21,No
Rule-Based AI v2 vs Rule-Based AI v2 (control),1195,2,rule_v2,35,No
Rule-Based AI v2 vs Rule-Based AI v2 (control),1196,,,800,Yes
Rule-Based AI v2 vs Rule-Based AI v2 (control),1197,3,rule_v2,20,No
Rule-Based AI v2 vs Rule-Based AI v2 (control),1198,0,rule_v2,33,No
Rule-Based AI v2 vs Rule-Based AI v2 (control),1199,2,rule_v2,39,No
Rule-Based AI v2 vs Rule-Based AI v2 (control),1200,,,800,Yes
Rule-Based AI v2 vs Rule-Based AI v2 (control),1201,,,800,Yes
Rule-Based AI v2 vs Rule-Based AI v2 (control),1202,,,800,Yes
Rule-Based AI v2 vs Rule-Based AI v2 (control),1203,2,rule_v2,27,No
Rule-Based AI v2 vs Rule-Based AI v2 (control),1204,,,800,Yes
Rule-Based AI v2 vs Rule-Based AI v2 (control),1205,1,rule_v2,46,No
Rule-Based AI v2 vs Rule-Based AI v2 (control),1206,1,rule_v2,34,No
Rule-Based AI v2 vs Rule-Based AI v2 (control),1207,1,rule_v2,30,No
Rule-Based AI v2 vs Rule-Based AI v2 (control),1208,3,rule_v2,40,No
Rule-Based AI v2 vs Rule-Based AI v2 (control),1209,,,800,Yes
Rule-Based AI v2 vs Rule-Based AI v2 (control),1210,0,rule_v2,21,No
Rule-Based AI v2 vs Rule-Based AI v2 (control),1211,2,rule_v2,11,No
Rule-Based AI v2 vs Rule-Based AI v2 (control),1212,3,rule_v2,48,No
Rule-Based AI v2 vs Rule-Based AI v2 (control),1213,1,rule_v2,38,No
Rule-Based AI v2 vs Rule-Based AI v2 (control),1214,,,800,Yes
Rule-Based AI v2 vs Rule-Based AI v2 (control),1215,3,rule_v2,12,No
Rule-Based AI v2 vs Rule-Based AI v2 (control),1216,3,rule_v2,40,No
Rule-Based AI v2 vs Rule-Based AI v2 (control),1217,3,rule_v2,36,No
Rule-Based AI v2 vs Rule-Based AI v2 (control),1218,3,rule_v2,40,No
Rule-Based AI v2 vs Rule-Based AI v2 (control),1219,,,800,Yes
Rule-Based AI v2 vs Rule-Based AI v2 (control),1220,3,rule_v2,16,No
Rule-Based AI v2 vs Rule-Based AI v2 (control),1221,3,rule_v2,40,No
Rule-Based AI v2 vs Rule-Based AI v2 (control),1222,0,rule_v2,33,No
Rule-Based AI v2 vs Rule-Based AI v2 (control),1223,,,800,Yes
Rule-Based AI v2 vs Rule-Based AI v2 (control),1224,,,800,Yes
Rule-Based AI v2 vs Rule-Based AI v2 (control),1225,0,rule_v2,17,No
Rule-Based AI v2 vs Rule-Based AI v2 (control),1226,2,rule_v2,43,No
Rule-Based AI v2 vs Rule-Based AI v2 (control),1227,0,rule_v2,37,No
Rule-Based AI v2 vs Rule-Based AI v2 (control),1228,3,rule_v2,32,No
Rule-Based AI v2 vs Rule-Based AI v2 (control),1229,,,800,Yes
Rule-Based AI v2 vs Rule-Based AI v2 (control),1230,1,rule_v2,22,No
Rule-Based AI v2 vs Rule-Based AI v2 (control),1231,0,rule_v2,41,No
Rule-Based AI v2 vs Rule-Based AI v2 (control),1232,2,rule_v2,47,No
Rule-Based AI v2 vs Rule-Based AI v2 (control),1233,0,rule_v2,33,No
Rule-Based AI v2 vs Rule-Based AI v2 (control),1234,,,800,Yes
Rule-Based AI v2 vs Rule-Based AI v2 (control),1235,2,rule_v2,31,No
Rule-Based AI v2 vs Rule-Based AI v2 (control),1236,,,800,Yes
Rule-Based AI v2 vs Rule-Based AI v2 (control),1237,0,rule_v2,37,No
Rule-Based AI v2 vs Rule-Based AI v2 (control),1238,3,rule_v2,28,No
Rule-Based AI v2 vs Rule-Based AI v2 (control),1239,3,rule_v2,48,No
Rule-Based AI v2 vs Rule-Based AI v2 (control),1240,2,rule_v2,27,No
Rule-Based AI v2 vs Rule-Based AI v2 (control),1241,2,rule_v2,31,No
Rule-Based AI v2 vs Rule-Based AI v2 (control),1242,,,800,Yes
Rule-Based AI v2 vs Rule-Based AI v2 (control),1243,0,rule_v2,25,No
Rule-Based AI v2 vs Rule-Based AI v2 (control),1244,0,rule_v2,17,No
Rule-Based AI v2 vs Rule-Based AI v2 (control),1245,,,800,Yes
Rule-Based AI v2 vs Rule-Based AI v2 (control),1246,1,rule_v2,38,No
Rule-Based AI v2 vs Rule-Based AI v2 (control),1247,0,rule_v2,45,No
Rule-Based AI v2 vs Rule-Based AI v2 (control),1248,0,rule_v2,45,No
Rule-Based AI v2 vs Rule-Based AI v2 (control),1249,3,rule_v2,16,No
Rule-Based AI v2 vs Rule-Based AI v2 (control),1250,3,rule_v2,32,No
Rule-Based AI v2 vs Rule-Based AI v2 (control),1251,,,800,Yes
Rule-Based AI v2 vs Rule-Based AI v2 (control),1252,2,rule_v2,31,No
Rule-Based AI v2 vs Rule-Based AI v2 (control),1253,0,rule_v2,13,No
Rule-Based AI v2 vs Rule-Based AI v2 (control),1254,3,rule_v2,24,No
Rule-Based AI v2 vs Rule-Based AI v2 (control),1255,,,800,Yes
Rule-Based AI v2 vs Rule-Based AI v2 (control),1256,3,rule_v2,44,No
Rule-Based AI v2 vs Rule-Based AI v2 (control),1257,1,rule_v2,30,No
Rule-Based AI v2 vs Rule-Based AI v2 (control),1258,3,rule_v2,40,No
Rule-Based AI v2 vs Rule-Based AI v2 (control),1259,3,rule_v2,32,No
Rule-Based AI v2 vs Rule-Based AI v2 (control),1260,2,rule_v2,43,No
Rule-Based AI v2 vs Rule-Based AI v2 (control),1261,,,800,Yes
Rule-Based AI v2 vs Rule-Based AI v2 (control),1262,,,800,Yes
Rule-Based AI v2 vs Rule-Based AI v2 (control),1263,2,rule_v2,31,No
Rule-Based AI v2 vs Rule-Based AI v2 (control),1264,,,800,Yes
Rule-Based AI v2 vs Rule-Based AI v2 (control),1265,,,800,Yes
Rule-Based AI v2 vs Rule-Based AI v2 (control),1266,,,800,Yes
Rule-Based AI v2 vs Rule-Based AI v2 (control),1267,,,800,Yes
Rule-Based AI v2 vs Rule-Based AI v2 (control),1268,,,800,Yes
Rule-Based AI v2 vs Rule-Based AI v2 (control),1269,0,rule_v2,37,No
Rule-Based AI v2 vs Rule-Based AI v2 (control),1270,3,rule_v2,12,No
Rule-Based AI v2 vs Rule-Based AI v2 (control),1271,1,rule_v2,30,No
Rule-Based AI v2 vs Rule-Based AI v2 (control),1272,,,800,Yes
Rule-Based AI v2 vs Rule-Based AI v2 (control),1273,2,rule_v2,31,No
Rule-Based AI v2 vs Rule-Based AI v2 (control),1274,,,800,Yes
Rule-Based AI v2 vs Rule-Based AI v2 (control),1275,2,rule_v2,39,No
Rule-Based AI v2 vs Rule-Based AI v2 (control),1276,,,800,Yes
Rule-Based AI v2 vs Rule-Based AI v2 (control),1277,2,rule_v2,35,No
Rule-Based AI v2 vs Rule-Based AI v2 (control),1278,2,rule_v2,11,No
Rule-Based AI v2 vs Rule-Based AI v2 (control),1279,0,rule_v2,41,No
Rule-Based AI v2 vs Rule-Based AI v2 (control),1280,,,800,Yes
Rule-Based AI v2 vs Rule-Based AI v2 (control),1281,0,rule_v2,21,No
Rule-Based AI v2 vs Rule-Based AI v2 (control),1282,2,rule_v2,31,No
Rule-Based AI v2 vs Rule-Based AI v2 (control),1283,1,rule_v2,22,No
Rule-Based AI v2 vs Rule-Based AI v2 (control),1284,2,rule_v2,35,No
Rule-Based AI v2 vs Rule-Based AI v2 (control),1285,2,rule_v2,23,No
Rule-Based AI v2 vs Rule-Based AI v2 (control),1286,3,rule_v2,24,No
Rule-Based AI v2 vs Rule-Based AI v2 (control),1287,2,rule_v2,27,No
Rule-Based AI v2 vs Rule-Based AI v2 (control),1288,3,rule_v2,24,No
Rule-Based AI v2 vs Rule-Based AI v2 (control),1289,1,rule_v2,18,No
Rule-Based AI v2 vs Rule-Based AI v2 (control),1290,3,rule_v2,4,No
Rule-Based AI v2 vs Rule-Based AI v2 (control),1291,2,rule_v2,23,No
Rule-Based AI v2 vs Rule-Based AI v2 (control),1292,1,rule_v2,38,No
Rule-Based AI v2 vs Rule-Based AI v2 (control),1293,3,rule_v2,36,No
Rule-Based AI v2 vs Rule-Based AI v2 (control),1294,2,rule_v2,19,No
Rule-Based AI v2 vs Rule-Based AI v2 (control),1295,2,rule_v2,23,No
Rule-Based AI v2 vs Rule-Based AI v2 (control),1296,,,800,Yes
Rule-Based AI v2 vs Rule-Based AI v2 (control),1297,,,800,Yes
Rule-Based AI v2 vs Rule-Based AI v2 (control),1298,,,800,Yes
Rule-Based AI v2 vs Rule-Based AI v2 (control),1299,1,rule_v2,38,No
Rule-Based AI v2 vs Rule-Based AI v2 (control),1300,0,rule_v2,37,No
Rule-Based AI v2 vs Rule-Based AI v2 (control),1301,,,800,Yes
Rule-Based AI v2 vs Rule-Based AI v2 (control),1302,2,rule_v2,15,No
Rule-Based AI v2 vs Rule-Based AI v2 (control),1303,,,800,Yes
Rule-Based AI v2 vs Rule-Based AI v2 (control),1304,,,800,Yes
Rule-Based AI v2 vs Rule-Based AI v2 (control),1305,0,rule_v2,29,No
Rule-Based AI v2 vs Rule-Based AI v2 (control),1306,,,800,Yes
Rule-Based AI v2 vs Rule-Based AI v2 (control),1307,3,rule_v2,48,No
Rule-Based AI v2 vs Rule-Based AI v2 (control),1308,0,rule_v2,13,No
Rule-Based AI v2 vs Rule-Based AI v2 (control),1309,0,rule_v2,17,No
Rule-Based AI v2 vs Rule-Based AI v2 (control),1310,0,rule_v2,17,No
Rule-Based AI v2 vs Rule-Based AI v2 (control),1311,,,800,Yes
Rule-Based AI v2 vs Rule-Based AI v2 (control),1312,1,rule_v2,26,No
Rule-Based AI v2 vs Rule-Based AI v2 (control),1313,,,800,Yes
Rule-Based AI v2 vs Rule-Based AI v2 (control),1314,3,rule_v2,20,No
Rule-Based AI v2 vs Rule-Based AI v2 (control),1315,,,800,Yes
Rule-Based AI v2 vs Rule-Based AI v2 (control),1316,3,rule_v2,16,No
Rule-Based AI v2 vs Rule-Based AI v2 (control),1317,0,rule_v2,37,No
Rule-Based AI v2 vs Rule-Based AI v2 (control),1318,3,rule_v2,16,No
Rule-Based AI v2 vs Rule-Based AI v2 (control),1319,1,rule_v2,46,No
Rule-Based AI v2 vs Rule-Based AI v2 (control),1320,,,800,Yes
Rule-Based AI v2 vs Rule-Based AI v2 (control),1321,2,rule_v2,31,No
Rule-Based AI v2 vs Rule-Based AI v2 (control),1322,,,800,Yes
Rule-Based AI v2 vs Rule-Based AI v2 (control),1323,1,rule_v2,30,No
Rule-Based AI v2 vs Rule-Based AI v2 (control),1324,0,rule_v2,37,No
Rule-Based AI v2 vs Rule-Based AI v2 (control),1325,1,rule_v2,30,No
Rule-Based AI v2 vs Rule-Based AI v2 (control),1326,2,rule_v2,39,No
Rule-Based AI v2 vs Rule-Based AI v2 (control),1327,,,800,Yes
Rule-Based AI v2 vs Rule-Based AI v2 (control),1328,,,800,Yes
Rule-Based AI v2 vs Rule-Based AI v2 (control),1329,0,rule_v2,33,No
Rule-Based AI v2 vs Rule-Based AI v2 (control),1330,1,rule_v2,22,No
Rule-Based AI v2 vs Rule-Based AI v2 (control),1331,1,rule_v2,30,No
Rule-Based AI v2 vs Rule-Based AI v2 (control),1332,,,800,Yes
Rule-Based AI v2 vs Rule-Based AI v2 (control),1333,3,rule_v2,44,No
Rule-Based AI v2 vs Rule-Based AI v2 (control),1334,1,rule_v2,26,No
Rule-Based AI v2 vs Rule-Based AI v2 (control),1335,,,800,Yes
Rule-Based AI v2 vs Rule-Based AI v2 (control),1336,1,rule_v2,30,No
Rule-Based AI v2 vs Rule-Based AI v2 (control),1337,3,rule_v2,48,No
Rule-Based AI v2 vs Rule-Based AI v2 (control),1338,2,rule_v2,23,No
Rule-Based AI v2 vs Rule-Based AI v2 (control),1339,1,rule_v2,14,No
Rule-Based AI v2 vs Rule-Based AI v2 (control),1340,2,rule_v2,19,No
Rule-Based AI v2 vs Rule-Based AI v2 (control),1341,1,rule_v2,46,No
Rule-Based AI v2 vs Rule-Based AI v2 (control),1342,3,rule_v2,28,No
Rule-Based AI v2 vs Rule-Based AI v2 (control),1343,2,rule_v2,19,No
Rule-Based AI v2 vs Rule-Based AI v2 (control),1344,,,800,Yes
Rule-Based AI v2 vs Rule-Based AI v2 (control),1345,,,800,Yes
Rule-Based AI v2 vs Rule-Based AI v2 (control),1346,2,rule_v2,27,No
Rule-Based AI v2 vs Rule-Based AI v2 (control),1347,,,800,Yes
Rule-Based AI v2 vs Rule-Based AI v2 (control),1348,,,800,Yes
Rule-Based AI v2 vs Rule-Based AI v2 (control),1349,1,rule_v2,30,No
Rule-Based AI v2 vs Rule-Based AI v2 (control),1350,2,rule_v2,43,No
Rule-Based AI v2 vs Rule-Based AI v2 (control),1351,2,rule_v2,39,No
Rule-Based AI v2 vs Rule-Based AI v2 (control),1352,,,800,Yes
Rule-Based AI v2 vs Rule-Based AI v2 (control),1353,1,rule_v2,14,No
Rule-Based AI v2 vs Rule-Based AI v2 (control),1354,,,800,Yes
Rule-Based AI v2 vs Rule-Based AI v2 (control),1355,1,rule_v2,34,No
Rule-Based AI v2 vs Rule-Based AI v2 (control),1356,1,rule_v2,22,No
Rule-Based AI v2 vs Rule-Based AI v2 (control),1357,1,rule_v2,46,No
Rule-Based AI v2 vs Rule-Based AI v2 (control),1358,1,rule_v2,14,No
Rule-Based AI v2 vs Rule-Based AI v2 (control),1359,0,rule_v2,25,No
Rule-Based AI v2 vs Rule-Based AI v2 (control),1360,3,rule_v2,24,No
Rule-Based AI v2 vs Rule-Based AI v2 (control),1361,0,rule_v2,17,No
Rule-Based AI v2 vs Rule-Based AI v2 (control),1362,,,800,Yes
Rule-Based AI v2 vs Rule-Based AI v2 (control),1363,0,rule_v2,21,No
Rule-Based AI v2 vs Rule-Based AI v2 (control),1364,3,rule_v2,20,No
Rule-Based AI v2 vs Rule-Based AI v2 (control),1365,,,800,Yes
Rule-Based AI v2 vs Rule-Based AI v2 (control),1366,3,rule_v2,20,No
Rule-Based AI v2 vs Rule-Based AI v2 (control),1367,0,rule_v2,41,No
Rule-Based AI v2 vs Rule-Based AI v2 (control),1368,0,rule_v2,29,No
Rule-Based AI v2 vs Rule-Based AI v2 (control),1369,2,rule_v2,31,No
Rule-Based AI v2 vs Rule-Based AI v2 (control),1370,0,rule_v2,37,No
Rule-Based AI v2 vs Rule-Based AI v2 (control),1371,2,rule_v2,47,No
Rule-Based AI v2 vs Rule-Based AI v2 (control),1372,,,800,Yes
Rule-Based AI v2 vs Rule-Based AI v2 (control),1373,1,rule_v2,22,No
Rule-Based AI v2 vs Rule-Based AI v2 (control),1374,1,rule_v2,14,No
Rule-Based AI v2 vs Rule-Based AI v2 (control),1375,,,800,Yes
Rule-Based AI v2 vs Rule-Based AI v2 (control),1376,2,rule_v2,19,No
Rule-Based AI v2 vs Rule-Based AI v2 (control),1377,2,rule_v2,35,No
Rule-Based AI v2 vs Rule-Based AI v2 (control),1378,0,rule_v2,9,No
Rule-Based AI v2 vs Rule-Based AI v2 (control),1379,0,rule_v2,29,No
Rule-Based AI v2 vs Rule-Based AI v2 (control),1380,1,rule_v2,18,No
Rule-Based AI v2 vs Rule-Based AI v2 (control),1381,0,rule_v2,29,No
Rule-Based AI v2 vs Rule-Based AI v2 (control),1382,3,rule_v2,16,No
Rule-Based AI v2 vs Rule-Based AI v2 (control),1383,,,800,Yes
Rule-Based AI v2 vs Rule-Based AI v2 (control),1384,0,rule_v2,45,No
Rule-Based AI v2 vs Rule-Based AI v2 (control),1385,0,rule_v2,21,No
Rule-Based AI v2 vs Rule-Based AI v2 (control),1386,,,800,Yes
Rule-Based AI v2 vs Rule-Based AI v2 (control),1387,2,rule_v2,27,No
Rule-Based AI v2 vs Rule-Based AI v2 (control),1388,2,rule_v2,39,No
Rule-Based AI v2 vs Rule-Based AI v2 (control),1389,0,rule_v2,37,No
Rule-Based AI v2 vs Rule-Based AI v2 (control),1390,1,rule_v2,18,No
Rule-Based AI v2 vs Rule-Based AI v2 (control),1391,1,rule_v2,22,No
Rule-Based AI v2 vs Rule-Based AI v2 (control),1392,1,rule_v2,38,No
Rule-Based AI v2 vs Rule-Based AI v2 (control),1393,0,rule_v2,29,No
Rule-Based AI v2 vs Rule-Based AI v2 (control),1394,2,rule_v2,27,No
Rule-Based AI v2 vs Rule-Based AI v2 (control),1395,,,800,Yes
Rule-Based AI v2 vs Rule-Based AI v2 (control),1396,2,rule_v2,39,No
Rule-Based AI v2 vs Rule-Based AI v2 (control),1397,0,rule_v2,13,No
Rule-Based AI v2 vs Rule-Based AI v2 (control),1398,2,rule_v2,31,No
Rule-Based AI v2 vs Rule-Based AI v2 (control),1399,2,rule_v2,47,No
Rule-Based AI v2 vs Rule-Based AI v2 (control),1400,2,rule_v2,19,No
Rule-Based AI v2 vs Rule-Based AI v2 (control),1401,0,rule_v2,41,No
Rule-Based AI v2 vs Rule-Based AI v2 (control),1402,3,rule_v2,32,No
Rule-Based AI v2 vs Rule-Based AI v2 (control),1403,0,rule_v2,33,No
Rule-Based AI v2 vs Rule-Based AI v2 (control),1404,2,rule_v2,31,No
Rule-Based AI v2 vs Rule-Based AI v2 (control),1405,3,rule_v2,12,No
Rule-Based AI v2 vs Rule-Based AI v2 (control),1406,,,800,Yes
Rule-Based AI v2 vs Rule-Based AI v2 (control),1407,1,rule_v2,46,No
Rule-Based AI v2 vs Rule-Based AI v2 (control),1408,2,rule_v2,27,No
Rule-Based AI v2 vs Rule-Based AI v2 (control),1409,,,800,Yes
Rule-Based AI v2 vs Rule-Based AI v2 (control),1410,,,800,Yes
Rule-Based AI v2 vs Rule-Based AI v2 (control),1411,2,rule_v2,19,No
Rule-Based AI v2 vs Rule-Based AI v2 (control),1412,1,rule_v2,46,No
Rule-Based AI v2 vs Rule-Based AI v2 (control),1413,0,rule_v2,17,No
Rule-Based AI v2 vs Rule-Based AI v2 (control),1414,2,rule_v2,31,No
Rule-Based AI v2 vs Rule-Based AI v2 (control),1415,1,rule_v2,34,No
Rule-Based AI v2 vs Rule-Based AI v2 (control),1416,3,rule_v2,20,No
Rule-Based AI v2 vs Rule-Based AI v2 (control),1417,,,800,Yes
Rule-Based AI v2 vs Rule-Based AI v2 (control),1418,1,rule_v2,26,No
Rule-Based AI v2 vs Rule-Based AI v2 (control),1419,3,rule_v2,24,No
Rule-Based AI v2 vs Rule-Based AI v2 (control),1420,2,rule_v2,23,No
Rule-Based AI v2 vs Rule-Based AI v2 (control),1421,,,800,Yes
Rule-Based AI v2 vs Rule-Based AI v2 (control),1422,0,rule_v2,25,No
Rule-Based AI v2 vs Rule-Based AI v2 (control),1423,3,rule_v2,48,No
Rule-Based AI v2 vs Rule-Based AI v2 (control),1424,,,800,Yes
Rule-Based AI v2 vs Rule-Based AI v2 (control),1425,1,rule_v2,14,No
Rule-Based AI v2 vs Rule-Based AI v2 (control),1426,,,800,Yes
Rule-Based AI v2 vs Rule-Based AI v2 (control),1427,,,800,Yes
Rule-Based AI v2 vs Rule-Based AI v2 (control),1428,,,800,Yes
Rule-Based AI v2 vs Rule-Based AI v2 (control),1429,1,rule_v2,26,No
Rule-Based AI v2 vs Rule-Based AI v2 (control),1430,1,rule_v2,26,No
Rule-Based AI v2 vs Rule-Based AI v2 (control),1431,1,rule_v2,18,No
Rule-Based AI v2 vs Rule-Based AI v2 (control),1432,2,rule_v2,31,No
Rule-Based AI v2 vs Rule-Based AI v2 (control),1433,2,rule_v2,35,No
Rule-Based AI v2 vs Rule-Based AI v2 (control),1434,0,rule_v2,21,No
Rule-Based AI v2 vs Rule-Based AI v2 (control),1435,1,rule_v2,34,No
Rule-Based AI v2 vs Rule-Based AI v2 (control),1436,1,rule_v2,30,No
Rule-Based AI v2 vs Rule-Based AI v2 (control),1437,,,800,Yes
Rule-Based AI v2 vs Rule-Based AI v2 (control),1438,3,rule_v2,16,No
Rule-Based AI v2 vs Rule-Based AI v2 (control),1439,,,800,Yes
Rule-Based AI v2 vs Rule-Based AI v2 (control),1440,2,rule_v2,23,No
Rule-Based AI v2 vs Rule-Based AI v2 (control),1441,0,rule_v2,45,No
Rule-Based AI v2 vs Rule-Based AI v2 (control),1442,3,rule_v2,12,No
Rule-Based AI v2 vs Rule-Based AI v2 (control),1443,0,rule_v2,25,No
Rule-Based AI v2 vs Rule-Based AI v2 (control),1444,1,rule_v2,10,No
Rule-Based AI v2 vs Rule-Based AI v2 (control),1445,3,rule_v2,44,No
Rule-Based AI v2 vs Rule-Based AI v2 (control),1446,0,rule_v2,9,No
Rule-Based AI v2 vs Rule-Based AI v2 (control),1447,,,800,Yes
Rule-Based AI v2 vs Rule-Based AI v2 (control),1448,,,800,Yes
Rule-Based AI v2 vs Rule-Based AI v2 (control),1449,,,800,Yes
Rule-Based AI v2 vs Rule-Based AI v2 (control),1450,1,rule_v2,46,No
Rule-Based AI v2 vs Rule-Based AI v2 (control),1451,1,rule_v2,34,No
Rule-Based AI v2 vs Rule-Based AI v2 (control),1452,3,rule_v2,28,No
Rule-Based AI v2 vs Rule-Based AI v2 (control),1453,,,800,Yes
Rule-Based AI v2 vs Rule-Based AI v2 (control),1454,3,rule_v2,28,No
Rule-Based AI v2 vs Rule-Based AI v2 (control),1455,,,800,Yes
Rule-Based AI v2 vs Rule-Based AI v2 (control),1456,,,800,Yes
Rule-Based AI v2 vs Rule-Based AI v2 (control),1457,,,800,Yes
Rule-Based AI v2 vs Rule-Based AI v2 (control),1458,3,rule_v2,28,No
Rule-Based AI v2 vs Rule-Based AI v2 (control),1459,,,800,Yes
Rule-Based AI v2 vs Rule-Based AI v2 (control),1460,3,rule_v2,24,No
Rule-Based AI v2 vs Rule-Based AI v2 (control),1461,3,rule_v2,24,No
Rule-Based AI v2 vs Rule-Based AI v2 (control),1462,1,rule_v2,46,No
Rule-Based AI v2 vs Rule-Based AI v2 (control),1463,1,rule_v2,18,No
Rule-Based AI v2 vs Rule-Based AI v2 (control),1464,1,rule_v2,38,No
Rule-Based AI v2 vs Rule-Based AI v2 (control),1465,3,rule_v2,12,No
Rule-Based AI v2 vs Rule-Based AI v2 (control),1466,0,rule_v2,17,No
Rule-Based AI v2 vs Rule-Based AI v2 (control),1467,2,rule_v2,43,No
Rule-Based AI v2 vs Rule-Based AI v2 (control),1468,,,800,Yes
Rule-Based AI v2 vs Rule-Based AI v2 (control),1469,0,rule_v2,25,No
Rule-Based AI v2 vs Rule-Based AI v2 (control),1470,2,rule_v2,39,No
Rule-Based AI v2 vs Rule-Based AI v2 (control),1471,,,800,Yes
Rule-Based AI v2 vs Rule-Based AI v2 (control),1472,,,800,Yes
Rule-Based AI v2 vs Rule-Based AI v2 (control),1473,2,rule_v2,23,No
Rule-Based AI v2 vs Rule-Based AI v2 (control),1474,,,800,Yes
Rule-Based AI v2 vs Rule-Based AI v2 (control),1475,3,rule_v2,28,No
Rule-Based AI v2 vs Rule-Based AI v2 (control),1476,,,800,Yes
Rule-Based AI v2 vs Rule-Based AI v2 (control),1477,,,800,Yes
Rule-Based AI v2 vs Rule-Based AI v2 (control),1478,2,rule_v2,15,No
Rule-Based AI v2 vs Rule-Based AI v2 (control),1479,,,800,Yes
Rule-Based AI v2 vs Rule-Based AI v2 (control),1480,3,rule_v2,44,No
Rule-Based AI v2 vs Rule-Based AI v2 (control),1481,0,rule_v2,37,No
Rule-Based AI v2 vs Rule-Based AI v2 (control),1482,1,rule_v2,22,No
Rule-Based AI v2 vs Rule-Based AI v2 (control),1483,1,rule_v2,34,No
Rule-Based AI v2 vs Rule-Based AI v2 (control),1484,3,rule_v2,16,No
Rule-Based AI v2 vs Rule-Based AI v2 (control),1485,3,rule_v2,24,No
Rule-Based AI v2 vs Rule-Based AI v2 (control),1486,,,800,Yes
Rule-Based AI v2 vs Rule-Based AI v2 (control),1487,1,rule_v2,22,No
Rule-Based AI v2 vs Rule-Based AI v2 (control),1488,0,rule_v2,17,No
Rule-Based AI v2 vs Rule-Based AI v2 (control),1489,3,rule_v2,32,No
Rule-Based AI v2 vs Rule-Based AI v2 (control),1490,0,rule_v2,37,No
Rule-Based AI v2 vs Rule-Based AI v2 (control),1491,3,rule_v2,36,No
Rule-Based AI v2 vs Rule-Based AI v2 (control),1492,0,rule_v2,37,No
Rule-Based AI v2 vs Rule-Based AI v2 (control),1493,2,rule_v2,23,No
Rule-Based AI v2 vs Rule-Based AI v2 (control),1494,,,800,Yes
Rule-Based AI v2 vs Rule-Based AI v2 (control),1495,2,rule_v2,35,No
Rule-Based AI v2 vs Rule-Based AI v2 (control),1496,3,rule_v2,16,No
Rule-Based AI v2 vs Rule-Based AI v2 (control),1497,3,rule_v2,20,No
Rule-Based AI v2 vs Rule-Based AI v2 (control),1498,,,800,Yes
Rule-Based AI v2 vs Rule-Based AI v2 (control),1499,,,800,Yes
Rule-Based AI v2 vs Rule-Based AI v2 (control),1500,,,800,Yes
Rule-Based AI v2 vs Rule-Based AI v2 (control),1501,0,rule_v2,21,No
Rule-Based AI v2 vs Rule-Based AI v2 (control),1502,,,800,Yes
Rule-Based AI v2 vs Rule-Based AI v2 (control),1503,3,rule_v2,44,No
Rule-Based AI v2 vs Rule-Based AI v2 (control),1504,,,800,Yes
Rule-Based AI v2 vs Rule-Based AI v2 (control),1505,,,800,Yes
Rule-Based AI v2 vs Rule-Based AI v2 (control),1506,2,rule_v2,43,No
Rule-Based AI v2 vs Rule-Based AI v2 (control),1507,2,rule_v2,43,No
Rule-Based AI v2 vs Rule-Based AI v2 (control),1508,0,rule_v2,29,No
Rule-Based AI v2 vs Rule-Based AI v2 (control),1509,,,800,Yes
Rule-Based AI v2 vs Rule-Based AI v2 (control),1510,,,800,Yes
Rule-Based AI v2 vs Rule-Based AI v2 (control),1511,3,rule_v2,32,No
Rule-Based AI v2 vs Rule-Based AI v2 (control),1512,2,rule_v2,43,No
Rule-Based AI v2 vs Rule-Based AI v2 (control),1513,,,800,Yes
Rule-Based AI v2 vs Rule-Based AI v2 (control),1514,1,rule_v2,34,No
Rule-Based AI v2 vs Rule-Based AI v2 (control),1515,,,800,Yes
Rule-Based AI v2 vs Rule-Based AI v2 (control),1516,1,rule_v2,6,No
Rule-Based AI v2 vs Rule-Based AI v2 (control),1517,3,rule_v2,36,No
Rule-Based AI v2 vs Rule-Based AI v2 (control),1518,1,rule_v2,26,No
Rule-Based AI v2 vs Rule-Based AI v2 (control),1519,,,800,Yes
Rule-Based AI v2 vs Rule-Based AI v2 (control),1520,1,rule_v2,2,No
Rule-Based AI v2 vs Rule-Based AI v2 (control),1521,,,800,Yes
Rule-Based AI v2 vs Rule-Based AI v2 (control),1522,2,rule_v2,31,No
Rule-Based AI v2 vs Rule-Based AI v2 (control),1523,0,rule_v2,41,No
Rule-Based AI v2 vs Rule-Based AI v2 (control),1524,,,800,Yes
Rule-Based AI v2 vs Rule-Based AI v2 (control),1525,1,rule_v2,10,No
Rule-Based AI v2 vs Rule-Based AI v2 (control),1526,2,rule_v2,47,No
Rule-Based AI v2 vs Rule-Based AI v2 (control),1527,3,rule_v2,32,No
Rule-Based AI v2 vs Rule-Based AI v2 (control),1528,1,rule_v2,6,No
Rule-Based AI v2 vs Rule-Based AI v2 (control),1529,,,800,Yes
Rule-Based AI v2 vs Rule-Based AI v2 (control),1530,2,rule_v2,27,No
Rule-Based AI v2 vs Rule-Based AI v2 (control),1531,0,rule_v2,37,No
Rule-Based AI v2 vs Rule-Based AI v2 (control),1532,3,rule_v2,36,No
Rule-Based AI v2 vs Rule-Based AI v2 (control),1533,2,rule_v2,15,No
Rule-Based AI v2 vs Rule-Based AI v2 (control),1534,,,800,Yes
Rule-Based AI v2 vs Rule-Based AI v2 (control),1535,1,rule_v2,38,No
Rule-Based AI v2 vs Rule-Based AI v2 (control),1536,,,800,Yes
Rule-Based AI v2 vs Rule-Based AI v2 (control),1537,2,rule_v2,27,No
Rule-Based AI v2 vs Rule-Based AI v2 (control),1538,3,rule_v2,48,No
Rule-Based AI v2 vs Rule-Based AI v2 (control),1539,,,800,Yes
Rule-Based AI v2 vs Rule-Based AI v2 (control),1540,2,rule_v2,27,No
Rule-Based AI v2 vs Rule-Based AI v2 (control),1541,0,rule_v2,33,No
Rule-Based AI v2 vs Rule-Based AI v2 (control),1542,3,rule_v2,36,No
Rule-Based AI v2 vs Rule-Based AI v2 (control),1543,0,rule_v2,17,No
Rule-Based AI v2 vs Rule-Based AI v2 (control),1544,2,rule_v2,11,No
Rule-Based AI v2 vs Rule-Based AI v2 (control),1545,0,rule_v2,21,No
Rule-Based AI v2 vs Rule-Based AI v2 (control),1546,2,rule_v2,39,No
Rule-Based AI v2 vs Rule-Based AI v2 (control),1547,0,rule_v2,41,No
Rule-Based AI v2 vs Rule-Based AI v2 (control),1548,,,800,Yes
Rule-Based AI v2 vs Rule-Based AI v2 (control),1549,1,rule_v2,14,No
Rule-Based AI v2 vs Rule-Based AI v2 (control),1550,0,rule_v2,37,No
Rule-Based AI v2 vs Rule-Based AI v2 (control),1551,1,rule_v2,38,No
Rule-Based AI v2 vs Rule-Based AI v2 (control),1552,3,rule_v2,16,No
Rule-Based AI v2 vs Rule-Based AI v2 (control),1553,0,rule_v2,37,No
Rule-Based AI v2 vs Rule-Based AI v2 (control),1554,3,rule_v2,24,No
Rule-Based AI v2 vs Rule-Based AI v2 (control),1555,1,rule_v2,42,No
Rule-Based AI v2 vs Rule-Based AI v2 (control),1556,2,rule_v2,43,No
Rule-Based AI v2 vs Rule-Based AI v2 (control),1557,3,rule_v2,24,No
Rule-Based AI v2 vs Rule-Based AI v2 (control),1558,1,rule_v2,30,No
Rule-Based AI v2 vs Rule-Based AI v2 (control),1559,2,rule_v2,27,No
Rule-Based AI v2 vs Rule-Based AI v2 (control),1560,,,800,Yes
Rule-Based AI v2 vs Rule-Based AI v2 (control),1561,1,rule_v2,34,No
Rule-Based AI v2 vs Rule-Based AI v2 (control),1562,,,800,Yes
Rule-Based AI v2 vs Rule-Based AI v2 (control),1563,2,rule_v2,23,No
Rule-Based AI v2 vs Rule-Based AI v2 (control),1564,3,rule_v2,24,No
Rule-Based AI v2 vs Rule-Based AI v2 (control),1565,2,rule_v2,27,No
Rule-Based AI v2 vs Rule-Based AI v2 (control),1566,2,rule_v2,35,No
Rule-Based AI v2 vs Rule-Based AI v2 (control),1567,3,rule_v2,28,No
Rule-Based AI v2 vs Rule-Based AI v2 (control),1568,,,800,Yes
Rule-Based AI v2 vs Rule-Based AI v2 (control),1569,1,rule_v2,26,No
Rule-Based AI v2 vs Rule-Based AI v2 (control),1570,0,rule_v2,5,No
Rule-Based AI v2 vs Rule-Based AI v2 (control),1571,1,rule_v2,22,No
Rule-Based AI v2 vs Rule-Based AI v2 (control),1572,,,800,Yes
Rule-Based AI v2 vs Rule-Based AI v2 (control),1573,0,rule_v2,45,No
Rule-Based AI v2 vs Rule-Based AI v2 (control),1574,,,800,Yes
Rule-Based AI v2 vs Rule-Based AI v2 (control),1575,1,rule_v2,46,No
Rule-Based AI v2 vs Rule-Based AI v2 (control),1576,,,800,Yes
Rule-Based AI v2 vs Rule-Based AI v2 (control),1577,2,rule_v2,31,No
Rule-Based AI v2 vs Rule-Based AI v2 (control),1578,1,rule_v2,42,No
Rule-Based AI v2 vs Rule-Based AI v2 (control),1579,0,rule_v2,21,No
Rule-Based AI v2 vs Rule-Based AI v2 (control),1580,0,rule_v2,45,No
Rule-Based AI v2 vs Rule-Based AI v2 (control),1581,2,rule_v2,27,No
Rule-Based AI v2 vs Rule-Based AI v2 (control),1582,2,rule_v2,23,No
Rule-Based AI v2 vs Rule-Based AI v2 (control),1583,2,rule_v2,47,No
Rule-Based AI v2 vs Rule-Based AI v2 (control),1584,,,800,Yes
Rule-Based AI v2 vs Rule-Based AI v2 (control),1585,0,rule_v2,17,No
Rule-Based AI v2 vs Rule-Based AI v2 (control),1586,0,rule_v2,37,No
Rule-Based AI v2 vs Rule-Based AI v2 (control),1587,3,rule_v2,40,No
Rule-Based AI v2 vs Rule-Based AI v2 (control),1588,1,rule_v2,42,No
Rule-Based AI v2 vs Rule-Based AI v2 (control),1589,,,800,Yes
Rule-Based AI v2 vs Rule-Based AI v2 (control),1590,3,rule_v2,40,No
Rule-Based AI v2 vs Rule-Based AI v2 (control),1591,1,rule_v2,34,No
Rule-Based AI v2 vs Rule-Based AI v2 (control),1592,1,rule_v2,46,No
Rule-Based AI v2 vs Rule-Based AI v2 (control),1593,,,800,Yes
Rule-Based AI v2 vs Rule-Based AI v2 (control),1594,2,rule_v2,39,No
Rule-Based AI v2 vs Rule-Based AI v2 (control),1595,2,rule_v2,19,No
Rule-Based AI v2 vs Rule-Based AI v2 (control),1596,2,rule_v2,15,No
Rule-Based AI v2 vs Rule-Based AI v2 (control),1597,1,rule_v2,38,No
Rule-Based AI v2 vs Rule-Based AI v2 (control),1598,0,rule_v2,17,No
Rule-Based AI v2 vs Rule-Based AI v2 (control),1599,,,800,Yes
Rule-Based AI v2 vs Rule-Based AI v2 (control),1600,,,800,Yes
Rule-Based AI v2 vs Rule-Based AI v2 (control),1601,3,rule_v2,16,No
Rule-Based AI v2 vs Rule-Based AI v2 (control),1602,0,rule_v2,21,No
Rule-Based AI v2 vs Rule-Based AI v2 (control),1603,2,rule_v2,23,No
Rule-Based AI v2 vs Rule-Based AI v2 (control),1604,,,800,Yes
Rule-Based AI v2 vs Rule-Based AI v2 (control),1605,1,rule_v2,18,No
Rule-Based AI v2 vs Rule-Based AI v2 (control),1606,,,800,Yes
Rule-Based AI v2 vs Rule-Based AI v2 (control),1607,3,rule_v2,36,No
Rule-Based AI v2 vs Rule-Based AI v2 (control),1608,3,rule_v2,8,No
Rule-Based AI v2 vs Rule-Based AI v2 (control),1609,3,rule_v2,40,No
Rule-Based AI v2 vs Rule-Based AI v2 (control),1610,2,rule_v2,23,No
Rule-Based AI v2 vs Rule-Based AI v2 (control),1611,3,rule_v2,36,No
Rule-Based AI v2 vs Rule-Based AI v2 (control),1612,,,800,Yes
Rule-Based AI v2 vs Rule-Based AI v2 (control),1613,3,rule_v2,20,No
Rule-Based AI v2 vs Rule-Based AI v2 (control),1614,2,rule_v2,35,No
Rule-Based AI v2 vs Rule-Based AI v2 (control),1615,2,rule_v2,27,No
Rule-Based AI v2 vs Rule-Based AI v2 (control),1616,0,rule_v2,21,No
Rule-Based AI v2 vs Rule-Based AI v2 (control),1617,2,rule_v2,43,No
Rule-Based AI v2 vs Rule-Based AI v2 (control),1618,3,rule_v2,28,No
Rule-Based AI v2 vs Rule-Based AI v2 (control),1619,0,rule_v2,33,No
Rule-Based AI v2 vs Rule-Based AI v2 (control),1620,0,rule_v2,45,No
Rule-Based AI v2 vs Rule-Based AI v2 (control),1621,,,800,Yes
Rule-Based AI v2 vs Rule-Based AI v2 (control),1622,3,rule_v2,24,No
Rule-Based AI v2 vs Rule-Based AI v2 (control),1623,,,800,Yes
Rule-Based AI v2 vs Rule-Based AI v2 (control),1624,2,rule_v2,27,No
Rule-Based AI v2 vs Rule-Based AI v2 (control),1625,,,800,Yes
Rule-Based AI v2 vs Rule-Based AI v2 (control),1626,1,rule_v2,18,No
Rule-Based AI v2 vs Rule-Based AI v2 (control),1627,0,rule_v2,13,No
Rule-Based AI v2 vs Rule-Based AI v2 (control),1628,1,rule_v2,42,No
Rule-Based AI v2 vs Rule-Based AI v2 (control),1629,3,rule_v2,24,No
Rule-Based AI v2 vs Rule-Based AI v2 (control),1630,,,800,Yes
Rule-Based AI v2 vs Rule-Based AI v2 (control),1631,1,rule_v2,38,No
Rule-Based AI v2 vs Rule-Based AI v2 (control),1632,,,800,Yes
Rule-Based AI v2 vs Rule-Based AI v2 (control),1633,0,rule_v2,5,No
Rule-Based AI v2 vs Rule-Based AI v2 (control),1634,0,rule_v2,45,No
Rule-Based AI v2 vs Rule-Based AI v2 (control),1635,0,rule_v2,37,No
Rule-Based AI v2 vs Rule-Based AI v2 (control),1636,0,rule_v2,37,No
Rule-Based AI v2 vs Rule-Based AI v2 (control),1637,2,rule_v2,15,No
Rule-Based AI v2 vs Rule-Based AI v2 (control),1638,,,800,Yes
Rule-Based AI v2 vs Rule-Based AI v2 (control),1639,1,rule_v2,6,No
Rule-Based AI v2 vs Rule-Based AI v2 (control),1640,2,rule_v2,43,No
Rule-Based AI v2 vs Rule-Based AI v2 (control),1641,,,800,Yes
Rule-Based AI v2 vs Rule-Based AI v2 (control),1642,0,rule_v2,29,No
Rule-Based AI v2 vs Rule-Based AI v2 (control),1643,,,800,Yes
Rule-Based AI v2 vs Rule-Based AI v2 (control),1644,2,rule_v2,23,No
Rule-Based AI v2 vs Rule-Based AI v2 (control),1645,,,800,Yes
Rule-Based AI v2 vs Rule-Based AI v2 (control),1646,1,rule_v2,46,No
Rule-Based AI v2 vs Rule-Based AI v2 (control),1647,,,800,Yes
Rule-Based AI v2 vs Rule-Based AI v2 (control),1648,,,800,Yes
Rule-Based AI v2 vs Rule-Based AI v2 (control),1649,1,rule_v2,38,No
Rule-Based AI v2 vs Rule-Based AI v2 (control),1650,1,rule_v2,26,No
Rule-Based AI v2 vs Rule-Based AI v2 (control),1651,3,rule_v2,36,No
Rule-Based AI v2 vs Rule-Based AI v2 (control),1652,2,rule_v2,47,No
Rule-Based AI v2 vs Rule-Based AI v2 (control),1653,,,800,Yes
Rule-Based AI v2 vs Rule-Based AI v2 (control),1654,,,800,Yes
Rule-Based AI v2 vs Rule-Based AI v2 (control),1655,2,rule_v2,11,No
Rule-Based AI v2 vs Rule-Based AI v2 (control),1656,2,rule_v2,11,No
Rule-Based AI v2 vs Rule-Based AI v2 (control),1657,0,rule_v2,25,No
Rule-Based AI v2 vs Rule-Based AI v2 (control),1658,2,rule_v2,23,No
Rule-Based AI v2 vs Rule-Based AI v2 (control),1659,0,rule_v2,33,No
Rule-Based AI v2 vs Rule-Based AI v2 (control),1660,,,800,Yes
Rule-Based AI v2 vs Rule-Based AI v2 (control),1661,0,rule_v2,29,No
Rule-Based AI v2 vs Rule-Based AI v2 (control),1662,1,rule_v2,18,No
Rule-Based AI v2 vs Rule-Based AI v2 (control),1663,0,rule_v2,13,No
Rule-Based AI v2 vs Rule-Based AI v2 (control),1664,1,rule_v2,38,No
Rule-Based AI v2 vs Rule-Based AI v2 (control),1665,3,rule_v2,20,No
Rule-Based AI v2 vs Rule-Based AI v2 (control),1666,0,rule_v2,17,No
Rule-Based AI v2 vs Rule-Based AI v2 (control),1667,2,rule_v2,27,No
Rule-Based AI v2 vs Rule-Based AI v2 (control),1668,1,rule_v2,34,No
Rule-Based AI v2 vs Rule-Based AI v2 (control),1669,0,rule_v2,37,No
Rule-Based AI v2 vs Rule-Based AI v2 (control),1670,2,rule_v2,7,No
Rule-Based AI v2 vs Rule-Based AI v2 (control),1671,1,rule_v2,26,No
Rule-Based AI v2 vs Rule-Based AI v2 (control),1672,3,rule_v2,16,No
Rule-Based AI v2 vs Rule-Based AI v2 (control),1673,2,rule_v2,39,No
Rule-Based AI v2 vs Rule-Based AI v2 (control),1674,,,800,Yes
Rule-Based AI v2 vs Rule-Based AI v2 (control),1675,2,rule_v2,27,No
Rule-Based AI v2 vs Rule-Based AI v2 (control),1676,3,rule_v2,44,No
Rule-Based AI v2 vs Rule-Based AI v2 (control),1677,,,800,Yes
Rule-Based AI v2 vs Rule-Based AI v2 (control),1678,,,800,Yes
Rule-Based AI v2 vs Rule-Based AI v2 (control),1679,2,rule_v2,31,No
Rule-Based AI v2 vs Rule-Based AI v2 (control),1680,1,rule_v2,34,No
Rule-Based AI v2 vs Rule-Based AI v2 (control),1681,2,rule_v2,35,No
Rule-Based AI v2 vs Rule-Based AI v2 (control),1682,1,rule_v2,34,No
Rule-Based AI v2 vs Rule-Based AI v2 (control),1683,,,800,Yes
Rule-Based AI v2 vs Rule-Based AI v2 (control),1684,,,800,Yes
Rule-Based AI v2 vs Rule-Based AI v2 (control),1685,0,rule_v2,21,No
Rule-Based AI v2 vs Rule-Based AI v2 (control),1686,3,rule_v2,40,No
Rule-Based AI v2 vs Rule-Based AI v2 (control),1687,0,rule_v2,21,No
Rule-Based AI v2 vs Rule-Based AI v2 (control),1688,3,rule_v2,12,No
Rule-Based AI v2 vs Rule-Based AI v2 (control),1689,2,rule_v2,39,No
Rule-Based AI v2 vs Rule-Based AI v2 (control),1690,0,rule_v2,17,No
Rule-Based AI v2 vs Rule-Based AI v2 (control),1691,,,800,Yes
Rule-Based AI v2 vs Rule-Based AI v2 (control),1692,,,800,Yes
Rule-Based AI v2 vs Rule-Based AI v2 (control),1693,,,800,Yes
Rule-Based AI v2 vs Rule-Based AI v2 (control),1694,3,rule_v2,36,No
Rule-Based AI v2 vs Rule-Based AI v2 (control),1695,3,rule_v2,16,No
Rule-Based AI v2 vs Rule-Based AI v2 (control),1696,0,rule_v2,37,No
Rule-Based AI v2 vs Rule-Based AI v2 (control),1697,3,rule_v2,32,No
Rule-Based AI v2 vs Rule-Based AI v2 (control),1698,3,rule_v2,28,No
Rule-Based AI v2 vs Rule-Based AI v2 (control),1699,,,800,Yes
Rule-Based AI v2 vs Rule-Based AI v2 (control),1700,,,800,Yes
Rule-Based AI v2 vs Rule-Based AI v2 (control),1701,,,800,Yes
Rule-Based AI v2 vs Rule-Based AI v2 (control),1702,,,800,Yes
Rule-Based AI v2 vs Rule-Based AI v2 (control),1703,2,rule_v2,39,No
Rule-Based AI v2 vs Rule-Based AI v2 (control),1704,0,rule_v2,33,No
Rule-Based AI v2 vs Rule-Based AI v2 (control),1705,1,rule_v2,10,No
Rule-Based AI v2 vs Rule-Based AI v2 (control),1706,,,800,Yes
Rule-Based AI v2 vs Rule-Based AI v2 (control),1707,,,800,Yes
Rule-Based AI v2 vs Rule-Based AI v2 (control),1708,0,rule_v2,17,No
Rule-Based AI v2 vs Rule-Based AI v2 (control),1709,1,rule_v2,18,No
Rule-Based AI v2 vs Rule-Based AI v2 (control),1710,2,rule_v2,23,No
Rule-Based AI v2 vs Rule-Based AI v2 (control),1711,,,800,Yes
Rule-Based AI v2 vs Rule-Based AI v2 (control),1712,,,800,Yes
Rule-Based AI v2 vs Rule-Based AI v2 (control),1713,0,rule_v2,17,No
Rule-Based AI v2 vs Rule-Based AI v2 (control),1714,3,rule_v2,40,No
Rule-Based AI v2 vs Rule-Based AI v2 (control),1715,0,rule_v2,33,No
Rule-Based AI v2 vs Rule-Based AI v2 (control),1716,0,rule_v2,25,No
Rule-Based AI v2 vs Rule-Based AI v2 (control),1717,,,800,Yes
Rule-Based AI v2 vs Rule-Based AI v2 (control),1718,3,rule_v2,28,No
Rule-Based AI v2 vs Rule-Based AI v2 (control),1719,2,rule_v2,23,No
Rule-Based AI v2 vs Rule-Based AI v2 (control),1720,1,rule_v2,42,No
Rule-Based AI v2 vs Rule-Based AI v2 (control),1721,,,800,Yes
Rule-Based AI v2 vs Rule-Based AI v2 (control),1722,,,800,Yes
Rule-Based AI v2 vs Rule-Based AI v2 (control),1723,,,800,Yes
Rule-Based AI v2 vs Rule-Based AI v2 (control),1724,,,800,Yes
Rule-Based AI v2 vs Rule-Based AI v2 (control),1725,1,rule_v2,26,No
Rule-Based AI v2 vs Rule-Based AI v2 (control),1726,,,800,Yes
Rule-Based AI v2 vs Rule-Based AI v2 (control),1727,,,800,Yes
Rule-Based AI v2 vs Rule-Based AI v2 (control),1728,,,800,Yes
Rule-Based AI v2 vs Rule-Based AI v2 (control),1729,2,rule_v2,27,No
Rule-Based AI v2 vs Rule-Based AI v2 (control),1730,,,800,Yes
Rule-Based AI v2 vs Rule-Based AI v2 (control),1731,0,rule_v2,29,No
Rule-Based AI v2 vs Rule-Based AI v2 (control),1732,,,800,Yes
Rule-Based AI v2 vs Rule-Based AI v2 (control),1733,0,rule_v2,37,No
Rule-Based AI v2 vs Rule-Based AI v2 (control),1734,0,rule_v2,21,No
Rule-Based AI v2 vs Rule-Based AI v2 (control),1735,3,rule_v2,24,No
Rule-Based AI v2 vs Rule-Based AI v2 (control),1736,,,800,Yes
Rule-Based AI v2 vs Rule-Based AI v2 (control),1737,0,rule_v2,21,No
Rule-Based AI v2 vs Rule-Based AI v2 (control),1738,0,rule_v2,25,No
Rule-Based AI v2 vs Rule-Based AI v2 (control),1739,,,800,Yes
Rule-Based AI v2 vs Rule-Based AI v2 (control),1740,,,800,Yes
Rule-Based AI v2 vs Rule-Based AI v2 (control),1741,,,800,Yes
Rule-Based AI v2 vs Rule-Based AI v2 (control),1742,2,rule_v2,35,No
Rule-Based AI v2 vs Rule-Based AI v2 (control),1743,0,rule_v2,45,No
Rule-Based AI v2 vs Rule-Based AI v2 (control),1744,0,rule_v2,29,No
Rule-Based AI v2 vs Rule-Based AI v2 (control),1745,1,rule_v2,30,No
Rule-Based AI v2 vs Rule-Based AI v2 (control),1746,,,800,Yes
Rule-Based AI v2 vs Rule-Based AI v2 (control),1747,1,rule_v2,38,No
Rule-Based AI v2 vs Rule-Based AI v2 (control),1748,,,800,Yes
Rule-Based AI v2 vs Rule-Based AI v2 (control),1749,,,800,Yes
Rule-Based AI v2 vs Rule-Based AI v2 (control),1750,,,800,Yes
Rule-Based AI v2 vs Rule-Based AI v2 (control),1751,0,rule_v2,33,No
Rule-Based AI v2 vs Rule-Based AI v2 (control),1752,1,rule_v2,18,No
Rule-Based AI v2 vs Rule-Based AI v2 (control),1753,1,rule_v2,46,No
Rule-Based AI v2 vs Rule-Based AI v2 (control),1754,3,rule_v2,28,No
Rule-Based AI v2 vs Rule-Based AI v2 (control),1755,,,800,Yes
Rule-Based AI v2 vs Rule-Based AI v2 (control),1756,1,rule_v2,34,No
Rule-Based AI v2 vs Rule-Based AI v2 (control),1757,3,rule_v2,36,No
Rule-Based AI v2 vs Rule-Based AI v2 (control),1758,,,800,Yes
Rule-Based AI v2 vs Rule-Based AI v2 (control),1759,,,800,Yes
Rule-Based AI v2 vs Rule-Based AI v2 (control),1760,1,rule_v2,10,No
Rule-Based AI v2 vs Rule-Based AI v2 (control),1761,3,rule_v2,48,No
Rule-Based AI v2 vs Rule-Based AI v2 (control),1762,1,rule_v2,30,No
Rule-Based AI v2 vs Rule-Based AI v2 (control),1763,,,800,Yes
Rule-Based AI v2 vs Rule-Based AI v2 (control),1764,0,rule_v2,21,No
Rule-Based AI v2 vs Rule-Based AI v2 (control),1765,1,rule_v2,6,No
Rule-Based AI v2 vs Rule-Based AI v2 (control),1766,1,rule_v2,30,No
Rule-Based AI v2 vs Rule-Based AI v2 (control),1767,0,rule_v2,13,No
Rule-Based AI v2 vs Rule-Based AI v2 (control),1768,,,800,Yes
Rule-Based AI v2 vs Rule-Based AI v2 (control),1769,,,800,Yes
Rule-Based AI v2 vs Rule-Based AI v2 (control),1770,2,rule_v2,19,No
Rule-Based AI v2 vs Rule-Based AI v2 (control),1771,,,800,Yes
Rule-Based AI v2 vs Rule-Based AI v2 (control),1772,1,rule_v2,38,No
Rule-Based AI v2 vs Rule-Based AI v2 (control),1773,3,rule_v2,44,No
Rule-Based AI v2 vs Rule-Based AI v2 (control),1774,,,800,Yes
Rule-Based AI v2 vs Rule-Based AI v2 (control),1775,1,rule_v2,18,No
Rule-Based AI v2 vs Rule-Based AI v2 (control),1776,2,rule_v2,19,No
Rule-Based AI v2 vs Rule-Based AI v2 (control),1777,0,rule_v2,45,No
Rule-Based AI v2 vs Rule-Based AI v2 (control),1778,3,rule_v2,40,No
Rule-Based AI v2 vs Rule-Based AI v2 (control),1779,,,800,Yes
Rule-Based AI v2 vs Rule-Based AI v2 (control),1780,1,rule_v2,38,No
Rule-Based AI v2 vs Rule-Based AI v2 (control),1781,,,800,Yes
Rule-Based AI v2 vs Rule-Based AI v2 (control),1782,3,rule_v2,20,No
Rule-Based AI v2 vs Rule-Based AI v2 (control),1783,1,rule_v2,26,No
Rule-Based AI v2 vs Rule-Based AI v2 (control),1784,,,800,Yes
Rule-Based AI v2 vs Rule-Based AI v2 (control),1785,1,rule_v2,34,No
Rule-Based AI v2 vs Rule-Based AI v2 (control),1786,,,800,Yes
Rule-Based AI v2 vs Rule-Based AI v2 (control),1787,1,rule_v2,42,No
Rule-Based AI v2 vs Rule-Based AI v2 (control),1788,1,rule_v2,46,No
Rule-Based AI v2 vs Rule-Based AI v2 (control),1789,2,rule_v2,39,No
Rule-Based AI v2 vs Rule-Based AI v2 (control),1790,,,800,Yes
Rule-Based AI v2 vs Rule-Based AI v2 (control),1791,1,rule_v2,34,No
Rule-Based AI v2 vs Rule-Based AI v2 (control),1792,3,rule_v2,28,No
Rule-Based AI v2 vs Rule-Based AI v2 (control),1793,0,rule_v2,41,No
Rule-Based AI v2 vs Rule-Based AI v2 (control),1794,0,rule_v2,29,No
Rule-Based AI v2 vs Rule-Based AI v2 (control),1795,1,rule_v2,6,No
Rule-Based AI v2 vs Rule-Based AI v2 (control),1796,0,rule_v2,17,No
Rule-Based AI v2 vs Rule-Based AI v2 (control),1797,2,rule_v2,11,No
Rule-Based AI v2 vs Rule-Based AI v2 (control),1798,,,800,Yes
Rule-Based AI v2 vs Rule-Based AI v2 (control),1799,1,rule_v2,18,No
Rule-Based AI v2 vs Rule-Based AI v2 (control),1800,1,rule_v2,30,No
Rule-Based AI v2 vs Rule-Based AI v2 (control),1801,1,rule_v2,38,No
Rule-Based AI v2 vs Rule-Based AI v2 (control),1802,3,rule_v2,24,No
Rule-Based AI v2 vs Rule-Based AI v2 (control),1803,3,rule_v2,28,No
Rule-Based AI v2 vs Rule-Based AI v2 (control),1804,3,rule_v2,44,No
Rule-Based AI v2 vs Rule-Based AI v2 (control),1805,3,rule_v2,28,No
Rule-Based AI v2 vs Rule-Based AI v2 (control),1806,0,rule_v2,37,No
Rule-Based AI v2 vs Rule-Based AI v2 (control),1807,1,rule_v2,34,No
Rule-Based AI v2 vs Rule-Based AI v2 (control),1808,2,rule_v2,31,No
Rule-Based AI v2 vs Rule-Based AI v2 (control),1809,3,rule_v2,44,No
Rule-Based AI v2 vs Rule-Based AI v2 (control),1810,1,rule_v2,22,No
Rule-Based AI v2 vs Rule-Based AI v2 (control),1811,2,rule_v2,15,No
Rule-Based AI v2 vs Rule-Based AI v2 (control),1812,,,800,Yes
Rule-Based AI v2 vs Rule-Based AI v2 (control),1813,,,800,Yes
Rule-Based AI v2 vs Rule-Based AI v2 (control),1814,1,rule_v2,30,No
Rule-Based AI v2 vs Rule-Based AI v2 (control),1815,0,rule_v2,13,No
Rule-Based AI v2 vs Rule-Based AI v2 (control),1816,3,rule_v2,32,No
Rule-Based AI v2 vs Rule-Based AI v2 (control),1817,3,rule_v2,24,No
Rule-Based AI v2 vs Rule-Based AI v2 (control),1818,3,rule_v2,36,No
Rule-Based AI v2 vs Rule-Based AI v2 (control),1819,3,rule_v2,28,No
Rule-Based AI v2 vs Rule-Based AI v2 (control),1820,0,rule_v2,13,No
Rule-Based AI v2 vs Rule-Based AI v2 (control),1821,,,800,Yes
Rule-Based AI v2 vs Rule-Based AI v2 (control),1822,,,800,Yes
Rule-Based AI v2 vs Rule-Based AI v2 (control),1823,2,rule_v2,23,No
Rule-Based AI v2 vs Rule-Based AI v2 (control),1824,1,rule_v2,26,No
Rule-Based AI v2 vs Rule-Based AI v2 (control),1825,1,rule_v2,18,No
Rule-Based AI v2 vs Rule-Based AI v2 (control),1826,3,rule_v2,24,No
Rule-Based AI v2 vs Rule-Based AI v2 (control),1827,2,rule_v2,31,No
Rule-Based AI v2 vs Rule-Based AI v2 (control),1828,1,rule_v2,10,No
Rule-Based AI v2 vs Rule-Based AI v2 (control),1829,,,800,Yes
Rule-Based AI v2 vs Rule-Based AI v2 (control),1830,,,800,Yes
Rule-Based AI v2 vs Rule-Based AI v2 (control),1831,2,rule_v2,15,No
Rule-Based AI v2 vs Rule-Based AI v2 (control),1832,0,rule_v2,33,No
Rule-Based AI v2 vs Rule-Based AI v2 (control),1833,0,rule_v2,17,No
Rule-Based AI v2 vs Rule-Based AI v2 (control),1834,3,rule_v2,16,No
Rule-Based AI v2 vs Rule-Based AI v2 (control),1835,,,800,Yes
Rule-Based AI v2 vs Rule-Based AI v2 (control),1836,1,rule_v2,26,No
Rule-Based AI v2 vs Rule-Based AI v2 (control),1837,,,800,Yes
Rule-Based AI v2 vs Rule-Based AI v2 (control),1838,3,rule_v2,40,No
Rule-Based AI v2 vs Rule-Based AI v2 (control),1839,3,rule_v2,24,No
Rule-Based AI v2 vs Rule-Based AI v2 (control),1840,,,800,Yes
Rule-Based AI v2 vs Rule-Based AI v2 (control),1841,,,800,Yes
Rule-Based AI v2 vs Rule-Based AI v2 (control),1842,0,rule_v2,37,No
Rule-Based AI v2 vs Rule-Based AI v2 (control),1843,,,800,Yes
Rule-Based AI v2 vs Rule-Based AI v2 (control),1844,0,rule_v2,45,No
Rule-Based AI v2 vs Rule-Based AI v2 (control),1845,1,rule_v2,18,No
Rule-Based AI v2 vs Rule-Based AI v2 (control),1846,2,rule_v2,15,No
Rule-Based AI v2 vs Rule-Based AI v2 (control),1847,1,rule_v2,34,No
Rule-Based AI v2 vs Rule-Based AI v2 (control),1848,,,800,Yes
Rule-Based AI v2 vs Rule-Based AI v2 (control),1849,3,rule_v2,36,No
Rule-Based AI v2 vs Rule-Based AI v2 (control),1850,,,800,Yes
Rule-Based AI v2 vs Rule-Based AI v2 (control),1851,,,800,Yes
Rule-Based AI v2 vs Rule-Based AI v2 (control),1852,,,800,Yes
Rule-Based AI v2 vs Rule-Based AI v2 (control),1853,,,800,Yes
Rule-Based AI v2 vs Rule-Based AI v2 (control),1854,3,rule_v2,40,No
Rule-Based AI v2 vs Rule-Based AI v2 (control),1855,1,rule_v2,10,No
Rule-Based AI v2 vs Rule-Based AI v2 (control),1856,1,rule_v2,38,No
Rule-Based AI v2 vs Rule-Based AI v2 (control),1857,,,800,Yes
Rule-Based AI v2 vs Rule-Based AI v2 (control),1858,2,rule_v2,15,No
Rule-Based AI v2 vs Rule-Based AI v2 (control),1859,,,800,Yes
Rule-Based AI v2 vs Rule-Based AI v2 (control),1860,3,rule_v2,20,No
Rule-Based AI v2 vs Rule-Based AI v2 (control),1861,,,800,Yes
Rule-Based AI v2 vs Rule-Based AI v2 (control),1862,0,rule_v2,9,No
Rule-Based AI v2 vs Rule-Based AI v2 (control),1863,2,rule_v2,19,No
Rule-Based AI v2 vs Rule-Based AI v2 (control),1864,2,rule_v2,43,No
Rule-Based AI v2 vs Rule-Based AI v2 (control),1865,0,rule_v2,29,No
Rule-Based AI v2 vs Rule-Based AI v2 (control),1866,1,rule_v2,34,No
Rule-Based AI v2 vs Rule-Based AI v2 (control),1867,,,800,Yes
Rule-Based AI v2 vs Rule-Based AI v2 (control),1868,,,800,Yes
Rule-Based AI v2 vs Rule-Based AI v2 (control),1869,,,800,Yes
Rule-Based AI v2 vs Rule-Based AI v2 (control),1870,,,800,Yes
Rule-Based AI v2 vs Rule-Based AI v2 (control),1871,2,rule_v2,47,No
Rule-Based AI v2 vs Rule-Based AI v2 (control),1872,2,rule_v2,19,No
Rule-Based AI v2 vs Rule-Based AI v2 (control),1873,,,800,Yes
Rule-Based AI v2 vs Rule-Based AI v2 (control),1874,,,800,Yes
Rule-Based AI v2 vs Rule-Based AI v2 (control),1875,3,rule_v2,28,No
Rule-Based AI v2 vs Rule-Based AI v2 (control),1876,1,rule_v2,10,No
Rule-Based AI v2 vs Rule-Based AI v2 (control),1877,2,rule_v2,31,No
Rule-Based AI v2 vs Rule-Based AI v2 (control),1878,,,800,Yes
Rule-Based AI v2 vs Rule-Based AI v2 (control),1879,,,800,Yes
Rule-Based AI v2 vs Rule-Based AI v2 (control),1880,3,rule_v2,32,No
Rule-Based AI v2 vs Rule-Based AI v2 (control),1881,,,800,Yes
Rule-Based AI v2 vs Rule-Based AI v2 (control),1882,,,800,Yes
Rule-Based AI v2 vs Rule-Based AI v2 (control),1883,2,rule_v2,31,No
Rule-Based AI v2 vs Rule-Based AI v2 (control),1884,0,rule_v2,41,No
Rule-Based AI v2 vs Rule-Based AI v2 (control),1885,1,rule_v2,34,No
Rule-Based AI v2 vs Rule-Based AI v2 (control),1886,,,800,Yes
Rule-Based AI v2 vs Rule-Based AI v2 (control),1887,0,rule_v2,17,No
Rule-Based AI v2 vs Rule-Based AI v2 (control),1888,3,rule_v2,44,No
Rule-Based AI v2 vs Rule-Based AI v2 (control),1889,0,rule_v2,21,No
Rule-Based AI v2 vs Rule-Based AI v2 (control),1890,2,rule_v2,27,No
Rule-Based AI v2 vs Rule-Based AI v2 (control),1891,,,800,Yes
Rule-Based AI v2 vs Rule-Based AI v2 (control),1892,1,rule_v2,10,No
Rule-Based AI v2 vs Rule-Based AI v2 (control),1893,1,rule_v2,26,No
Rule-Based AI v2 vs Rule-Based AI v2 (control),1894,,,800,Yes
Rule-Based AI v2 vs Rule-Based AI v2 (control),1895,0,rule_v2,33,No
Rule-Based AI v2 vs Rule-Based AI v2 (control),1896,0,rule_v2,9,No
Rule-Based AI v2 vs Rule-Based AI v2 (control),1897,0,rule_v2,21,No
Rule-Based AI v2 vs Rule-Based AI v2 (control),1898,,,800,Yes
Rule-Based AI v2 vs Rule-Based AI v2 (control),1899,2,rule_v2,35,No
Rule-Based AI v2 vs Rule-Based AI v2 (control),1900,2,rule_v2,19,No
Rule-Based AI v2 vs Rule-Based AI v2 (control),1901,0,rule_v2,45,No
Rule-Based AI v2 vs Rule-Based AI v2 (control),1902,0,rule_v2,37,No
Rule-Based AI v2 vs Rule-Based AI v2 (control),1903,1,rule_v2,30,No
Rule-Based AI v2 vs Rule-Based AI v2 (control),1904,0,rule_v2,17,No
Rule-Based AI v2 vs Rule-Based AI v2 (control),1905,2,rule_v2,35,No
Rule-Based AI v2 vs Rule-Based AI v2 (control),1906,3,rule_v2,28,No
Rule-Based AI v2 vs Rule-Based AI v2 (control),1907,,,800,Yes
Rule-Based AI v2 vs Rule-Based AI v2 (control),1908,,,800,Yes
Rule-Based AI v2 vs Rule-Based AI v2 (control),1909,1,rule_v2,26,No
Rule-Based AI v2 vs Rule-Based AI v2 (control),1910,,,800,Yes
Rule-Based AI v2 vs Rule-Based AI v2 (control),1911,3,rule_v2,16,No
Rule-Based AI v2 vs Rule-Based AI v2 (control),1912,1,rule_v2,18,No
Rule-Based AI v2 vs Rule-Based AI v2 (control),1913,,,800,Yes
Rule-Based AI v2 vs Rule-Based AI v2 (control),1914,2,rule_v2,27,No
Rule-Based AI v2 vs Rule-Based AI v2 (control),1915,2,rule_v2,27,No
Rule-Based AI v2 vs Rule-Based AI v2 (control),1916,2,rule_v2,47,No
Rule-Based AI v2 vs Rule-Based AI v2 (control),1917,,,800,Yes
Rule-Based AI v2 vs Rule-Based AI v2 (control),1918,1,rule_v2,2,No
Rule-Based AI v2 vs Rule-Based AI v2 (control),1919,1,rule_v2,38,No
Rule-Based AI v2 vs Rule-Based AI v2 (control),1920,1,rule_v2,18,No
Rule-Based AI v2 vs Rule-Based AI v2 (control),1921,2,rule_v2,23,No
Rule-Based AI v2 vs Rule-Based AI v2 (control),1922,2,rule_v2,27,No
Rule-Based AI v2 vs Rule-Based AI v2 (control),1923,1,rule_v2,38,No
Rule-Based AI v2 vs Rule-Based AI v2 (control),1924,2,rule_v2,27,No
Rule-Based AI v2 vs Rule-Based AI v2 (control),1925,1,rule_v2,26,No
Rule-Based AI v2 vs Rule-Based AI v2 (control),1926,3,rule_v2,20,No
Rule-Based AI v2 vs Rule-Based AI v2 (control),1927,,,800,Yes
Rule-Based AI v2 vs Rule-Based AI v2 (control),1928,1,rule_v2,30,No
Rule-Based AI v2 vs Rule-Based AI v2 (control),1929,,,800,Yes
Rule-Based AI v2 vs Rule-Based AI v2 (control),1930,,,800,Yes
Rule-Based AI v2 vs Rule-Based AI v2 (control),1931,,,800,Yes
Rule-Based AI v2 vs Rule-Based AI v2 (control),1932,0,rule_v2,25,No
Rule-Based AI v2 vs Rule-Based AI v2 (control),1933,,,800,Yes
Rule-Based AI v2 vs Rule-Based AI v2 (control),1934,2,rule_v2,23,No
Rule-Based AI v2 vs Rule-Based AI v2 (control),1935,0,rule_v2,41,No
Rule-Based AI v2 vs Rule-Based AI v2 (control),1936,0,rule_v2,33,No
Rule-Based AI v2 vs Rule-Based AI v2 (control),1937,3,rule_v2,40,No
Rule-Based AI v2 vs Rule-Based AI v2 (control),1938,1,rule_v2,10,No
Rule-Based AI v2 vs Rule-Based AI v2 (control),1939,0,rule_v2,29,No
Rule-Based AI v2 vs Rule-Based AI v2 (control),1940,1,rule_v2,10,No
Rule-Based AI v2 vs Rule-Based AI v2 (control),1941,1,rule_v2,26,No
Rule-Based AI v2 vs Rule-Based AI v2 (control),1942,0,rule_v2,13,No
Rule-Based AI v2 vs Rule-Based AI v2 (control),1943,0,rule_v2,45,No
Rule-Based AI v2 vs Rule-Based AI v2 (control),1944,2,rule_v2,27,No
Rule-Based AI v2 vs Rule-Based AI v2 (control),1945,3,rule_v2,24,No
Rule-Based AI v2 vs Rule-Based AI v2 (control),1946,2,rule_v2,43,No
Rule-Based AI v2 vs Rule-Based AI v2 (control),1947,0,rule_v2,17,No
Rule-Based AI v2 vs Rule-Based AI v2 (control),1948,,,800,Yes
Rule-Based AI v2 vs Rule-Based AI v2 (control),1949,0,rule_v2,41,No
Rule-Based AI v2 vs Rule-Based AI v2 (control),1950,0,rule_v2,21,No
Rule-Based AI v2 vs Rule-Based AI v2 (control),1951,2,rule_v2,39,No
Rule-Based AI v2 vs Rule-Based AI v2 (control),1952,,,800,Yes
Rule-Based AI v2 vs Rule-Based AI v2 (control),1953,0,rule_v2,45,No
Rule-Based AI v2 vs Rule-Based AI v2 (control),1954,2,rule_v2,47,No
Rule-Based AI v2 vs Rule-Based AI v2 (control),1955,1,rule_v2,30,No
Rule-Based AI v2 vs Rule-Based AI v2 (control),1956,,,800,Yes
Rule-Based AI v2 vs Rule-Based AI v2 (control),1957,2,rule_v2,15,No
Rule-Based AI v2 vs Rule-Based AI v2 (control),1958,,,800,Yes
Rule-Based AI v2 vs Rule-Based AI v2 (control),1959,,,800,Yes
Rule-Based AI v2 vs Rule-Based AI v2 (control),1960,3,rule_v2,32,No
Rule-Based AI v2 vs Rule-Based AI v2 (control),1961,2,rule_v2,35,No
Rule-Based AI v2 vs Rule-Based AI v2 (control),1962,0,rule_v2,33,No
Rule-Based AI v2 vs Rule-Based AI v2 (control),1963,3,rule_v2,28,No
Rule-Based AI v2 vs Rule-Based AI v2 (control),1964,,,800,Yes
Rule-Based AI v2 vs Rule-Based AI v2 (control),1965,,,800,Yes
Rule-Based AI v2 vs Rule-Based AI v2 (control),1966,0,rule_v2,17,No
Rule-Based AI v2 vs Rule-Based AI v2 (control),1967,,,800,Yes
Rule-Based AI v2 vs Rule-Based AI v2 (control),1968,2,rule_v2,35,No
Rule-Based AI v2 vs Rule-Based AI v2 (control),1969,2,rule_v2,43,No
Rule-Based AI v2 vs Rule-Based AI v2 (control),1970,,,800,Yes
Rule-Based AI v2 vs Rule-Based AI v2 (control),1971,,,800,Yes
Rule-Based AI v2 vs Rule-Based AI v2 (control),1972,1,rule_v2,18,No
Rule-Based AI v2 vs Rule-Based AI v2 (control),1973,1,rule_v2,46,No
Rule-Based AI v2 vs Rule-Based AI v2 (control),1974,,,800,Yes
Rule-Based AI v2 vs Rule-Based AI v2 (control),1975,3,rule_v2,28,No
Rule-Based AI v2 vs Rule-Based AI v2 (control),1976,2,rule_v2,31,No
Rule-Based AI v2 vs Rule-Based AI v2 (control),1977,,,800,Yes
Rule-Based AI v2 vs Rule-Based AI v2 (control),1978,1,rule_v2,42,No
Rule-Based AI v2 vs Rule-Based AI v2 (control),1979,1,rule_v2,34,No
Rule-Based AI v2 vs Rule-Based AI v2 (control),1980,1,rule_v2,38,No
Rule-Based AI v2 vs Rule-Based AI v2 (control),1981,,,800,Yes
Rule-Based AI v2 vs Rule-Based AI v2 (control),1982,2,rule_v2,39,No
Rule-Based AI v2 vs Rule-Based AI v2 (control),1983,,,800,Yes
Rule-Based AI v2 vs Rule-Based AI v2 (control),1984,3,rule_v2,32,No
Rule-Based AI v2 vs Rule-Based AI v2 (control),1985,,,800,Yes
Rule-Based AI v2 vs Rule-Based AI v2 (control),1986,,,800,Yes
Rule-Based AI v2 vs Rule-Based AI v2 (control),1987,,,800,Yes
Rule-Based AI v2 vs Rule-Based AI v2 (control),1988,3,rule_v2,40,No
Rule-Based AI v2 vs Rule-Based AI v2 (control),1989,0,rule_v2,29,No
Rule-Based AI v2 vs Rule-Based AI v2 (control),1990,1,rule_v2,46,No
Rule-Based AI v2 vs Rule-Based AI v2 (control),1991,,,800,Yes
Rule-Based AI v2 vs Rule-Based AI v2 (control),1992,0,rule_v2,13,No
Rule-Based AI v2 vs Rule-Based AI v2 (control),1993,1,rule_v2,38,No
Rule-Based AI v2 vs Rule-Based AI v2 (control),1994,3,rule_v2,24,No
Rule-Based AI v2 vs Rule-Based AI v2 (control),1995,3,rule_v2,44,No
Rule-Based AI v2 vs Rule-Based AI v2 (control),1996,0,rule_v2,13,No
Rule-Based AI v2 vs Rule-Based AI v2 (control),1997,1,rule_v2,38,No
Rule-Based AI v2 vs Rule-Based AI v2 (control),1998,3,rule_v2,40,No
Rule-Based AI v2 vs Rule-Based AI v2 (control),1999,0,rule_v2,41,No
Rule-Based AI v2 vs Rule-Based AI v2 (control),2000,,,800,Yes